story,urn
"The electric vehicle (EV) surge is changing the automotive industry as we know
it. You see more and more of these sleek, sustainable, high-tech marvels but
did you know that the finished car that you will drive home, as well as the
parts and raw materials that make it possible, get to market on CN trains?

CN has long been a mover of steel, aluminum, and other natural resources used
to make vehicles. As global automotive producers race to meet the growing
consumer demand for electric vehicles, the call for lithium, the silvery-white
metal that powers most EV battery packs, has also accelerated. Many forecasts
predict that lithium demand will soon outpace supply.

Canada's northern Quebec region is believed to contain some of the world's
largest deposits of spodumene - a mineral rich in lithium and a proven source
material for lithium batteries. With mines opening and production of lithium
increasing, along with other critical minerals ramping up across this region,
Canada will play a vital role in supplying EV supply chain.

CN is already moving essential lithium from the mines to battery manufacturers
and has the resources and capacity to support more customers as additional
production comes on-line.

With more battery plants opening or planning to open across Canada and the
United States, CN - as an enabler of the North American economy and one of
Canada's largest transporters of automotive parts and vehicles - is working
with our automotive customers to create new supply chains and enhance existing
ones for the growing EV market.

CN is proud to be moving some of the biggest names in EV production and with
our 18 strategically-located CN-served automotive compounds
(https://cnebusiness.geomapguide.ca/?map=AM&lang=en&P=am), we are poised to
move more. From the raw materials to the intermediary goods, and the finished
vehicles themselves, CN is ready to help automotive producers optimize their
EV supply chains.
CONTACT OUR EXPERTS
(https://shipcn.eu.qualtrics.com/jfe/form/SV_8GuMkvTU4OStyxn?source=IntermodalCapacity)
Attachments
*           Original document
(https://www.cn.ca/en/stories/20230719-enabling-electric-vehicle-supply-chains/)
Disclaimer

CN - Canadian National Railway Company published this content on 19 July 2023
and is solely responsible for the information contained therein. Distributed
by Public, unedited and unaltered, on 19 July 2023 18:04:07 UTC



(C) Copyright 2023 - CN - Canadian National Railway Company",urn:newsml:reuters.com:20230719:nNDL8HJ13N:1
"(Updates with details of search for missing people, quotes from
Nova Scotia premier, CN Rail track close)
    By Nia Williams
       July 23 (Reuters) - Canada's East Coast province of Nova
Scotia began cleaning up on Sunday after torrential rainfall
caused devastating floods, while the search continued for four
people including two children who went missing during the
deluge.
    The storm, which started on Friday, in some places dumped
more than 25 cm (10 inches) in just 24 hours - as much as
normally falls in three months. CBC meteorologist Ryan Snoddon
said it was the most rain to hit the provincial capital Halifax
since Hurricane Beth in 1971.
    The floods washed away roads, swamped buildings and damaged
bridges and a Canadian National Railway track <CNR.TO> used to
access Canada's fourth-largest port.
    Nova Scotia Premier Tim Houston described the damage as
unimaginable and said the cost would likely be in the ""hundreds
of millions"" of dollars.
    Nova Scotia declared a province-wide state of emergency late
on Saturday night that will last until Aug. 5.
    Two children were missing near Halifax after the car they
were in was submerged. In another incident, a man and a youth
were missing after their car drove into deep water.    
    Royal Canadian Mounted Police (RCMP) on Sunday said police
divers had located an empty pick-up truck in a flooded field in
the West Hants area near Halifax in an underwater search and
believed it was the vehicle in which the two children were
travelling.
    Search efforts continued in the same area for the other
vehicle and all four people. Crews used industrial pumping
equipment to try and lower the water level in the search area.
    ""There's zero visibility in that field. Our dive team
located the truck by feel,"" said Corporal Guillaume Tremblay,
public information officer with the RCMP.
    At a press conference on Sunday afternoon, Houston urged
people to stay away from the search area given the treacherous
conditions.
    Across the province, 19 bridges were damaged, another six
were completely destroyed and many roads remained closed. Up to
600 people were still under evacuation orders. 
    ""Water levels are still high in many impacted areas but
they're starting to recede. The main risks at this point are our
transportation challenges,"" Houston said. ""It's incredible to
see the force of the water and the impact it's had.""
    Houston also said there was ""extensive damage"" to a section
of CN Rail track used by freight trains heading for the Port of
Halifax, which contributes around C$4.4 billion ($3.33 billion)
to Nova Scotia's annual economic output.
    A CN spokesman said some repairs would be delayed until
water levels subsided. ""Once crews can safely complete their
work, the track will be reopened,"" spokesman Jonathan Abecassis
said in a statement. 
    Nova Scotia Power's outage map showed just over 2,000
customers were without electricity on Sunday, down from around
80,000 at the height of the storms.
    The flooding was the latest weather-related calamity to
pound Canada this year. Wildfires have set a size record and
sent clouds of smoke into the United States. Earlier this month,
heavy rains caused floods in several eastern U.S. states.
($1 = 1.3222 Canadian dollars)

 (Reporting by Nia Williams in British Columbia; Editing by
Andrea Ricci and Cynthia Osterman)
 ((nia.williams@thomsonreuters.com; +1 403 531 1624; Reuters
Messaging: nia.williams.thomsonreuters.com@reuters.net))",urn:newsml:reuters.com:20230723:nL1N3990FP:5
"(Rewrites after government statement, paragraphs 1 & 3; adds
Halifax port spokesman, paragraphs 8-10)
    By David Ljunggren
       OTTAWA, July 24 (Reuters) - Two of the four people
missing after floods ripped through the Canadian Atlantic
province of Nova Scotia over the weekend are dead, Premier Tim
Houston said on Monday.
    Police earlier confirmed the death of a 52-year-old man who
was reported missing after his car became submerged and said
they had found a second body most likely to be one of the four
people who disappeared as waters rose.
    ""I extend my deepest sympathies to the families and friends
of the two people who passed away following floods,"" Houston
said in a statement confirming the second body was one of the
four people who went missing in the region of Halifax, the
province's largest city.
    The storm, which started on Friday, in some places dumped
more than 25 cm (10 inches) in just 24 hours - as much as
normally falls in three months.
    The floods washed away roads, swamped buildings and damaged
bridges and a Canadian National Railway <CNR.TO> track
connecting with Halifax, Canada's fourth-largest port.
    Canadian National has already restored much of the damaged
infrastructure, but some repairs will be delayed until the flood
waters recede, company spokesman Scott Brown said.
    Vessel service has not yet been hit by the track closure and
the port is working to manage storing cargoes strategically,
said port authority communications director Lane Farguson.
    ""With supply chains the reality is the longer the disruption
lasts, the more severe the impact is,"" he said by phone.
        Farguson said 60% of the cargoes that move through the
port are rail based, and many contain consumer goods
manufactured in Europe or southeast Asia that are on their way
to large population centers in eastern Canada and the U.S.
Midwest.

 (Reporting by David Ljunggren in Ottawa; Additional reporting
by Nia Williams in British Columbia; Editing by Aurora Ellis and
Grant McCool)
 ((david.ljunggren@tr.com; +1 647 480 7891;))",urn:newsml:reuters.com:20230724:nL1N39A1Z2:1
"(Recasts throughout with background; adds share movement in
paragraph 2, analyst quote in paragraph 4)
    By Amna Karimi
       July 26 - Union Pacific Corp <UNP.N> on Wednesday named
former operating chief Jim Vena as its next top boss, in a move
cheered by Wall Street, which hopes that the veteran railroad
executive will be able to fix the company's operational
problems.
    Shares of the company, which connects 23 states in the
western part of the United States by rail, rose about 10% to hit
a near one-year high in afternoon trade.
    The Omaha, Nebraska-based railroad operator's performance
has come under investor criticism, notably for its operating
ratio, which has increased over the last five quarters. The
ratio indicates operating expenses as a percentage of revenue.
Analysts expect the incoming CEO to reverse that trend.
        ""The opportunity set with (Vena) at the helm, based on
his long-time industry experience and his COO role at UNP where
the rail materially outperformed peers on operational and
financial metrics, appears significant,"" Evercore ISI analyst
Jonathan Chappell said in a note.
    Vena, who will take the top job on Aug. 14, served as Union
Pacific's chief operating officer from 2019 to 2021.
        The change at Union Pacific, which also named a new
chairman, comes at a time when railroads face criticism from
shippers and the U.S. rail regulator for inadequate service
levels due to the industry's lean operating model.
        Vena replaces Lance Fritz, who said in February that he
would step down after shareholder Soroban Capital Partners
pressured the company for a leadership change.
    Vena, who is also a board member at FedEx <FDX.N>, has had
an over four-decade-long career at Canadian National Railway
<CNR.TO>.
    Union Pacific on Wednesday reported a second-quarter profit
of $2.54 per share, missing analysts' average estimate of $2.75
per share, according to Refinitiv IBES data, as volumes fell 2%.
        The company's operating revenue fell to $5.96 billion in
the quarter ended June 30, from $6.27 billion a year earlier.

 (Reporting by Nathan Gomes, Amna Karimi and Susan Mathew in
Bengaluru; Editing by Anil D'Silva, Vinay Dwivedi and Shailesh
Kuber)
 ((Nathan.Gomes@thomsonreuters.com;))",urn:newsml:reuters.com:20230726:nL4N39C39C:9
"OTTAWA, July 27 (Reuters) - Canadian National Railway
said on Thursday that in the wake of flooding in Nova Scotia
that forced it to shut down a line, it expected the network to
be completely reopened to train movements overnight Thursday
into Friday.
    ""The Company will continues to inspect its network across
the province as it works with its customers to resume movements
in an orderly fashion,"" it said in a statement. 

 (Reporting by David Ljunggren; editing by Jonathan Oatis)
 ((david.ljunggren@tr.com; +1 647 480 7891;))",urn:newsml:reuters.com:20230727:nT5N33200W:2
"By Lisa Baertlein
       LOS ANGELES, July 31 (Reuters) - The operational
shutdown of Yellow Corp <YELL.O>, a major U.S. trucking firm,
should help prop up industry rates that tumbled after the cargo
bubble of the early coronavirus pandemic deflated last year,
transportation analysts said. 
    The company, formerly known as YRC, is one of the nation's
largest so-called ""less-than-truck load"" carriers with customers
that include Walmart <WMT.N> and Home Depot <HD.N>. It notified
customers that it stopped operations on Sunday and warned the
Teamsters union, which represents 22,000 of its 30,000
employees, that it plans to file for bankruptcy.
    Yellow's demise underscores the shift in the U.S. trucking
industry from too few trucks and truck drivers during the
pandemic to too many today. 
    Most U.S. trucking companies have about 20% spare capacity
in their networks, Stifel analyst Bruce Chan said in a client
note on Monday. 
    Yellow's exit could remove about 10% of capacity from the
segment, he said, adding that it ""should be a universal boon to
remaining carriers.""     
    The failure of Yellow, best know for its business that
combines shipments for multiple customers into one truckload,
should benefit rivals including Forward Air <FWRD.O>, ArcBest
<ARCB.O>, TFI International <TFII.TO>, XPO <XPO.N>, FedEx
Freight <FDX.N>, Saia <SAIA.O> and Old Dominion <ODFL.O>, Chan
and other analysts said.
    Yellow struggled for more than a decade after loading up on
debt from acquisitions of rival trucking firms Roadway and USF. 
    It failed to integrate overlapping networks and became known
as a discount carrier due to its below-market rates and service
levels, Stifel's Chan said.
    ""The company is deeply distressed, and would require
monumental operational overhaul as a going concern,"" Chan said. 
    In 2020, then-U.S. President Donald Trump bailed out the
company with a $700 million pandemic relief loan.
    The company has not significantly repaid that federal loan,
which is part of $1.2 billion in debt it is scrambling to
refinance before it comes due next year. Yellow's other lenders
include a group led by Apollo Global Management <APO.N>.
    It appealed to the Teamsters to help it cut costs, only to
be rebuffed by the union, whose leader said: ""Following years of
worker give backs, federal loans, and other bail outs, this
deadbeat company has only itself to blame.""   
    Yellow's failure has a low risk of disrupting U.S. trucking
markets because the industry has time to work out any kinks
before the all-important winter holiday peak season, analysts
said.
    Still, it is not good news for Yellow's customers, which
likely will face double-digit price increases when they turn
that business over to companies, Chan said.
    Many of Yellow's former customers have starting the
time-consuming process of shifting their cargo to different
firms, while some have goods stranded in its network, said Ken
Adamo, chief of analytics at DAT Freight & Analytics.
    ""If you weren't prepared for this, it's probably a pretty
tough day for you,"" Adamo said of Yellow's customers.

    <^^^^^^^^^^^^^^^^^^^^^^^^^^^^^^^^^^^^^^^^^^^^^^^^^^^^^^^^^^^
Strike at trucking firm Yellow averted after deal    https://www.reuters.com/business/autos-transportation/strike-trucking-firm-yellow-averted-after-deal-2023-07-23/
Analysis: U.S. trucking downturn foreshadows possible economic
gloom    https://www.reuters.com/business/us-trucking-downturn-foreshadows-possible-economic-gloom-2022-04-25/
    ^^^^^^^^^^^^^^^^^^^^^^^^^^^^^^^^^^^^^^^^^^^^^^^^^^^^^^^^^^^>
 (Reporting by Lisa Baertlein in Los Angeles
Editing by Marguerita Choy)
 ((lisa.baertlein@thomsonreuters.com; +1 310-491-7241; Reuters
Messaging: lisa.baertlein.thomsonreuters.com@reuters.net))",urn:newsml:reuters.com:20230731:nL1N39H216:2
"By Jonathan Stempel
       NEW YORK, Aug 3 (Reuters) - Canadian Pacific Kansas City
<CP.TO>, formed in April when Canadian Pacific Railway merged
with Kansas City Southern, has been sued by bondholders for
failing to repay more than $1 billion after missing a deadline
tied to the merger.
    In a complaint filed on Wednesday night in Manhattan federal
court, a trustee for Canadian Pacific's $1 billion of 3% bonds
maturing in 2041 said the railroad was motivated not to redeem
the bonds because it would cost several hundred million dollars
in extra interest payments to replace them.
    Canadian Pacific had sold the bonds, plus $1.4 billion of
2.45% bonds maturing in 2031, in late 2021 to help fund its
approximately $31 billion takeover of Kansas City Southern.
    The merger combined the smallest of the seven big U.S.
freight railroads, and created the only railroad linking Canada,
the United States and Mexico.
    Wilmington Savings Fund Society, the trustee, said Canadian
Pacific was supposed to redeem both bond series at 101% of face
value plus accrued interest if U.S. Surface Transportation Board
merger approval had not become ""effective"" by March 25, 2023.
    The trustee said the agency approved the merger on March 15
but with an ""effective"" date of April 14, requiring the bond
redemption, but that Canadian Pacific unilaterally and wrongly
decided there was no effectiveness requirement.
    ""In the current interest rate market, Canadian Pacific's
clear financial incentive is to repudiate the (redemption)
obligation and hope that the legal action required to remedy
that breach takes as long as possible,"" the trustee said.
    Canadian Pacific, in a statement, said the March 15 decision
meant it had no obligation to redeem the bonds.
    ""Any assertion to the contrary is wrong, and ignores the
language of the indenture, which leaves the determination to
Canadian Pacific,"" it added.
    The case is Wilmington Savings Fund Society FSB v Canadian
Pacific Railway Ltd et al, U.S. District Court, Southern
District of New York, No. 23-06787.

 (Reporting by Jonathan Stempel in New York
Editing by Matthew Lewis)
 ((jon.stempel@thomsonreuters.com; +1 646 223 6317; Reuters
Messaging: jon.stempel.thomsonreuters.com@reuters.net))",urn:newsml:reuters.com:20230803:nL1N39K1TT:2
"Sept 21 (Reuters) - Movement of thousands of tons of
customer freight by Union Pacific has been halted as a growing
migrant crisis led U.S. border authorities to temporarily close
train traffic to Mexico via Eagle Pass gateway in Texas, the
railroad said.    
    The pass is one of the busiest gateways between the U.S. and
Mexico and was shut as media outlets reported migrants from
Mexico riding on rail wagons to cross into the small Texan city.
    ""(Our) other gateways cannot handle the extra traffic and we
are notifying customers of an embargo at Eagle Pass, effective
immediately,"" Union Pacific said late on Wednesday.
    The influx of migrants has prompted Eagle Pass Mayor Rolando
Salinas to issue emergency declaration, citing ""severe
undocumented immigrant surge"". 
    The situation is expected to continue for seven days from
Tuesday, according to the city's official account on social
media platform X, formerly Twitter.
    Another railroad, Canadian Pacific Kansas City <CP.TO>,
which connects Mexico with U.S. and Canada, was not immediately
available for comment on any impact to freight shipments.
    On Wednesday, some cargo trains run by Mexico's Ferromex
restarted operations after they were halted following a spate of
serious injuries and fatalities to migrants traveling on them.

 (Reporting by Ananta Agarwal in Bengaluru; Editing by Arun
Koyyur)
 ((Ananta.agarwal@thomsonreuters.com;))",urn:newsml:reuters.com:20230921:nL4N3AX2J2:3
"(Recasts with comment from Mexico foreign ministry)
       MEXICO CITY, Sept 21 (Reuters) - Mexico's foreign
ministry urged U.S. authorities on Thursday not to take
""unilateral measures"" complicating trade at the border with the
United States, as some ports of entry have been shut down.
        U.S. officials have temporarily closed some border
crossings to shift Customs and Border Protection (CBP) officers
to process more migrant arrivals, limiting the flow of goods
into the country.
  
        Mexico added it was in constant contact with U.S.
authorities and business leaders ""to look for operations to be
reestablished, given the situation.""
  
    Rail operator Union Pacific said thousands of tons of
customer freight were stalled as train traffic to Mexico via
Eagle Pass in Texas has halted.    
    The pass is one of the busiest gateways between the U.S. and
Mexico and was shut as media outlets reported migrants from
Mexico riding on rail cars to cross into the small Texas city.
    ""(Our) other gateways cannot handle the extra traffic and we
are notifying customers of an embargo at Eagle Pass, effective
immediately,"" Union Pacific said late on Wednesday.
    The influx of migrants prompted Eagle Pass Mayor Rolando
Salinas to issue emergency declaration, citing a ""severe
undocumented immigrant surge"". 
    The situation is expected to continue for seven days from
Tuesday, according to the city's official account on social
media platform X, formerly Twitter.
    Cargo processing at the Bridge of the Americas on the border
between El Paso, Texas, and the Mexican city of Juarez was also
halted this week because of more migrant arrivals.
    Meanwhile, Mexican rail operator Ferromex recently stopped
some cargo trains, bringing estimated losses of up to 40 million
pesos ($2.32 million) a day, after a spate of deaths and serious
injuries of migrants riding on them.

($1 = 17.2070 Mexican pesos)

 (Reporting by Ananta Agarwal in Bengaluru and Kylie Madry in
Mexico City; Editing by Arun Koyyur and Gerry Doyle)
 ((Ananta.agarwal@thomsonreuters.com;))",urn:newsml:reuters.com:20230921:nL4N3AX3XN:1
"(Recasts with CN Rail statement)
    By Denny Thomas and Ismail Shakil
       TORONTO, Oct 3 (Reuters) - Canadian National Railway Co
(CN) <CNR.TO> said on Tuesday evening an internet connectivity
failure that led to signal issues and long delays and
cancellations for Toronto rush-hour commuters had been resolved.
    Earlier in the day, hundreds of train commuters in Canada's
biggest city Toronto were forced to make alternative arrangement
to reach home after Ontario regional transit operator Metrolinx
temporarily halted its Toronto-area commuter trains and warned
travelers to expect further disruptions through the evening.
    In a late evening statement, CN, Canada's biggest railroad,
said its internet connectivity had been restored. 
    ""CN would like to apologize for the impact caused by this
outage. While there continues to be no indication of a cyber
security issue, the cause of the outage remains under
investigation,"" the company said in the statement.
    Some 190,000 passengers use GO trains and buses every day,
which connect Toronto's downtown core to suburbs and small towns
in the Greater Toronto and Hamilton area, according to GO
Transit's website. 
    Hundreds of frustrated home-bound commuters were stuck at
Union Station in downtown Toronto. 
    ""This is just crazy, whatever it is, they (GO) need to do
better,"" said David Miller, a coffee shop worker who saw three
trains he planned to take being canceled.
    GO Transit urged travelers to seek alternative arrangements
but the sudden demand for taxis tripled fares on ride-share
service Uber, according to several people who tried to book
rides.
    An Uber spokesperson said prices temporarily increase when
there are more ride requests than drivers.
    ""In response to this afternoon's GO transit situation, Uber
capped surge pricing,"" spokesperson Keerthana Rang said in an
email. 

 (Reporting by Denny Thomas and Ismail Shakil; Editing by Murali
Anantharaman and Jamie Freed)
 ((Murali.Anantharaman@thomsonreuters.com;))",urn:newsml:reuters.com:20231003:nL1N3B91RD:7
"By Adriana Barrera and Marianna Parraga
       MEXICO CITY/HOUSTON, Oct 27 (Reuters) - Rail company
Canadian Pacific Kansas City (CPKC) <CP.TO> has temporarily held
back rail cars containing fuel and petrochemicals bound from
Texas to Mexico following Mexico's restrictions for oil imports
in a move to fight smuggling, according to a note sent to
clients and seen by Reuters. 
    Mexico this week imposed fresh restrictions on imports of
dozens of refined petroleum and petrochemical products to curb
fuel theft and adulteration, according to a decree published in
Official Gazette, including certain types of gasoline and
diesel, jet fuel and additives for gasoline that were widely
used in Mexico, such as MTBE (methyl tert-butyl ether).
    Rail cars with shipments of products listed by Mexico's
government were removed preventively this week from CPKC's rail
lines from Brownsville and Laredo, Texas, due to the new
regulation, the company told clients in the note. 
    The retention is temporary until companies show the
corresponding import permits, according to the note, which was
sent on Thursday.
    CPKC confirmed the content of the note to Reuters. Mexico's
National Customs Agency did not respond to a request for
comment.
    A separate rail company, Union Pacific Corp <UNP.N> told
Reuters it was ""aware"" of the new Mexican regulation, and was
working with its customers on the matter. The company added that
some of them were ""applying for the necessary permits.""
    The restrictions, which were enforced hours after being
published, aim to stop the adulteration and trade of fuels that
might pose a risk to human health, the environment and vehicles,
according to the decree.
    Mexico has struggled for decades to curb fuel theft, even
after strong measures imposed by President Andres Manuel Lopez
Obrador in recent years including a focus on moving more product
by road and reducing volumes domestically transported via
pipelines. Thieves often ""milk"" fuel pipelines owned and
operated by state oil company Pemex [PEMX.UL] to extract
gasoline, causing spills and fires.
    Mexico's government also has investigated importers for
inflated fuel bills and accused foreign traders of transporting
smuggled fuel.
    The new measures were initially well received by analysts as
a long-awaited response from the government to address the
problem, but they said proper implementation of the provisions
will remain a challenge.
    ""If you talk to certain importers ... they actually believe
that it is important to have support from the Mexican government
to avoid fuel smuggling,"" said Alejandra León, associate
director of S&P Global Commodity Insights.
    ""No one wants to have unfair markets, but what they fear is
the issue of implementation; that instead of becoming a
regulation to prevent smuggling, it becomes another burden for
the people who do import legally,"" she added.

 (Reporting by Adriana Barrera in Mexico City and Marianna
Parraga in Houston; additional reporting by Lisa Baertlein;
editing by Jonathan Oatis)
 ((marianna.parraga@thomsonreuters.com; +1 713 371 7559; Reuters
Messaging: @mariannaparraga))",urn:newsml:reuters.com:20231027:nL1N3BX1LG:5
"Kirkland & Ellis advised Mach Natural Resources LP, an independent upstream
oil and gas company focused on the acquisition, development and production of
oil, natural gas and NGL reserves in the Anadarko Basin region of Western
Oklahoma, Southern Kansas and the panhandle of Texas, on its initial public
offering of 10,000,000 common units representing limited partner interests in
Mach at a price to the public of $19.00 per common unit. The offering closed
on October 27, 2023.

Read Mach's press release
(https://www.prnewswire.com/news-releases/mach-natural-resources-lp-announces-pricing-of-initial-public-offering-301966559.html)

The Kirkland team was led by capital markets partners Julian Seiguer and
Michael Rigdon and associates Erin Meziere, Robbie Dillard and Taylor Santori;
corporate partners Cy Jones and Josh Teahen; debt finance partner Andy Veit;
and tax partners Mark Dundon and Rebecca Fine.

Attachments
*           Original document
(https://www.kirkland.com/news/press-release/2023/10/kirkland-advises-mach-natural-resources-lp-on-$190-million-initial-public-offering)
Disclaimer

Kirkland & Ellis LLP published this content on 27 October 2023 and is solely
responsible for the information contained therein. Distributed by Public,
unedited and unaltered, on 27 October 2023 21:58:50 UTC



(C) Copyright 2023 - Kirkland & Ellis LLP",urn:newsml:reuters.com:20231027:nNDL9Bc063:1
"Adds commentary

By Sunny Oh

NEW YORK, Oct 30 (IFR) - US investment-grade bond issuers flooded the market
on Monday as they looked to get ahead of the twin risks of a looming Federal
Reserve meeting and the US Treasury Department's quarterly refunding
announcement.

Market participants have said both events could trigger further interest rate
volatility, and borrowers could see the value of bringing deals earlier.

As a result, 13 US investment-grade borrowers hit the new-issue market,
raising at least US$22.5bn of bonds today, according to IFR data. That topped
syndicate bankers' average forecasted US$20bn of high-grade supply for the
entire week.

Though US Treasury yields stand at multi-year highs, issuers are feeling the
pressure to deal with their refinancing needs soon as signs suggest that the
US Federal Reserve could keep its benchmark interest rate higher for longer.

""I see a genuine concern among issuers on the level of rates they face into
re-funding,"" said Padhraic Garvey, regional head of research for the Americas
at ING. ""Many issuers take the view that it may be better to go now than to
wait, especially if the market is proving receptive. That thought process is
helped by credit spreads that are not overall wide versus the average.""

Garvey said issuers facing refinancing needs later in 2024 are less concerned,
because of expectations that bond yields and interest rates are headed for a
downward trend in the back half of next year. For issuers facing near-term
maturities soon the concern is more palpable, he said.

""Recent conjecture has increasingly indicated that as 'higher for longer' sets
in, borrowers are becoming more focused on managing maturity schedules than
attempting to time ideal pricing levels,"" BMO credit analysts said on
Monday. 

Indeed, some of Monday's issuers are using today's deals to come to grips with
their refinancing needs. Smokeless tobacco producer Altria launched a US$1bn
two-part senior bond, split between five and 10-year tranches, that will
refinance its 4% notes due in January and its 3.8% notes due February.
Variety Show
A wide variety of borrowers were on show on Monday.

In the sole M&A bond offering of the session, Bristol-Myers Squibb is raising
a US$4.5bn multi-tranche bond that stretches from seven to 40 years. The
senior offering will support the acquisition of cancer-focused biotechnology
company Mirati Therapeutics.

Canadian National Railway is issuing a US$600m two-part offering of 10 and
30-year senior maturities. Meanwhile, truck lessor Ryder System and Bimbo
Bakeries both targeted five and 10-year areas of the yield curve.

There is a big slate of financial bond offerings today too.

Discover Financial is issuing a US$1bn 11-year non-call 10 fixed-to-floating
rate senior unsecured bond. The other financial issuers include Arthur J
Gallagher, Banco Santander, Morgan Stanley and Morgan Stanley Bank.

Hyundai's US financing arm launched a US$1.5bn senior unsecured
bond comprising two and five-year fixed tranches, along with a two-year
floater.

The 12th and 13th issuers are Quest Diagnostics and National Rural Utilities
Cooperative Finance.

(Reporting by Sunny Oh)

((sunny.oh@refinitiv.com; 9176800791))

Story Id: 4205019



Copyright © Refinitiv 2023. Click For Restrictions - https://www.refinitiv.com/en/policies/copyright-notice",urn:newsml:reuters.com:20231030:nIfp8T7y6:2
"(Adds detail in paragraph 5, previous comments in paragraphs
6-7)
       MEXICO CITY, Nov 8 (Reuters) - Mexican President Andres
Manuel Lopez Obrador on Wednesday said he plans on announcing a
decree before Nov. 20 to call for freight train companies to
also use their railways for passenger transport.
    Lopez Obrador has made the development of Mexico's passenger
train travel a key pillar of his transportation and economic
policies, including the construction of a multi-billion-dollar
tourist train through the Yucatan Peninsula. 
    ""This decision is going to give (the companies) the
possibility of committing to having passenger trains,"" Lopez
Obrador said in a press conference.
    If the companies, which include the rail unit of Mexican
conglomerate Grupo Mexico <GMEXICOB.MX> and Canadian Pacific
Kansas City <CP.TO>, decide not to provide passenger service,
the government would do so, he added.
    Over 20,000 km (12,400 miles) of railway could be opened up
for passenger services, Lopez Obrador said.
    Last month, Lopez Obrador said talks were ongoing between
his government and train companies that hold concessions for
railways in Mexico.
        The president said he wanted to apply a clause in the
concessions that allows for the railways to be used for
passenger services, giving current concession-holders the
preference to roll out the service. 
  

 (Reporting by Raul Cortes Fernandez; Writing by Brendan
O'Boyle; Editing by Kylie Madry and Louise Heavens)
 ((Brendan.OBoyle@thomsonreuters.com;))",urn:newsml:reuters.com:20231108:nL1N3C91K2:4
"MEXICO CITY, Nov 8 (Reuters) - Mexico's president on
Wednesday said he plans on announcing a decree before Nov. 20 to
call for freight train companies to also use railways for
passengers.

 (Reporting by Raul Cortes Fernandez; Writing by Brendan
O'Boyle; Editing by Kylie Madry)
 ((Brendan.OBoyle@thomsonreuters.com;))",urn:newsml:reuters.com:20231108:nS0N3AA042:2
"Nov 17 (Reuters) - Railroad operator Canadian Pacific
Kansas City (CPKC) <CP.TO> said on Friday it is reviewing the
Mexican federal government's draft decree on potential passenger
service on certain existing freight rail corridors.
    The draft decree, expected to be effective by Nov. 20,
identifies the San Luis Potosí-Monterrey-Laredo corridor, which
connects to the U.S. Midwest, for the proposed passenger rail
service.

 (Reporting by Ananta Agarwal in Bengaluru; Editing by Shilpi
Majumdar)
 ((Ananta.agarwal@thomsonreuters.com;))",urn:newsml:reuters.com:20231117:nL4N3CI38Z:2
"(Recasts with details about draft decree, full response from
CPKC, and context about decree)
       MEXICO CITY, Nov 17 (Reuters) - 
    Freight train companies operating in Mexico have until Jan.
15 to submit proposals outlining how their railways can be
adapted to offer passenger transport, according to a draft
Mexican government decree seen by Reuters on Friday.
  
        Railroad operator Canadian Pacific Kansas City (CPKC)
<CP.TO> said in a statement it is reviewing the decree and was
""engaged directly"" with the government on the issue.
  
        The company added it did ""not expect an adverse impact
on our concession"" and had agreed to carry out studies for
various potential passenger train routes.
  
        ""Interested parties must submit their proposals to the
Ministry of Infrastructure, Communications and Transportation""
by Jan. 15, 2024, the draft decree stated.
  
        Published on a government website and confirmed as
authentic by an official, the order is part of President Andres
Manuel Lopez Obrador's drive to develop passenger train travel
to improve Mexico's transportation networks.
  
        Lopez Obrador has 
    warned
     that if companies including CPKC and conglomerate Grupo
Mexico's <GMEXICOB.MX> transport unit do not to offer passengers
services on their existing freight rail corridors, the
government will fill the void itself.
  
        The draft decree, expected to become official on Nov.
20, states that priority will be given to passenger services
over cargo on concession rail lines, without offering more
details.
  
    Over 20,000 km (12,400 miles) of railway could be opened up
for passenger services, according to authorities. 
        One of the routes identified by the decree for potential
passenger travel is the San Luis Potosi-Monterrey-Laredo
corridor, which connects to the U.S. Midwest.
  

 (Reporting by Raul Cortes in Mexico City and Ananta Agarwal in
Bengaluru; Additional reporting by Kylie Madry; Writing by
Isabel Woodford; Editing by Shilpi Majumdar and David Gregorio)
 ((Ananta.agarwal@thomsonreuters.com;))",urn:newsml:reuters.com:20231117:nL4N3CI3S6:1
"(Adds details from document on rail plan)
       MEXICO CITY, Dec 13 (Reuters) - The Mexican government
has signed an agreement with the local unit of Canadian Pacific
Kansas City (CPKC) <CP.TO> to build a suburban passenger train
for the northern city of Monterrey, the government's official
gazette said on Wednesday.
        The new CPKC project aims to encompass a 75 kilometer
(46.6 miles) rail corridor with 26 stations between the west of
the Monterrey Metropolitan Area and the municipality of
Pesqueria, according to the gazette.
  
        Monterrey is the capital of Nuevo Leon, which borders
the United States.
  
        The government published a decree in November ordering
the use of Mexico's freight transport railways for passenger
travel as part of President Andres Manuel Lopez Obrador's
strategy of boosting public transport.
  

 (Reporting by Raul Cortes)
 ((Isabel.Woodford@thomsonreuters.com;))",urn:newsml:reuters.com:20231213:nL1N3D81FV:1
"TORONTO, Dec 18 (Reuters) - Bank of Nova Scotia
(Scotiabank) <BNS.TO> is eying North America's booming $1.6
trillion trade with its renewed Mexico bet, a strategy that
offers hope but brings risks that have seen many global lenders
including Citigroup Inc. <C.N> scaling back.
    Scotiabank's new CEO Scott Thomson, who built a career
specializing in Latam, sees the ""Mexico First"" strategy unveiled
last week, offering clients in Canada, the United States and
Mexico end-to-end trade finance, helping to differentiate
Scotiabank among its Canadian rivals.
    The plan will see Canada's No. 4 lender move away from other
struggling South American markets. Still, it will expose
Scotiabank to a market with unpredictable political risks and
where foreign banks have struggled to make inroads, analysts
said. 
    But that is not deterring Scotiabank.
    ""Trade is a key component of why Mexico is attractive. ...
When you see the connectivity of a North American corridor,
that's the essence of what we're going after,"" Scotiabank head
of international business Francisco Aristeguieta said in an
interview.
    Since the three countries hammered out a ""New NAFTA"" deal in
2020, North American trade has hit $1.6 trillion in 2022 and
international companies are moving production closer to
customers to tackle supply chain woes. That is expected to add
about 1.2% to Mexico's GDP this year.
    Aristeguieta, who joined the bank in May, said 14% of
Scotiabank's Canadian commercial bank clients have operations in
North America and has a 10% market share in Mexico, giving its
clients more access to the corridor. 
    He highlighted auto, energy and medical equipment as
attractive sectors. Mexico accounts for more than a third of
Scotiabank's international income.
    Not everyone is convinced.
    ""Focusing on that (Mexico) market does make sense. ... But
despite those tailwinds, there's still more political, economic,
and currency risks in Mexico and Latin America than in Canada or
the U.S.,"" Veritas Investment Research analyst Nigel D'Souza
said.
    Scotiabank's new strategy is key to reviving confidence in
Canada's worst-performing big bank stock this year, which is
down 6.6% versus a 5.9% rise in the financial sub-index
<.SPTTFS>. It trades at a forward price-to-earnings ratio of
9.6, compared with an industry average of 10.7, according to
LSEG data.
    Aristeguieta sees 12% growth in the multinational business
in Mexico and 50% of its commercial and wealth banking
incremental earnings coming from Mexico by the next five years
as trade finance often opens door to higher-margin businesses.
    Aristeguieta is paying close attention to Mexico's June 2024
election and is hoping that regardless of the outcome, the
country offers a stable regulatory framework for foreign
investment.
    Some 48 banks operate in Mexico, but just seven control 78%
of the market share by total assets. Foreign banks like
Citigroup have lost market share to local Mexico banks,
prompting the U.S. lender to exit. But after struggling to find
a buyer, Citigroup is planning an IPO of its Mexico unit. 
    Flavio Volpe, president of Automotive Parts Manufacturers
Association of Canada said Scotiabank could face competition
from China, as exporters setting up factories in Mexico to
preserve their sales to the United States rely on Beijing
lenders. 
    Tapping the North American trade drove Canadian Pacific
Railway to buy Kansas City Southern to create the first direct
railway linking Canada, the United States and Mexico in 2021 in
a hotly contested deal.
    Volpe said Scotiabank could make it work.
    ""It's a smart strategy for Scotia. Because the
(manufacturers) in Mexico are the same ones that they probably
have as customers here on a retail basis,"" he said. 
        

 (Reporting by Nivedita Balu in Toronto; Editing by Mark Porter)
 ((Nivedita.Balu@thomsonreuters.com; X: @niveditabalu;))",urn:newsml:reuters.com:20231218:nL4N3DA06Y:1
"By Kylie Madry
       MEXICO CITY, Dec 22 (Reuters) - Mexico on Friday
launched operations on a train line that crosses the country's
narrowest point from the Gulf coast to the Pacific Ocean,
kicking off a flagship government project as the administration
enters its last months in office.
    The ""Inter-Oceanic Train,"" which will carry both passengers
and cargo from the coastal hub of Coatzacoalcos in Veracruz
state to the Pacific port of Salina Cruz, is part of President
Andres Manuel Lopez Obrador's plan to bring investment to the
country's poorer south. 
    The government is also hoping to attract investments from
carmakers, tech firms and semiconductor producers in a dozen
industrial parks in the area. The two port towns are also home
to major installations of state-run oil company Pemex [PEMX.UL].
    Officials have pitched the train line as a potential rival
to the Panama Canal, which curbed operations this year due to a
historic drought. Analysts, however, estimate the rail line will
be able to ship just a fraction of the canal's capacity.
    Other lines connecting to the train's main rail line are
expected to be completed next year, officials said on Friday. 
    One of the branches will connect to the Mayan Train, another
flagship project inaugurated last week, which will carry
travelers from the southern state of Chiapas to the tourist town
of Cancun once all sections are completed.
    Experts, however, have warned that the Mayan Train has run
nearly four times over budget and is still far from being
finished.
    Earlier this year, Mexican authorities seized parts of a
rail line operated by conglomerate Grupo Mexico's <GMEXICOB.MX>
transport division for the Inter-Oceanic Train, with the two
parties later coming to a deal.
    Lopez Obrador has also said he wants to get major rail
operator CPKC, which operates a network through Canada and the
U.S. and ends in Veracruz, on board with his rail projects to
connect their lines to the government's projects in the south.

 (Reporting by Kylie Madry; editing by Jonathan Oatis)
 ((Kylie.Madry@thomsonreuters.com;))",urn:newsml:reuters.com:20231222:nL1N3DH11D:2
"(Updates with quote from president)
    By Kylie Madry
       MEXICO CITY, Dec 22 (Reuters) - Mexico on Friday
launched operations on a train line that crosses the country's
narrowest point from the Gulf coast to the Pacific Ocean,
kicking off a flagship government project as the administration
enters its last months in office.
    The ""Inter-Oceanic Train,"" which will carry both passengers
and cargo on a three-hour trip from the coastal hub of
Coatzacoalcos in Veracruz state to the Pacific port of Salina
Cruz, is part of President Andres Manuel Lopez Obrador's plan to
bring investment to the country's poorer south. 
    The government is also hoping to attract investments from
carmakers, tech firms and semiconductor producers in a dozen
industrial parks in the area. The two port towns are also home
to major installations of state-run oil company Pemex [PEMX.UL].
    Officials have pitched the train line as a potential rival
to the Panama Canal, which curbed operations this year due to a
historic drought. 
    ""All the Asian countries are very interested,"" Lopez Obrador
said on Friday, ""because Panama is at capacity.""
    Analysts, however, estimate the rail line will be able to
ship just a fraction of what the canal moves.
    Other lines connecting to the train's main rail line are
expected to be completed next year, officials said on Friday. 
    One of the branches will connect to the Mayan Train, another
flagship project inaugurated last week, which will carry
travelers from the southern state of Chiapas to the tourist town
of Cancun once all sections are completed.
    Experts, however, have warned that the Mayan Train has run
nearly four times over budget and is still far from being
finished.
    Earlier this year, Mexican authorities seized parts of a
rail line operated by conglomerate Grupo Mexico's <GMEXICOB.MX>
transport division for the Inter-Oceanic Train, with the two
parties later coming to a deal.
    Lopez Obrador has also said he wants to get major rail
operator CPKC, which operates a network through Canada and the
U.S. and ends in Veracruz, on board with his rail projects to
connect their lines to the government's projects in the south.

 (Reporting by Kylie Madry; editing by Jonathan Oatis and
Alistair Bell)
 ((Kylie.Madry@thomsonreuters.com;))",urn:newsml:reuters.com:20231222:nL1N3DH1DE:2
"(Adds analyst comment in paragraph 7, updates shares)
       Dec 22 (Reuters) - Canadian logistics company TFI
International <TFII.TO> said on Friday it would buy Daseke
<DSKE.O>, an operator of flatbed and specialized trailers, in a
$1.1 billion deal, including debt, to scale up its truckload
business.
    TFI agreed to pay $8.30 in cash for each share of Daseke,
representing a premium of 69% on Daseke's closing price on Dec.
21. 
    The combined company's truckload segment is expected to
generate about $3.6 billion in annual total revenue on a
proforma basis and would become one of the largest truckload
businesses in Canada, TFI said. 
    The deal, which is valued at about $386 million on an equity
basis, comes at a time when freight demand remains suppressed
due to a sharp decline in online purchases from their
pandemic-driven peaks.
    TFI said while its immediate focus would be on improving
Daseke's financial results, it also, in the medium term, plans
to explore the benefits of separating the combined entity into
two listed companies. 
    This would include the one focused on the truckload business
and the other comprising the package and courier,
less-than-truckload, and logistics segments, TFI said.  
    ""We expect TFI to drive long-term value for shareholders
with both their acquisition of flatbed carrier DSKE in 2Q24 and
the potential spinoff of their combined truckload businesses in
2025/26,"" Susquehanna analyst Bascome Majors wrote in a note. 
     U.S.-listed shares of TFI were up 7.7% in afternoon
trading, while Daseke shares jumped 65% to $8.10.
    The transaction is expected to close during the second
quarter of 2024, Daseke said - a company specialising in heavy
haul transportation in North America with a fleet of more than
4,500 tractors and 10,500 flatbeds.
    ""Daseke's deep expertise in servicing a broad portfolio of
specialized and industrial end markets such as high-security
cargo, agriculture, manufacturing, and construction, is critical
given the relative strength of specialized market dynamics
today,"" TFI CEO Alain Bédard said. 
    TFI said it expects to fund the transaction using cash
balances and available financing sources.
    J.P. Morgan Securities served as financial advisor to
Daseke.

 (Reporting by Abhinav Parmar in Bengaluru; Editing by Anil
D'Silva, Shweta Agarwal and Krishna Chandra Eluri)
 ((Abhinav.Parmar@thomsonreuters.com;))",urn:newsml:reuters.com:20231222:nL4N3DH2SQ:1
"Kirkland & Ellis is advising North American transportation solutions
specialist Daseke, Inc. (NASDAQ: DSKE) on its acquisition by transportation
and logistics company TFI International Inc. (NYSE and TSX: TFII) in an
all-cash transaction that values Daseke at an enterprise value of $1.1
billion. The acquisition was announced on December 22, 2023. Daseke common
stockholders will receive $8.30 per share in cash. The transaction is expected
to close during the second quarter of 2024 subject to Daseke common
stockholder approval, regulatory approvals and other customary closing
conditions.

Read Daseke's press release
(https://investor.daseke.com/press-releases/press-releases-details/2023/Daseke-to-be-Acquired-by-TFI-International/default.aspx)

The Kirkland team is being led by corporate partner Jennifer Gasser and
associate Brittany Scheier with assistance from corporate partners David
Feirstein and Douglas Bacon; capital markets partner Lanchi Huynh; and
executive compensation partner Stephen Jacobson.

Attachments
*           Original Link
(https://www.kirkland.com/news/press-release/2023/12/kirkland-advises-daseke-on-$1-1-billion-acquisition-by-tfi-international)
        
*           Original Document         
*           Permalink
(https://www.publicnow.com/view/F72470986B386F8C8497C57068140FCC53D44881)
Disclaimer

Kirkland & Ellis LLP published this content on 22 December 2023 and is solely
responsible for the information contained therein. Distributed by Public
(http://www.publicnow.com), unedited and unaltered, on 25 December 2023
19:01:07 UTC.



(C) Copyright 2023 - Kirkland & Ellis LLP",urn:newsml:reuters.com:20231225:nNDL8FyKNq:1
"CPKC ADVANTAGE

INVESTOR PRESENTATION: JANUARY 2024

TSX/NYSE: CP

FORWARD LOOKING STATEMENTS

This investor presentation may contain certain forward-looking information and
forward-looking statements (collectively, ""forward-looking information"")
within the meaning of applicable securities laws. Forward-looking information
includes, but is not limited to, statements concerning expectations, beliefs,
plans, goals, objectives, assumptions and statements about possible future
events, conditions, and results of operations or performance. Forward-looking
information may contain statements with words or headings such as ""financial
expectations"", ""key assumptions"", ""anticipate"", ""believe"", ""expect"", ""plan"",
""will"", ""outlook"", ""guidance"", ""should"" or similar words suggesting future
outcomes. This presentation contains forward-looking information relating, but
not limited to statements concerning financial targets for 2024-2028 and
financial guidance for 2023, the success of our business, the realization of
anticipated benefits and synergies of the Canadian Pacific Railway Limited©
(""CP"")-Kansas City Southern (""KCS"") transaction and the timing thereof, and
the opportunities arising therefrom, our operations, priorities and plans,
anticipated financial and operational performance, business prospects and
demand for our services and growth opportunities. The forward-looking
information that may be in this presentation is based on current expectations,
estimates, projections and assumptions, having regard to Canadian Pacific
Kansas City Limited (CPKC's) experience and its perception of historical
trends, and includes, but is not limited to, expectations, estimates,
projections and assumptions relating to: changes in business strategies, North
American and global economic growth and conditions; commodity demand growth;
sustainable industrial and agricultural production; commodity prices and
interest rates; performance of our assets and equipment; sufficiency of our
budgeted capital expenditures in carrying out our business plan; geopolitical
conditions, applicable laws, regulations and government policies; the
availability and cost of labour, services and infrastructure; the satisfaction
by third parties of their obligations to CPKC; and carbon markets, evolving
sustainability strategies, and scientific or technological developments.
Although CPKC believes the expectations, estimates, projections and
assumptions reflected in the forward-looking information presented herein are
reasonable as of the date hereof, there can be no assurance that they will
prove to be correct. Current conditions, economic and otherwise, render
assumptions, although reasonable when made, subject to greater uncertainty.
Undue reliance should not be placed on forward-looking information as actual
results may differ materially from those expressed or implied by
forward-looking information. By its nature, CPKC's forward-looking information
involves inherent risks and uncertainties that could cause actual results to
differ materially from the forward looking information, including, but not
limited to, the following factors: changes in business strategies and
strategic opportunities; general Canadian, U.S., Mexican and global social,
economic, political, credit and business conditions; risks associated with
agricultural production such as weather conditions and insect populations; the
availability and price of energy commodities; the effects of competition and
pricing pressures, including competition from other rail carriers, trucking
companies and maritime shippers in Canada, the U.S. and Mexico; North American
and global economic growth and conditions; industry capacity; shifts in market
demand; changes in commodity prices and commodity demand; uncertainty
surrounding timing and volumes of commodities being shipped via CPKC;
inflation; geopolitical instability; changes in laws, regulations and
government policies, including regulation of rates; changes in taxes and tax
rates; potential increases in maintenance and operating costs; changes in fuel
prices; disruption in fuel supplies; uncertainties of investigations,
proceedings or other types of claims and litigation; compliance with
environmental regulations; labour disputes; changes in labour costs and labour
difficulties; risks and liabilities arising from derailments; transportation
of dangerous goods; timing of completion of capital and maintenance projects;
sufficiency of budgeted capital expenditures in carrying out business plans;
services and infrastructure; labour disruptions; the satisfaction by third
parties of their obligations; currency and interest rate fluctuations;
exchange rates; effects of changes in market conditions and discount rates on
the financial position of pension plans and investments; trade restrictions or
other changes to international trade arrangements; the effects of current and
future multinational trade agreements on the level of trade among Canada, the
U.S. and Mexico; climate change and the market and regulatory responses to
climate change; anticipated in-service dates; success of hedging activities;
operational performance and reliability; customer, regulatory and other
stakeholder approvals and support; regulatory and legislative decisions and
actions; the adverse impact of any termination or revocation by the Mexican
government of Kansas City Southern de México, S.A. de C.V.'s Concession;
public opinion; various events that could disrupt operations, including severe
weather, such as droughts, floods, avalanches and earthquakes, and
cybersecurity attacks, as well as security threats and governmental response
to them, and technological changes; acts of terrorism, war or other acts of
violence or crime or risk of such activities; insurance coverage limitations;
material adverse changes in economic and industry conditions, including the
availability of short and long-term financing; the pandemic created by the
outbreak of COVID-19 and its variants and resulting effects on economic
conditions, the demand environment for logistics requirements and energy
prices, restrictions imposed by public health authorities or governments,
fiscal and monetary policy responses by governments and financial
institutions, and disruptions to global supply chains; the realization of
anticipated benefits and synergies of the CP-KCS transaction and the timing
thereof; the satisfaction of the conditions imposed by the U.S. Surface
Transportation Board (STB) in its March 15, 2023 decision; the success of
integration plans for KCS; the focus of management time and attention on the
CP-KCS transaction and other disruptions arising from the CP-KCS integration;
estimated future dividends; financial strength and flexibility; debt and
equity market conditions, including the ability to access capital markets on
favourable terms or at all; cost of debt and equity capital; improvement in
data collection and measuring systems; industry-driven changes to
methodologies; and the ability of the management of CPKC to execute key
priorities, including those in connection with the CP-KCS transaction. The
foregoing list of factors is not exhaustive. These and other factors are
detailed from time to time in reports filed by CPKC with securities regulators
in Canada and the United States. Reference should be made to ""Item 1A - Risk
Factors"" and ""Item 7 - Management's Discussion and Analysis of Financial
Condition and Results of Operations - Forward- Looking Statements"" in CPKC's
annual and interim reports on Form 10-K and 10-Q. Any forward-looking
information contained in this presentation is made as of the date hereof.
Except as required by law, CPKC undertakes no obligation to update publicly or
otherwise revise any forward-looking information, or the foregoing assumptions
and risks affecting such forward-looking information, whether as a result of
new information, future events or otherwise.

BASIS OF PRESENTATION & NON-GAAP MEASURES

Basis of presentation

Except where noted, all figures are in millions of Canadian dollars.

Financial information is prepared in accordance with accounting principles
generally accepted in the United States of America (""U.S. GAAP""), unless
otherwise noted.

Financial and operating results described in this presentation, unless the
context indicates otherwise, represent the financial and operating results of
CP for the period from April 1, 2023, through April 13, 2023, during which
time KCS was held in voting trust and accounted for as an equity investment
under the equity method of accounting, and the financial and operating results
of CPKC for the period beginning on April 14, 2023, and ending on September
30, 2023.

Non-GAAP measures

CPKC presents Non-GAAP measures in this presentation to provide a basis for
evaluating underlying earnings and liquidity trends in CPKC's business that
can be compared with the prior period's results.

It should be noted that CPKC's Non-GAAP measures, as described in this
presentation, have no standardized meanings and are not defined by U.S. GAAP
and, therefore, may not be comparable to similar measures presented by other
companies.

For further information regarding Non-GAAP measures, including reconciliations
to the most directly comparable GAAP measures, see the Selected Unaudited
Combined Summary of Historical Data at investor.cpkcr.com, Non-GAAP Measures
supplement to the Q3 2023 Earnings Release on our website at
investor.cpkcr.com, CPKC's 2023 Q3 MD&A available on SEDAR+ at
www.sedarplus.caunder CPKC's SEDAR+ profile, and the Q3 2023 Unaudited
Combined Summary of Supplemental Data on our website at investor.cpkcr.com.

Although CPKC has provided target non-GAAP measures (Core adjusted combined
diluted EPS, Adjusted combined free cash conversion of Core adjusted combined
income, Core adjusted combined ROIC, and Adjusted combined net debt to
adjusted combined EBITDA ratio), management is unable to reconcile, without
unreasonable efforts, the target Core adjusted combined diluted EPS, Adjusted
combined free cash conversion of Core adjusted combined income, Core adjusted
combined ROIC, and Adjusted combined net debt to adjusted combined EBITDA
ratio, to the most comparable GAAP measures (Diluted EPS, Cash from operating
activities, return on average shareholders' equity and long-term debt to net
income ratio), due to unknown variables and uncertainty related to future
results. These unknown variables may include unpredictable transactions of
significant value. In recent years, the Company has recognized
acquisition-related costs, changes in income tax rates, and changes to an
uncertain tax item. These or other

similar, large unforeseen transactions affect diluted EPS, return on average
shareholders' equity, and cash from operating activities, but may be excluded
from CPKC's Core adjusted combined diluted EPS, Adjusted

combined free cash conversion of Core adjusted combined income, Core adjusted
combined ROIC, and Adjusted combined net debt to adjusted combined EBITDA
ratio. Additionally, the Canadian-to-U.S. dollar and Mexican peso-to-U.S.
dollar exchange rates are unpredictable and can have a significant impact on
CPKC's reported results but may be excluded from CPKC's Core adjusted combined
diluted EPS, Core adjusted combined ROIC, and Adjusted combined net debt to
adjusted combined EBITDA ratio. Additionally, the Canadian-to-U.S. dollar and
Mexican peso-to-U.S. dollar exchange rates are unpredictable and can have a
significant impact on CPKC's reported results but may be excluded from CPKC's
Core adjusted combined diluted EPS, Core adjusted combined ROIC, and Adjusted
combined net debt to adjusted combined EBITDA ratio.

COMBINED FINANCIAL

PERFORMANCE DATA
1.             Represents Combined financial information to illustrate the
estimated effects of the acquisition for 2022, as if the acquisition closed on
January 1, 2022. For a full description and reconciliation see the Selected
Unaudited Combined Summary of Historical Data at investor.cpkcr.com.          

2.             These measures are Non-GAAP measures, and have no standardized
meanings prescribed by accounting principles generally accepted in the United
States (""GAAP"") and, therefore, may not be comparable to similar measures
presented by other companies. These measures are defined and reconciled in
Part III Non-GAAP Measures of the Selected Unaudited Combined Summary of
Historical Data at investor.cpkcr.com.      
3.             Combined operating ratio is defined as proforma operating
expenses divided by proforma revenues.
 ($ in millions of Canadian dollars, except percentages)  2022 (1)  
 Total combined revenues                                  $13,217   
 Combined operating income                                $4,582    
 Core adjusted combined operating income (2)              $5,060    
 Combined operating ratio (3)                             65.3%     
 Core adjusted combined operating ratio (2)               61.7%     
 Proforma net income attributable to                      $4,153    
 controlling shareholders                                 
                                                          
 Core adjusted combined income (2)                        $3,521    
 Proforma diluted earnings per share                      $4.45     
 Core adjusted combined diluted earnings per              $3.77     
 share (2)                                                
                                                          
                                                                    

FOUNDED IN PRECISION, BUILT FOR GROWTH,

THE CPKC ADVANTAGE

The CPKC combination has redrawn the North American railroad map and changed
the freight rail industry for the better. Guided by our precision railroading
model, foundations and core values we continue to deliver industry-leading
service. It's a culture of excellence that we adhere to 24/7, 365. Stretching
approximately 20,000 route miles across Canada, the United States and Mexico,
and employing 20,000 railroaders, CPKC provides our customers unparalleled
rail service and network reach to key markets across the continent. While our
playing field has grown, our playbook and commitment to delivering safely and
sustainably for customers and shareholders remains the same.

Welcome to the CPKC Advantage!

2012 - 2016: WE REBUILT THE ENGINE

Streamlined assets

Right-sized resources to optimize our network

Precision railroading

Precision planning and execution to optimize service and control costs

Improved operating performance

Longer, faster trains and less dwell time

Consistent, reliable service

Leveraging our strengths to deliver superior value to our customers

Invested in the network

Upgraded to improve performance and increase capacity

Lowered cost base

Unprecedented margin improvement

Culture of accountability

Railroader attitude:

Do what you said you'll do

Developed the team

Handpicked team.

Best in the business

2017 - 2022: WE LED THE INDUSTRY IN GROWTH

 Diversified book of             Increased capacity           Right culture & team  
 business                        
 Efficiencies and network        
 Balanced portfolio of           Accountable, collaborative,  
 investments mean we have the    
 passionate team of railroaders  
 industries, regions             
 ability to do more              
                                 
 and markets                                                  
                                                              

Value driven

Disciplined approach to valuing service. We won't commoditize ourselves

 Powerful footprint            Resilient performance            Service innovation  Disciplined approach  
 Strong network with shortest  Pursuing the right customers in  
 Operating model performs in   Supply chain collaboration to    
 routes to major centers and   the right lanes to grow our      
 upturns and downturns         enhance our service offering     
 ability to extend reach       business                         
                                                                                    

CPKC: THE NEXT CHAPTER

Unique and unrivaled network

Only North American rail network to connect a continent

Best-in-class team

Proven leadership and experience with deep bench strength

Transformational Merger

Injecting new competition into the rail industry

Capacity to grow

Strategic land holdings in key markets

Environmental benefits

Taking trucks off the road and reducing GHG emissions

Value driven

Same disciplined approach to valuing service, applied to a larger network

Powerful synergies

Leveraging our network to develop new markets and drive profitable growth

Compelling value creation

Using our new network to create shareholder value

SAME PLAYBOOK BIGGER PLAYING FIELD
*            3-countryconnectivity     
*            20,000 track miles          
*            30+ ports & 30+ auto facilities          
*            200+ transloads & 90+ shortlines          
*            Unique, strategic land assets
DIVERSIFIED BOOK OF BUSINESS

A powerful base to drive sustainable growth
*              Uniquely positioned with best- in-class service and capacity to
grow       
*              Leveraging our strengths to grow with existing customers and
bring on new business            
*              Stronger margins allow us to compete for new opportunities     
      
*              Continually innovating with long-term partners to help them win
in the marketplace
 Combined Business Mix (1)  Combined Geographic Distribution ( 1)  
 % of 2022 Freight Revenue  % of 2022 Combined Freight Revenue     
 CAPITAL                                                           

INVESTMENTS
*              Reinvesting in the business is the first call on cash.         
  
*              Ongoing investments in replacing
depleted assets ensure the long-term

 Bulk                                                                                                                     40%             Global AR     22%  
                                                                                sustainability of our business.           Asia            19%           
 Grain                                                                                                                    22%             
 Coal                                  • Network upgrades (new track, longer    3%                                        
                                                                                8%                                        Europe          
 Potash                                                                         sidings, CTC) drive further productivity                  
                                                                                6%                                                                      
                                                                                and capacity improvements.                Cross-Border    40%           
 Fertilizers & Sulphur                 4%                                       Canada to U.S.                            16%             
                                                                                                                                          
                                       • Rolling stock investments include      11%                                       
 Merchandise                                                                    38%                                       U.S. to Mexico  
                                                                                locomotive modernization programs and     6%              
 Forest Products                                                                4%                                        U.S. to Canada  
                                       Mexico to U.S.                           5%                                        
                                                                                investment in our grain hopper fleet.                     
 Energy, Chemicals & Plastics          20%                                      Canada to Mexico                          1%              
 Metals, Minerals & Consumer Products  9%                                       
 Mexico to Canada                      1%                                       
 Automotive                                                                                                               5%              
                                                                                                                                          
                                                                                                                                          Domestic      38%  
 Intermodal                                                                                                               22%             Intra-U.S.    20%  
 Domestic                                                                                                                 13%             Intra-Canada  15%  
 International                                                                  9%                                        Intra-Mexico    3%            

2022 Combined Freight Revenue Variance (1)

% of 2021 Combined Freight Revenue

 Grain                             10%         
                                   
 Coal                   -2%                         
                                             
                                             
                                               
 Potash                            
                                               25%  
                                 
 Fertilizers & Sulphur                                
                                   11%         
                                             
                                             
 Forest Products                             
                                        16%  
                                   
 Energy, Chemicals &    -7%                           
                                               
                                               
 Plastics                                           
                                                    
 Minerals & Consumer                           25%  
                                             
 Products                                             
                                                    

26%

Automotive

32%

Intermodal

Total Change +32% Growth
1.             Represents combined freight revenue to illustrate the estimated
effects of the acquisition for 2022, as if the acquisition closed on January
1, 2021. For a full description and reconciliation see Selected Unaudited
Combined Summary of Historical Data on investor.cpkcr.com
Attachments
*           Original Link
(https://s21.q4cdn.com/736796105/files/doc_presentations/2024/cpkc-investor-presentation_final_january-2024.pdf)
        
*           Original Document
(https://docs.publicnow.com/4C73C6AE2EF7E60E42CE63DE2B40D42C56DD090E)         
*           Permalink
(https://www.publicnow.com/view/4C73C6AE2EF7E60E42CE63DE2B40D42C56DD090E)
Disclaimer

CPKC - Canadian Pacific Kansas City Limited published this content on 02
January 2024 and is solely responsible for the information contained therein.
Distributed by Public (http://www.publicnow.com), unedited and unaltered, on
03 January 2024 12:28:02 UTC.



(C) Copyright 2024 - CPKC - Canadian Pacific Kansas City Limited",urn:newsml:reuters.com:20240103:nNDL6BbQN0:1
"MEXICO CITY, Jan 10 (Reuters) - Mexico's antitrust
authority announced on Wednesday an investigation into the
country's freight rail transportation market, dominated by
Canadian Pacific Kansas City (CPKC) and Grupo Mexico's transport
unit, amid government plans to build out railway
infrastructure. 
    Without mentioning the companies by name, the antitrust
watchdog Cofece said that there were elements that suggest the
""absence of competitive conditions"" in the industry, which moves
a quarter of the total merchandise transported by land.
    In a statement, the commission said that nearshoring - the
trend of moving manufacturing from Asia to Mexico to be closer
to the U.S. - meant that guaranteeing price conditions was
""essential.""
    Canadian Pacific Kansas City <CP.TO> and Grupo Mexico
Transportes <GMXT.MX> did not immediately respond to a Reuters
request for comment.
    In a 2021 study, Cofece said that the country's railroads
were nearly entirely managed by three groups: Grupo Mexico held
56% alongside its Ferromex and Ferrosur units; Kansas City
Southern (now called CPKC) had 24%, and the state-owned
Ferrocarril del Istmo had 12%.
    Cofece said that the investigation period will take between
30 days and 120 business days, and may be extended up to two
times.
    In November, the government published a decree that gives
preference to trains transporting passengers over those
transporting freight on railways under concession. 
    Freight train companies have until Jan. 15, 2024, to submit
proposals of how their railways can be adapted to offer
passenger transportation.

 (Reporting by Noé Torres
Editing by Alistair Bell)
 ((mailto:noe.torres@thomsonreuters.com;))",urn:newsml:reuters.com:20240110:nL6N3E00I1:5
"(Adds company responses in paragraphs 5-6)
       MEXICO CITY, Jan 10 (Reuters) - Mexico's antitrust
authority said on Wednesday it was investigating the country's
freight rail transportation market amid government plans to
build out railway infrastructure. 
    Without mentioning any companies by name, the antitrust
watchdog Cofece said there were elements suggesting the ""absence
of competitive conditions"" in the industry. 
    Mexico's rail sector, which moves a quarter of the total
merchandise transported by land, is dominated by Canadian
Pacific Kansas City (CPKC) and Grupo Mexico's transport unit. 
    In a statement, Cofece said that nearshoring - the trend of
moving manufacturing from Asia to Mexico to be closer to the
United States - meant that guaranteeing price conditions was
""essential."" 
    Canadian Pacific Kansas City's local affiliate <CP.TO> said
in a statement it would ""fully cooperate"" with the
investigation, but that it does ""not anticipate that this
investigation will have a significant effect"" on its operations.
    Grupo Mexico Transportes <GMXT.MX> declined to comment. 
    In 2021, Cofece said Mexico's railroads were nearly entirely
managed by three groups: Grupo Mexico held 56% alongside its
Ferromex and Ferrosur units; Kansas City Southern (now called
CPKC) had 24%; and state-owned Ferrocarril del Istmo had 12%. 
    Cofece said the investigation period will take between 30
days and 120 business days, and may be extended up to two times.
    In November, the government published a decree that gives
preference to trains transporting passengers over those
transporting freight on railways under concession. 
    Freight train companies have until Jan. 15, 2024, to submit
proposals of how their railways can be adapted to offer
passenger transportation. 

 (Reporting by Noé Torres; Editing by Alistair Bell and Tom
Hogue)
 ((mailto:noe.torres@thomsonreuters.com;))",urn:newsml:reuters.com:20240111:nL1N3E102O:1
"(Adds detail on operators in paragraphs 2-4)
       MEXICO CITY, Jan 16 (Reuters) - Mexico's Transport
Ministry said on Tuesday it received five proposals from
interested parties to participate in the roll-out of a project
to boost passenger transport on railways being developed across
the country.
        The ministry did not identify which companies had
expressed interest, but Canadian Pacific Kansas City (CPKC)
<CP.TO> told Reuters it had filed a proposal. 
  
        The transport arm <GMXT.MX> of conglomerate Grupo Mexico
<GMEXICOB.MX>, a major operator, declined to comment.
  
        Mexico's 
    antitrust authority
     in 2021 estimated that some 80% of the country's railroads
were managed by the two firms, with a further 12% held by
state-owned Ferrocarril del Istmo.
  
        Mexico's railway infrastructure, covering much of the
country's vast terrain and connecting to the United States, is
almost exclusively used for freight transportation, but the
government is looking to expand its passenger routes.
  
    The ministry's announcement comes a day after the deadline
for proposals, set out in a decree late last year that called
for plans from concession holders outlining how their freight
railways could be adapted for passenger use.
    Mexican President Andres Manuel Lopez Obrador, whose term
ends this year, said last November that if companies decide not
to provide passenger services the government would do so.
    The government has prioritized development on seven routes
that span northern border cities, the Gulf and Pacific coasts,
major cities in central Mexico, and the capital's secondary
Felipe Angeles international airport.

 (Reporting by Noe Torres, Valentine Hilaire and Sarah Morland;
Editing by Leslie Adler)
 ((sarah.morland@thomsonreuters.com;))",urn:newsml:reuters.com:20240117:nL1N3E701T:5
"MEXICO CITY, Jan 18 (Reuters) - Mexico's two largest
rail operators have made ""positive"" proposals to create
passenger rail transport projects, Transport Minister Jorge Nuño
said on Thursday.
    Mexico's Transport Ministry said this week it had received
five proposals from interested parties to participate in the
roll-out of a project to boost passenger transport on railways
being developed across the country.
    Nuño said proposals were made by the transport arm <GMXT.MX>
of conglomerate Grupo Mexico <GMEXICOB.MX> and by Canadian
Pacific Kansas City (CPKC) <CP.TO>.
    ""We're analyzing the proposals. They were all positive.
We're asking for some clarifications and as soon we finish with
them we'll have a much more detailed statement next week,"" Nuño
said at President Andres Manuel Lopez Obrador's morning press
conference.
    The government is preparing studies to build the proposed
railway lines, which would offer a route between Mexico's
capital and the cities of Queretaro, Leon, Aguascalientes,
Guadalajara, and San Luis Potosi, Nuño added. 
    Mexico's railway infrastructure, covering much of the
country's vast terrain and connecting to the United States, is
almost exclusively used for freight transportation, but the
government is looking to expand passenger routes.
    Lopez Obrador, whose term ends later this year, said last
November that if companies decide not to provide passenger
services the government would do so.

 (Reporting by Brendan O'Boyle; Editing by Hugh Lawson)
 ((Brendan.OBoyle@thomsonreuters.com;))",urn:newsml:reuters.com:20240118:nL1N3E8268:1
"Jan 30 (Reuters) - Futures for Canada's main stock index
were subdued on Tuesday ahead of earnings updates from Big Tech
companies in the United States, domestic GDP data and the
Federal Reserve's interest rate decision later this week.
    March futures on the S&P/TSX index <SXFcv1> were down 0.2%
at 7:14 a.m. ET (12:14 GMT).
    Futures on Wall Street's main indexes were also muted ahead
of crucial jobs report. [.N]
    The materials sector is expected to gain as gold prices
ticked up on a weaker dollar and lower Treasury yields, while
copper edged higher on hopes of more economic support from
China. [GOL/] [MET/L]
    The U.S. Labor Department's job openings data, due at 10
a.m. ET, could provide some insight on the state of the American
labor market and the Fed's direction on interest rate cuts. The
U.S. central bank is scheduled to meet on Wednesday.
    Investors will also monitor the quarterly earnings of
Microsoft <MSFT.O> and Alphabet <GOOGL.O> later in the day.
Apple <AAPL.O>, Amazon.com <AMZN.O> and Meta <META.O> report
their results on Thursday.
    Among domestic stocks, pharmacy retailer Metro <MRU.TO> and
freight railroad operator Canadian Pacific Railway <CP.TO> are
slated to report their quarterly earnings later in the day.
    The Toronto Stock Exchange's S&P/TSX composite index
<.GSPTSE> ended 0.4% higher on Monday. It rose to a new 20-month
high, helped by gains in the technology and utilities sectors.
[.TO]
    Copper miner Lundin Mining Corp <LUN.TO> said its
fourth-quarter revenue was expected to be negatively impacted by
lower metal prices. 
    Electronics company Celestica <CLS.TO> reported
fourth-quarter results that beat analysts' estimates.
    
    COMMODITIES AT 7:14 a.m. ET
    Gold futures <GCc2>: $2,042.6; +0.4% [GOL/]
    US crude <CLc1>: $76.63; -0.2% [O/R]
    Brent crude <LCOc1>: $82.16; -0.3% [O/R]

 (Reporting by Purvi Agarwal in Bengaluru; Editing by Vijay
Kishore)
 ((Purvi.Agarwal@thomsonreuters.com))",urn:newsml:reuters.com:20240130:nL4N3EK2OE:3
"Jan 31 (Reuters) - Futures for Canada's main stock index
remained largely subdued on Wednesday, ahead of a day packed
with key domestic economic data and the U.S. Federal Reserve's
decision on interest rates.
    March futures on the S&P/TSX index <SXFcv1> were up 0.1% at
7:04 a.m. ET (12:04 GMT).
    Energy stocks are expected to take a hit as oil prices fell,
pressured by lacklustre economic activity in leading importer
China. [O/R]
    Copper prices came under pressure with China's soft
industrial data weighing on sentiment. [MET/L]
    The focus moves to the Fed's first monetary policy decision
this year, due at 2 p.m. ET, where the U.S. central bank is
expected to leave rates unchanged.
    Alongside, a November reading of Canadian gross domestic
product (GDP) data is due at 8:30 a.m. ET, which could help
investors better gauge the economic health of the country and
the Bank of Canada's future path on interest rates.
    Wall Street futures were mixed as rising artificial
intelligence cost projections from tech giants Alphabet and
Microsoft disappointed investors, ahead of the crucial monetary
policy decision. [.N]
    The Toronto Stock Exchange's S&P/TSX composite index
<.GSPTSE> ended 0.1% higher at 21,227.87 on Tuesday, its highest
closing since April 2022.
    Energy shares led gains in the previous session, as the
latest economic forecasts from the International Monetary Fund
bolstered investor hopes of a soft economic landing.
    On the corporate side, railroad operator Canadian Pacific
Kansas City <CP.TO> reported its fourth-quarter results above
analysts' estimates after the bell on Tuesday.
    Information technology service provider CGI <GIBa.TO>
reported its first-quarter earnings on Wednesday that beat
estimates.

    COMMODITIES AT 7:04 a.m. ET
    Gold futures <GCc2>: $2,045.7; +0.2% [GOL/]
    US crude <CLc1>: $76.88; -1.2% [O/R]
    Brent crude <LCOc1>: $81.93; -1.1% [O/R]

 (Reporting by Purvi Agarwal in Bengaluru; Editing by Vijay
Kishore)
 ((Purvi.Agarwal@thomsonreuters.com))",urn:newsml:reuters.com:20240131:nL4N3EL30W:2
"(Adds details on proposal, quote and background)
       MEXICO CITY, Feb 1 (Reuters) - Rail company Canadian
Pacific Kansas City (CPKC) has proposed passenger train service
from Mexico City to the U.S. border and will present a study for
the proposed route in May, Mexico's president told reporters on
Thursday.
    President Andres Manuel Lopez Obrador stressed during his
regular morning press conference that his government seeks the
dual use of rail lines previously used only for cargo transport.
        ""(CPKC) is interested because in the United States and
Canada they already operate cargo and passenger trains on the
same tracks. That's what we want,"" said Lopez Obrador, adding
that he expected a proposal along with a study in May. 
  
        He gave no further details, but said he was not aware of
other companies interested in the route.
  
        Earlier this month, Mexico's Transport Ministry said it
had received 
    five proposals
     from interested parties to participate in the roll-out of a
project to boost passenger transport on railways being developed
across the country, but without identifying specific companies.
  

 (Reporting by Raul Cortes Fernandez and Stefanie Eschenbacher;
Editing by Valentine Hilaire and David Alire Garcia)
 ((david.aliregarcia@thomsonreuters.com; +52 55 5282 7151;
Reuters Messaging:
david.aliregarcia.thomsonreuters.com@reuters.net))",urn:newsml:reuters.com:20240201:nL1N3EM23P:2
"By Lisa Baertlein
       LOS ANGELES, Feb 15 (Reuters) - U.S. shoppers can easily
track Amazon packages to their front door, but big railroad
customers can't see the real-time location of shipments of BMW
luxury cars, fuel or fertilizer as  they crisscross the country.
A U.S. coalition of railroad executives and their customers are
working to change that.
    The project, called RailPulse, comes as the $99-billion U.S.
freight railroad industry seeks to bolster volume that has been
stagnant for more than a decade and as customers demand better
service. It is establishing standards and building a unified
railcar GPS tracking system. The effort, which relies on
collaboration between partners whose interests do not always
converge, promises to improve planning and ultimately service
and efficiency, participants said.
    Alan Shaw, CEO of railroad Norfolk Southern <NSC.N>, said 
the 200-year-old U.S. freight rail industry has been slow to
adopt certain cutting-edge technology. As a result, it can't
tell a carmaker like BMW the exact location of a load of sedans
as they move through the system.
    E-commerce giant Amazon <AMZN.O>, meanwhile, has helped set
a standard for transportation companies. Railroads need to keep
pace, RailPulse founder Mike McClellan said.
    ""We want more people to feel more comfortable picking rail -
particularly this new generation of transportation managers who
are ... used to seeing things in real time,"" said McClellan, who
is also Norfolk Southern's chief strategy officer.
    RailPulse envisions a revenue model where users pay a
one-time charge to equip railcars with tracking technology,
periodic fees for communications services and software updates
and a monthly subscription fee of $3.50 per car. 
    It aims to sign up all six major U.S. freight railroads and
is halfway there with Norfolk Southern, Union Pacific <UP.N> and
Canadian Pacific Kansas City <CP.TO> onboard.   
    It is also recruiting the nation's 600 ""short-line"" train
operators like partner RDC, a family-owned railroad investment
and management company. Other participants include railcar
leasing companies like GATX <GATX.N> and Greenbrier <GBX.N>,
which are among the owners of the 1.6 million railcars in use
nationally. 
    Its first customer is global crop trader and processor Bunge
<BG.N>. Bunge, also a railcar owner, will have access to
RailPulse when the system officially launches in the third
quarter. 
    ""We will be better positioned to efficiently move our
products and those of our customers ... from the farmer all the
way to the end user,"" said Terry McDermott, Bunge's logistics
director for North America. 
    
    
    DAUNTING CHALLENGE
    The project is far more complex than tracking deliveries of
Amazon packages or pizzas from Domino's <DPZ.N>, which involve
one company, one customer, and one transaction.
    The median length of a U.S. freight train is roughly 5,400
feet (1,646 meters), or roughly 90 cars, with a small fraction
exceeding 14,000 feet (4,267 meters). Trains include equipment
from multiple car owners and cargo from many customers.
    Railcar location data typically comes from landside scanners
that provide location data at various points during a journey.
RailPulse will use GPS trackers, which are already federally
mandated on big rigs that rival rains for cargo.
    While the lack of a railcar power source hindered adoption
of GPS technology, improvements in solar power and GPS
technology have changed that, said Josh Perkes, vice president
of Union Pacific's Loup Logistics, who leads that railroad's
RailPulse effort.
    Still, large transportation data-sharing projects like
RailPulse are rare, said Dan Pellathy, a fellow at the Global
Supply Chain Institute at the University of Tennessee-Knoxville.
    ""The data collection alone is a pretty daunting problem,""
Pellathy said.
    Companies also don't like sharing information with
competitors, he said. And even when they get over that hurdle,
data from disparate systems must be secured, standardized,
checked for accuracy and subject to the same rules across the
network.  
    Then it must be transformed into usable data that is
available to some users and hidden from others for reasons of
safety and confidentiality, Pellathy said.
    One example of such an undertaking is the federally mandated
shift from paper to electronic medical records in the United
States - a project that has been in the works for more than a
decade.      
    Data-sharing technology is improving to meet customer
demands for more visibility, said Sandy Gosling, a partner at
consultancy McKinsey. 
    ""That train has left the station,"" Gosling said.
 

    <^^^^^^^^^^^^^^^^^^^^^^^^^^^^^^^^^^^^^^^^^^^^^^^^^^^^^^^^^^^
GRAPHIC-US freight rail volumes seen roughly flat as cargo
volume climbs    https://reut.rs/3wexEuT
GRAPHIC-US freight rail volumes seen roughly flat as cargo
volume climbs    https://reut.rs/49ANpe2
    ^^^^^^^^^^^^^^^^^^^^^^^^^^^^^^^^^^^^^^^^^^^^^^^^^^^^^^^^^^^>
 (Reporting by Lisa Baertlein in Los Angeles and Timothy Aeppel
in New York)
 ((lisa.baertlein@thomsonreuters.com))",urn:newsml:reuters.com:20240215:nL1N38I2W4:1
"2023 ANNUAL REPORT

MANAGEMENT'S DISCUSSION AND ANALYSIS CONSOLIDATED FINANCIAL STATEMENTS

FOR THE FOURTH QUARTER AND YEAR ENDED DECEMBER 31, 2023

Management's Discussion and Analysis

GENERAL INFORMATION

The following is TFI International Inc.'s management discussion and analysis
(""MD&A""). Throughout this MD&A, the terms ""Company"", ""TFI International"" and
""TFI"" shall mean TFI International Inc., including its operating subsidiaries.
This MD&A provides a comparison of the Company's performance for its
three-month and year ended December 31, 2023 with the corresponding
three-month and year ended December 31, 2022 and it reviews the Company's
financial position as of December 31, 2023. It also includes a discussion of
the Company's affairs up to February 15, 2024, which is the date of this MD&A.
The MD&A should be read in conjunction with the audited consolidated financial
statements and accompanying notes as at and for the year ended December 31,
2023.

In this document, all financial data are prepared in accordance with the
International Financial Reporting Standards (""IFRS"") as issued by the
International Accounting Standards Board (""IASB"") unless otherwise noted. All
amounts are in United States dollars (U.S. dollars), and the term ""dollar"", as
well as the symbol ""$"", designate U.S. dollars unless otherwise indicated.
Variances may exist as numbers have been rounded. This MD&A also uses non-IFRS
financial measures. Refer to the section of this report entitled ""Non-IFRS
Financial Measures"" for a complete description of these measures.

The Company's audited consolidated financial statements have been approved by
its Board of Directors (""Board"") upon recommendation of its audit committee on
February 15, 2024. Prospective data, comments and analysis are also provided
wherever appropriate to assist existing and new investors to see the business
from a corporate management point of view. Such disclosure is subject to
reasonable constraints for maintaining the confidentiality of certain
information that, if published, would probably have an adverse impact on the
competitive position of the Company.

Additional information relating to the Company can be found on its website at
www.tfiintl.com. The Company's continuous disclosure materials, including its
annual and quarterly MD&A, annual and quarterly consolidated financial
statements, annual report, annual information form, management proxy circular
and the various press releases issued by the Company are also available on its
website, or directly through the SEDAR system at www.sedar.com, or through the
EDGAR system at www.sec.gov/edgar.shtml.

FORWARD-LOOKING STATEMENTS

The Company may make statements in this report that reflect its current
expectations regarding future results of operations, performance and
achievements. These are ""forward-looking"" statements and reflect management's
current beliefs. They are based on information currently available to
management. Words such as ""may"", ""might"", ""expect"", ""intend"", ""estimate"",
""anticipate"", ""plan"", ""foresee"", ""believe"", ""to its knowledge"", ""could"",
""design"", ""forecast"", ""goal"", ""hope"", ""intend"", ""likely"", ""predict"",
""project"", ""seek"", ""should"", ""target"", ""will"", ""would"" or ""continue"" and words
and expressions of similar import are intended to identify these
forward-looking statements. Such forward-looking statements are subject to
certain risks and uncertainties that could cause actual results to differ
materially from historical results and those presently anticipated or
projected.

The Company wishes to caution readers not to place undue reliance on any
forward-looking statements which reference issues only as of the date made.
The following important factors could cause the Company's actual financial
performance to differ materially from that expressed in any forward-looking
statement: the highly competitive market conditions, the Company's ability to
recruit, train and retain qualified drivers, fuel price variations and the
Company's ability to recover these costs from its customers, foreign currency
fluctuations, the impact of environmental standards and regulations, changes
in governmental regulations applicable to the Company's operations, adverse
weather conditions, accidents, the market for used equipment, changes in
interest rates, cost of liability insurance coverage, downturns in general
economic conditions affecting the Company and its customers, credit market
liquidity, and the Company's ability to identify, negotiate, consummate and
successfully integrate business acquisitions.

The foregoing list should not be construed as exhaustive, and the Company
disclaims any subsequent obligation to revise or update any previously made
forward-looking statements unless required to do so by applicable securities
laws. Unanticipated events are likely to occur. Readers should also refer to
the section ""Risks and Uncertainties"" at the end of this MD&A for additional
information on risk factors and other events that are not within the Company's
control. The Company's future financial and operating results may fluctuate as
a result of these and other risk factors.

2023 Annual Report │2

Management's Discussion and Analysis

SELECTED FINANCIAL DATA AND HIGHLIGHTS

 (unaudited)                                                       Three months ended             Years ended  
 (in thousands of U.S. dollars, except per share data)  2023       December 31         2023       December 31  
                                                        2022       2021                2022       2021         
 Revenue before fuel surcharge                          1,674,114  1,616,495           1,888,423  6,416,886    7,357,064  6,468,785  
 Fuel surcharge                                         294,564    340,199             252,491    1,104,281    1,455,427  751,644    
 Total revenue                                          1,968,678  1,956,694           2,140,914  7,521,167    8,812,491  7,220,429  
 Adjusted EBITDA 1                                      320,938    304,956             318,466    1,187,940    1,425,024  1,076,479  
 Operating income                                       198,257    216,860             214,979    757,635      1,146,038  979,229    
 Net income                                             131,386    153,494             144,139    504,877      823,232    754,405    
 Adjusted net income 1                                  147,020    151,759             148,620    538,333      731,668    498,348    
 Net cash from operating activities                     302,580    248,348             190,333    1,013,839    971,645    855,351    
 Free cash flow 1                                       243,788    188,273             120,749    775,895      880,892    700,889    
 Per share data                                         1.53                                      5.80                               
 EPS - diluted                                          1.74       1.52                9.02       7.91         
 Adjusted EPS - diluted 1                               1.71       1.72                1.57       6.18         8.02       5.23       
 Dividends                                              0.40       0.35                0.27       1.45         1.16       0.96       
 As a percentage of revenue before fuel surcharge       19.2%                                     18.5%                              
 Adjusted EBITDA margin 1                               18.9%      16.9%               19.4%      16.6%        
 Depreciation of property and equipment                 3.8%       3.5%                3.5%       3.9%         3.4%       3.5%       
 Depreciation of right-of-use assets                    2.1%       2.0%                1.7%       2.1%         1.7%       1.7%       
 Amortization of intangible assets                      1.0%       0.8%                0.7%       0.9%         0.8%       0.9%       
 Operating margin 1                                     11.8%      13.4%               11.4%      11.8%        15.6%      15.1%      
 Adjusted operating ratio 1                             87.7%      87.4%               89.0%      88.4%        86.5%      89.4%      

Q4 Highlights
*             Fourth quarter operating income of $198.3 million compares to
$216.9 million the same quarter last year, primarily reflecting weaker market
conditions and a reduction of $23.0 million the gain, net of impairment, on
the sale of assets held for sale.           
*             Net income of $131.4 million compares to $153.5 million in Q4
2022. Diluted earnings per share (diluted ""EPS"") of $1.53 compares to $1.74 in
Q4 2022.           
*             Adjusted net income            1, a non-IFRS measure, of $147.0
million compares to $151.8 million in Q4 2022.      
*             Adjusted diluted EPS            1, a non-IFRS measure, of $1.71
compares to $1.72 in Q4 2022.      
*             Net cash from operating activities of $302.6 million grew from
$248.3 million in Q4 2022.           
*             Free cash flow            1, a non-IFRS measure, of $243.8
million grew from $188.3 million in Q4 2022.      
*             The Company's reportable segments performed as follows:
o Package and Courier operating income decreased 8% to $34.7 million on lower
volumes, rates and fuel surcharge;

o Less-Than-Truckload operating income decreased 19% to $71.4 million on the
$7.2 million net loss on assets to held-for-sale, as well as lower volumes
offset by strong operational performance and contributions from acquisitions;

o Truckload operating income decreased 29% to $50.7 million primarily on lower
rates and volumes offset by contributions from acquisitions; and
*             1.               Logistics operating income increased 60% to
$54.7 million resulting from the August 2023 acquisition of JHT Holdings, Inc,
as well as strong operational performance in the US same day package and LTL
brokerage businesses.             
           
*             Improvement of the claims ratio in the US LTL to 0.3% from 1.0%
a year earlier, and a consistent claims ratio of 0.1% in Canadian LTL.        
  
*             On December 18, 2023, the Board of Directors of TFI declared a
quarterly dividend of $0.40 per share paid on January 15, 2024, a 14% increase
over the quarterly dividend of $0.35 per share declared in Q4 2022. The
annualized dividend            1 represents 17.4% of the trailing twelve-month
free cash flow.      
*             During the quarter, TFI International agreed to acquire Daseke,
Inc., in a transaction expected to close during the second quarter of 2024,
after which Daseke's operating companies will operate as part of the TFI's
Truckload segment. Also during the quarter, the Company acquired Dahlsten
Truck Line, which operates in the Truckload segment. Subsequent to the
quarter, the Company acquired Sharp Trucking Services Ltd.           
*             During the fourth quarter, the Company returned $199.2 million
of capital to the shareholders through $30.0 million in quarterly dividends
and $169.2 million of share repurchases, as the Company repurchased and
cancelled 1,500,000 shares.
1 This is a non-IFRS measure. For a reconciliation, please refer to
the""Non-IFRSfinancial measures"" section below.

2023 Annual Report │3

Management's Discussion and Analysis

ABOUT TFI INTERNATIONAL

Services

TFI International is a North American leader in the transportation and
logistics industry, operating in the United States and Canada. TFI
International creates value for shareholders by identifying strategic
acquisitions and managing a growing network of wholly-owned operating
subsidiaries. Under the TFI International umbrella, companies benefit from
financial and operational resources to build their businesses and increase
their efficiency. TFI International companies service the following reportable
segments:
1.             Package and Courier (""P&C"");           
2.             Less-Than-Truckload(""LTL"");      
3.             Truckload (""TL"");           
4.             Logistics.
Seasonality of operations

The activities conducted by the Company are subject to general demand for
freight transportation. Historically, demand has been relatively stable with
the weakest generally occurring during the first quarter. Furthermore, during
the harsh winter months, fuel consumption and maintenance costs tend to rise.

Human resources

As at December 31, 2023, the Company had 25,123 employees throughout TFI
International's various business segments across North America. This compares
to 25,836 employees as at December 31, 2022. The year-over-year decrease of
713 employees is attributable to business acquisitions that added 2,351
employees offset by rationalizations affecting 3,064 employees mainly in the
LTL segment. The Company believes that it has a relatively low turnover rate
among its employees in Canada, and a normal turnover rate in the U.S.
comparable to other U.S. carriers, and that its employee relations are very
good.

Equipment

The Company is a significant transportation provider throughout North America.
As at December 31, 2023, the Company had 11,455 trucks, 34,599 trailers and
7,504 independent contractors. This compares to 11,442 trucks, 38,091 trailers
and 6,905 independent contractors as at December 31, 2022.

Facilities

TFI International's head office is in Montréal, Québec and its executive
office is in Etobicoke, Ontario. As at December 31, 2023, the Company had 598
facilities, as compared to 544 facilities as at December 31, 2022. Of these
598 facilities, 330 are located in the United States and 268 are located in
Canada. In the last twelve months, 86 facilities were added from business
acquisitions and terminal consolidation decreased the total number of
facilities by 32, mainly in the LTL and Logistics segments.

Customers

The Company has a diverse customer base across a broad cross-section of
industries with no single client accounting for more than 5% of consolidated
revenue. Because of its customer diversity, as well as the wide geographic
scope of the Company's service offerings and the range of segments in which it
operates, a downturn in the activities of an individual customer or customers
in a particular industry would not be expected to have a material adverse
impact on operations. The Company has forged strategic partnerships with other
transport companies in order to extend its service offerings to customers
across North America.

                         Revenue by Top Customers' Industry                          
                         (58% of total revenue in the year ended December 31, 2023)  
 Retail                  24%                                                         
 Manufactured Goods      14%                                                         
 Automotive              12%                                                         
 Building Materials      12%                                                         
 Metals & Mining         7%                                                          
 Food & Beverage         8%                                                          
 Services                5%                                                          
 Chemicals & Explosives  4%                                                          
 Forest Products         3%                                                          
 Energy                  3%                                                          
 Maritime Containers     1%                                                          
 Waste Management        1%                                                          
 Others                  6%                                                          

2023 Annual Report │4

Management's Discussion and Analysis

CONSOLIDATED RESULTS

This section provides general comments on the consolidated results of
operations. A more detailed analysis is provided in the ""Segmented Results""
section.

2023 business acquisitions

In line with its growth strategy, the Company acquired twelve businesses
during 2023.

On January 9, 2023, TFI International acquired selected assets of Stallion
Express, LLC (""Stallion""). Stallion services the long-term care pharmacy of
the medical logistics market in the eastern United States and is reported in
the Logistics segment.

On February 5, 2023, TFI International acquired D.M. Breton Inc. (""D.M.
Breton""). Based out of Quebec, D.M. Breton transports freight, lumber and
paper products between Canada and the United States and is reported in the
Truckload segment.

On February 17, 2023, TFI International acquired Axsun Inc. and its
subsidiaries (""Axsun""). Based out of Montreal, Quebec, but operated from
multiple locations, Axsun is a provider of intermodal and freight brokerage
services across Canada and the United States. Axsun is reported in the
Logistics segment.

On March 20, 2023, TFI International acquired Hot-Line Freight Systems, Inc.
and Hot-Line Logistics, LLC (collectively referred to as ""Hot-Line"").Hot-Line
is a Wisconsin-based LTL provider servicing the Midwestern USA and is reported
in the LTL segment.

On April 2, 2023, TFI international acquired SM Freight Inc. (""SM Freight"").
SM Freight is based in Southern Ontario and specializes in refrigerated
services to and from the U.S., and also provides warehousing services. SM
Freight is reported in the Truckload segment.

On April 30, 2023, TFI International acquired Launch Logistix Inc. (""Launch"").
Launch is an existing independent agent of TFWW, an operating division of TFI,
based in Minnesota providing logistics services. Launch is reported in the
Logistics segment.

On May 21, 2023, TFI International acquired Les Placements Jonadagi Inc.
(""Jonadagi""). Jonadagi is a truckload company based in Vaudreuil, Quebec, and
provides truckload services to eastern Canada. Jonadagi is reported in the
Truckload segment.

On July 13, 2023, TFI international acquired Siemens Transportation Group
(""STG""). STG is based in Saskatchewan, Canada and provides LTL, truckload and
flatbed services throughout North America. STG is reported in the LTL and
Truckload segments.

On August 3, 2023, TFI International acquired Ulch Transport Limited (""Ulch"").
Ulch specializes in truckload transportation of food products, including
liquid food products and refrigerated goods, throughout North America. Ulch is
based in Ontario, Canada and is reported in the Truckload segment.

On August 16, 2023, TFI International acquired JHT Holdings, Inc. (""JHT""). JHT
is an asset light logistics and transportation provider for Class 6-8 truck
manufacturers, transporting new trucks from manufacturing and final assembly
plants to dealers and end customers. JHT is reported in the Logistics segment.

On September 1, 2023, TFI International acquired Vedder Transportation Group
(""Vedder""). Vedder specializes in tank truck transport of food grade liquids
and dry bulk commodities and operates in Western Canada. This transaction
included the acquisition of significant real estate properties amounting to
$57.2 million. Vedder is reported in the Truckload segment.

On November 19, 2023, TFI International acquired Dahlsten Truck Line Ltd
(""Dahlsten""). Dahlsten specializes in dry bulk food-grade tank transportation
operating across the American Midwest. Dahlsten is reported in the Truckload
segment.

2023 Annual Report │5

Management's Discussion and Analysis

Revenue

For the three months ended December 31, 2023, total revenue was $1,968.7
million, compared to $1,956.7 million in Q4 2022. The increase was mainly
attributable to contributions from business acquisitions of $235.0 million
partially offset by a weakened market which resulted in weaker volumes and
pricing decreases particularly in the TL segment.

For the year ended December 31, 2023, total revenue was $7.52 billion compared
to $8.81 billion from 2022. The decrease was mainly attributable to weakened
market which resulted in weaker volumes and pricing decreases particularly in
the TL segment contributing to a decrease in revenue before surcharge from
existing operations of $1,427.0 million, as well as the sale of CFI which had
revenue of $415.2 million in 2022. This decrease was partially offset by
contributions from business acquisitions of $550.9 million.

Operating expenses

For the three months ended December 31, 2023, the Company's operating expenses
increased by $30.6 million, to $1,770.4 million, from $1,739.8 million in Q4
2022. This increase was due to an increase from business acquisitions of
$210.9 million offset partially by a decrease in operating expenses from
existing operations of $180.3 million, as revenues decreased.

For the three months ended December 31, 2023, materials and services expenses,
net of fuel surcharge, increased by $17.4 million, to $771.3 million from
$694.0 million in the same period last year due primarily to an increase from
business acquisitions of $106.8 million, partially offset by a decrease in
revenues.

For the three months ended December 31, 2023, personnel expense increased 4%
to $534.2 million from $514.6 million in Q4 2022. The increase is attributable
primarily to an increase in business acquisitions of $55.0 million offset by
reduced expenses in response to the decline in revenues and the ability of the
Company to quickly adjust to demand levels.

Other operating expenses, which are primarily comprised of costs related to
office and terminal rent, taxes, heating, telecommunications, maintenance and
security and other general administrative expenses, increased by $1.4 million,
or 1%, for the three months ended December 31, 2023, as compared to the same
period last year, as increased costs from business acquisitions were partially
offset by a reduction of spending due to a decline in revenues.

Gains on the sale of and impairment on assets held for sale decreased by $23.0
million from a gain of $16.0 million in Q4 2022 to a loss of $7.0 million. The
loss in Q4 2023 include a loss on rolling stock of $11.3 million.

For the year ended December 31, 2023, the Company's operating expenses
decreased by $902.9 million from $7.67 billion in 2022 to $6.76 billion in
2023. The decrease is mainly attributable to a reduction in existing
operations of $996.8 million, driven by a decrease in revenues, and the sale
of CFI which incurred $401.1 million of operating expenses in the same period
last year. This is partially offset by an increase in operating expense from
business acquisition of $495.0 million.

Operating income

For the three months ended December 31, 2023, the Company's operating income
was $198.3 million compared to $216.9 million during the same quarter in 2022.
The decrease is primarily attributable to the decline in revenues as a result
of weaker market demand in the quarter and the impact of a decrease in gains
from assets held for sale of $23.0 million, offset by the contribution from
acquisitions of $24.1 million.

For the year ended December 31, 2023, the Company's operating income of $757.6
million compared to $1,146.0 million in 2022.

Finance income and costs

 (unaudited)                                                                                    Three months ended                               Years ended  
 (in thousands of U.S. dollars)                                                                 2023                December 31          2023    December 31  
 Finance costs (income)                                                                         2022                             2022    
 Interest expense on long-term debt                                                             20,757              11,809               59,432  52,230       
 Interest expense on lease liabilities                                        4,431    3,413    16,042              13,264       
 Interest income                                                              (3,838)  (1,075)  (8,121)             (1,750)      
 Net change in fair value and accretion expense of contingent considerations  31       90       165                 216          
 Net foreign exchange (gain) loss                                             (1,620)  (564)    (491)               556          
 Others                                                                       3,502    3,290    13,844              15,881       
 Net finance costs                                                                     23,263   16,963              80,871       80,397  

Interest expense on long-term debt

Interest expense on long-term debt for the three-month period ended December
31, 2023 increased by $8.9 million as compared to the same quarter last year
as the average level of debt rose from $1.32 billion to $1.81 billion as a
result of the $500.0 million debt agreement in the quarter, and the rate also
increased from 3.57% to 4.60%.

2023 Annual Report │6

Management's Discussion and Analysis

The interest expense on long-term debt for the year ended December 31, 2023,
increased by $7.2 million as compared to the same period last year mainly due
to an increase in the average interest rate from 3.35% to 3.95% in 2023.

Net foreign exchange gain or loss and net investment hedge

The Company designates as a hedge a portion of its U.S. dollar denominated
debt held against its net investments in U.S. operations. This accounting
treatment allows the Company to offset the designated portion of foreign
exchange gain (or loss) of its debt against the foreign exchange loss (or
gain) of its net investments in U.S. operations and present them in other
comprehensive income. Net foreign exchange gains or losses recorded in income
or loss are attributable to the translation of the U.S. dollar portion of the
Company's credit facilities not designated as a hedge and to the translation
of other financial assets and liabilities denominated in currencies other than
the functional currency. For the three-month period ended December 31, 2023, a
gain of $41.3 million of foreign exchange variations (a gain of $41.2 million
net of tax) was recorded to other comprehensive income as it relates to the
translation of the debt in the net investment hedge. For the three-month
period ended December 31, 2022, a gain of $19.7 million of foreign exchange
variations (a gain of $20.2 million net of tax) was recorded to other
comprehensive income as it relates to the translation of the debt in the net
investment hedge.

For the year ended December 31, 2023, a gain of $37.9 million of foreign
exchange variations (a gain of $39.7 million net of tax) was recorded to other
comprehensive income as it relates to the translation of the debt in the net
investment hedge. For the year ended December 31, 2022, a loss of $76.1
million of foreign exchange variations (a loss of $72.0 million net of tax)
was recorded to other comprehensive income as it relates to the translation of
the debt in the net investment hedge.

Income tax expense

For the three months ended December 31, 2023, the Company's effective tax rate
was 24.9%. The income tax expense of $43.6 million reflects a $2.8 million
favorable variance versus an anticipated income tax expense of $46.4 million
based on the Company's statutory tax rate of 26.5%. The favorable variance is
due to a favorable variation from tax deductions and tax-exempt income of $3.8
million and adjustments for prior years of $2.0 million partially offset by an
unfavorable variation from a variation in tax rate of $1.3 million.

For the year ended December 31, 2023, the Company's effective tax rate was
25.4%. The income tax expense of $171.9 million reflects a $7.5 million
favorable variance versus an anticipated income tax expense of $179.3 million
based on the Company's statutory tax rate of 26.5%. The favorable variance is
mainly due to favorable variations from tax deductions and tax-exempt income
of $14.9 million which is partially offset by an unfavorable variance of $5.3
million for multi-jurisdiction tax.

Net income and adjusted net income

 (unaudited)                                                                                  Three months ended                        Years ended  
 (in thousands of U.S. dollars, except per share data)                               2023                         December 31  2023                  December 31  
                                                                                     2022     2021                2022         2021     
 Net income                                                                          131,386  153,494             144,139      504,877  823,232      754,405      
 Amortization of intangible assets related to business acquisitions        15,598    13,969   13,128              56,160       52,003   50,498       
 Net change in fair value and accretion expense of contingent              31                                     165                                
 considerations                                                            90        1,571    216                 1,932        
 Net foreign exchange (gain) loss                                          (1,620)   (564)    (939)               (491)        556      (1,471)      
 (Gain) loss on sale of business and direct attributable costs                       -        2,069               -            3,011    (69,753)     -            
 Bargain purchase gain                                                               -        -                   -            -        -            (283,593)    
 (Gain) loss, net of impairment, on sale of land and buildings and assets  7,026                                  (14,721)                           
 held for sale                                                             (15,941)  (6,638)  (77,870)            (11,978)     
 (Gain) loss on disposal of intangible assets                                        -        -                   (5)          -        -            1            
 Tax impact of adjustments                                                 (5,401)   (1,358)  (2,636)             (10,668)     3,284    (11,446)     
 Adjusted net income 1                                                     147,020   151,759  148,620             538,333      731,668  498,348      
 Adjusted EPS - basic 1                                                    1.73      1.75     1.60                6.27         8.19     5.36         
 Adjusted EPS - diluted 1                                                  1.71      1.72     1.57                6.18         8.02     5.23         

For the three months ended December 31, 2023, TFI International's net income
was $131.4 million as compared to $153.5 million in Q4 2022. The Company's
adjusted net income1, a non-IFRS measure, which excludes items listed in the
above table, was $147.0 million as compared to $151.8 million in Q4 2022, a
decrease of 3% or $4.8 million. Adjusted EPS1, fully diluted, of $1.71
compared to $1.72 in Q4 2022.

1 This is a non-IFRS. For the reconciliation, refer to the ""Non-IFRS financial
measures"" section below.

2023 Annual Report │7

Management's Discussion and Analysis

SEGMENTED RESULTS

To facilitate the comparison of business level activity and operating costs
between periods, the Company compares the revenue before fuel surcharge
(""revenue"") and reallocates the fuel surcharge revenue to materials and
services expenses within operating expenses. Note that ""Total revenue"" is not
affected by this reallocation.

Selected segmented financial information

 (unaudited)                            Package  Less-                                                                    
 (in thousands of U.S. dollars)         and      Than-                                                                    
                                        Courier  Truckload  Truckload  Logistics  Corporate  Eliminations  Total        
 Three months ended December 31, 2023                                                                                     
                                                                                                                        
 Revenue before fuel surcharge 1        122,033  695,930    399,277    471,638    -          (14,764)      1,674,114    
 % of total revenue 2                   8%       43%        24%        25%                                 100%       
 Adjusted EBITDA 3                      40,939   125,064    98,770     69,230     (13,065)   -             320,938      
 Adjusted EBITDA margin 3,4             33.5%    18.0%      24.7%      14.7%                               19.2%        
 Operating income (loss)                34,711   71,447     50,657     54,654     (13,212)   -             198,257      
 Operating margin 3,4                   28.4%    10.3%      12.7%      11.6%                               11.8%        
 Total assets less intangible assets 3  175,336  2,134,895  1,146,497  357,251    450,340    -             4,264,319    
 Net capital expenditures 3             9,572    37,380     4,725      1,792      129        -             53,598       
 Three months ended December 31, 2022                                                                                     
                                                                                                                        
 Revenue before fuel surcharge 1        129,074  720,783    403,351    375,968    -          (12,681)      1,616,495    
 % of total revenue 2                   9%       46%        25%        20%                                 100%       
 Adjusted EBITDA 3                      43,935   126,307    104,007    43,473     (12,766)   -             304,956      
 Adjusted EBITDA margin 3,4             34.0%    17.5%      25.8%      11.6%                               18.9%        
 Operating income (loss)                37,563   88,240     71,842     34,204     (14,989)   -             216,860      
 Operating margin 3,4                   29.1%    12.2%      17.8%      9.1%                                13.4%        
 Total assets less intangible assets 3  182,605  2,107,874  1,085,629  263,017    274,595                  3,913,720    
 Net capital expenditures 3             6,045    57,273     14,248     131        58         -             77,755       
 Year ended December 31, 2023                                                                                             
                                                                                                                        
 Revenue before fuel surcharge 1        461,930  2,777,309  1,625,592  1,604,878  -          (52,823)      6,416,886    
 % of total revenue 2                   8%       44%        26%        22%                                 100%       
 Adjusted EBITDA 3                      139,437  473,602    428,203    207,800    (61,102)   -             1,187,940    
 Adjusted EBITDA margin 3,4             30.2%    17.1%      26.3%      12.9%                               18.5%        
 Operating income (loss)                114,360  310,429    237,393    160,112    (64,659)   -             757,635      
 Operating margin 3,4                   24.8%    11.2%      14.6%      10.0%                               11.8%        
 Total assets less intangible assets 3  175,336  2,134,895  1,146,497  357,251    450,340    -             4,264,319    
 Net capital expenditures 3             19,935   154,832    29,098     3,725      238        -             207,828      
 Year ended December 31, 2022                                                                                             
                                                                                                                        
 Revenue before fuel surcharge 1        498,972  3,243,557  1,986,331  1,689,122  -          (60,918)      7,357,064    
 % of total revenue 2                   7%       45%        28%        20%                                 100%       
 Adjusted EBITDA 3                      160,838  567,759    557,058    178,690    (39,321)   -             1,425,024    
 Adjusted EBITDA margin 3,4             32.2%    17.5%      28.0%      10.6%                               19.4%        
 Operating income                       134,306  470,807    366,868    140,446    33,611     -             1,146,038    
 Operating margin 3,4                   26.9%    14.5%      18.5%      8.3%                                15.6%        
 Total assets less intangible assets 3  182,605  2,107,874  1,085,629  263,017    274,595    -             3,913,720    
 Net capital expenditures 3             10,636   132,814    31,658     676        170        -             175,954      
1.             Includes intersegment revenue.           
2.             Segment revenue including fuel surcharge and intersegment
revenue to consolidated revenue including fuel surcharge and intersegment
revenue.           
3.             This is a non-IFRS measures. For a reconciliation, refer to the
""Non-IFRS financial measures"" section below.      
4.             As a percentage of revenue before fuel surcharge.
2023 Annual Report │8

Management's Discussion and Analysis

Package and Courier

 (unaudited)                                                    Three months ended December 31                             Years ended December 31  
 (in thousands of U.S. dollars)                       2023      %                               2022      %                2023                     %        2022       %       
 Total revenue                                        156,198                                   172,381                    583,198                           650,844            
 Fuel surcharge                                       (34,165)                                  (43,307)                   (121,268)                         (151,872)          
 Revenue                                              122,033   100.0%                          129,074   100.0%  461,930  100.0%                   498,972  100.0%           
 Materials and services expenses (net of fuel         41,104    33.7%                                                      163,960                  35.5%                       
 surcharge)                                           42,784    33.1%                           167,725   33.6%            
 Personnel expenses                                   33,695    27.6%                           35,877    27.8%   133,504  28.9%                    144,650  29.0%            
 Other operating expenses                             6,403     5.2%                            6,667     5.2%    26,374   5.7%                     26,845   5.4%             
 Depreciation of property and equipment               2,969     2.4%                            3,080     2.4%    11,789   2.6%                     12,863   2.6%             
 Depreciation of right-of-use assets                  3,103     2.5%                            3,135     2.4%    12,654   2.7%                     13,024   2.6%             
 Amortization of intangible assets                    156       0.1%                            157       0.1%    627      0.1%                     645      0.1%             
 Gain on sale of rolling stock and equipment          (106)     -0.1%                           (189)     -0.1%   (510)    -0.1%                    (1,087)  -0.2%      
 (Gain) loss on derecognition of right-of-use assets  (2)       -0.0%                           -         -                (835)                    -0.2%    1          0.0%    
 Loss on sale of land and buildings and assets        -         -                                                          7                        0.0%                        
 held for sale                                        -         -                                         -       0.0%                              
 Operating income                                     34,711    28.4%                           37,563    29.1%   114,360  24.8%                    134,306  26.9%            
 Adjusted EBITDA 1                                    40,939    33.5%                           43,935    34.0%   139,437  30.2%                    160,838  32.2%            
 Return on invested capital 1                                   28.1%                                     32.5%                                                                 

1 This is a non-IFRS measure. For a reconciliation, refer to the ""Non-IFRS
financial measures"" section below.

 Operational data                                                                       Three months ended December 31          Years ended December 31  
 (unaudited)                                                                    2023    2023                            
 (Revenue in U.S. dollars)                                                      2022    Variance                        %       2022                     Variance  %        
 Revenue per pound (including fuel)                                             $0.48   $0.47                           $0.01   -2.1%                    $0.47     $0.48    $(0.01)  -2.1%  
 Revenue per pound (excluding fuel)                                     $0.37   $0.35   $0.02                           5.7%    $0.37                    $0.37     $-       -        
 Revenue per package (including fuel)                                   $7.03   $7.46   $(0.43)                         -5.8%   $7.27                    $7.66     $(0.39)  -5.1%    
 Revenue per package (excluding fuel)                                   $5.49   $5.59   $(0.10)                         -1.8%   $5.76                    $5.88     $(0.12)  -2.0%    
 Tonnage (in thousands of metric tons)                                  148     167     (19)                            -11.4%  563                      614       (51)     -8.3%    
 Packages (in thousands)                                                22,230  23,107  (877)                           -3.8%   80,245                   84,915    (4,670)  -5.5%    
 Average weight per package (in lbs.)                                   14.67   15.93   (1.26)                          -7.9%   15.46                    15.94     (0.48)   -3.0%    
 Vehicle count, average                                                 995     1,028   (33)                            -3.2%   990                      1,046     (56)     -5.3%    
 Weekly revenue per vehicle (incl. fuel, in thousands of U.S. dollars)  $12.08  $12.90  $(0.82)                         -6.4%   $11.33                   $11.97    $(0.64)  -5.4%    

Revenue

For the three months ended December 31, 2023, revenue decreased by $7.0
million or 5%, from $129.1 million in 2022 to $122.0 million in 2023. This
decrease is mostly attributable to a 3.8% decrease in packages and a 1.8%
decrease in revenue per package (excluding fuel surcharge). The decrease in
revenue per package is attributable to a decrease of 7.9% in average weight
per package but partially offset by an increase in revenue per pound
(excluding fuel surcharge) of 5.7%. The decrease in packages is attributable
to softness in the market, primarily in the business-to-consumer deliveries.

For the year ended December 31, 2023, revenue decreased by $37.0 million or
7%, from $499.0 million in 2022 to $461.9 million in 2023. This decrease is
attributable to a 2.0% decrease in revenue per package combined with a 5.5%
decrease in packages related primarily to softness in the business-to-
consumer market.

Operating expenses

For the three months ended December 31, 2023, materials and services expenses,
net of fuel surcharge revenue, decreased by $1.7 million or 4%, mostly due to
a decrease of $7.8 million in sub-contractor costs and $1.2 million in
external labor, offset by a decrease of $9.1 million in fuel surcharge
revenue. Personnel expenses decreased by $2.2 million, or 6%, mostly explained
by reduced direct labor from lower volume.

For the year ended December 31, 2023, materials and services expenses, net of
fuel surcharge revenue, decreased by $3.8 million or 2%, mostly due to a $30.6
million decrease in fuel surcharge revenue offset by a decrease of $28.0
million in external labor and sub-contractor costs, a $3.0 million decrease in
fuel costs and $1.3 million in maintenance & repair. Personnel expenses
decreased by $11.1 million or 8% primarily from a $7.0 million decrease in
direct labor, combined with a $3.3 million decrease in admin salaries and a
$0.8 million decrease in severance cost. The decrease in direct labor is
primarily attributable to the decrease in overall volume.

Operating income

Operating income for the three months ended December 31, 2023 decreased by
$2.9 million or 8%. The operating margin was 28.4% in the fourth quarter of
2023, a decrease when compared to 29.1% for the same period in 2022.

For the year ended December 31, 2023, operating income decreased by $19.9
million or 15%. The operating margin was 24.8% for 2023 compared to 26.9% for
2022.

2023 Annual Report │9

Attachments
*           Original Link
(https://tfiintl.com/wp-content/uploads/2024/02/TFII_Annual-Report-YE-2023-With-Cover.pdf)
        
*           Original Document
(https://docs.publicnow.com/EE2D96AEDDA9FA7EE20D3D588494FE2FF5FD4928)         
*           Permalink
(https://www.publicnow.com/view/EE2D96AEDDA9FA7EE20D3D588494FE2FF5FD4928)
Disclaimer

TFI International Inc. published this content on 16 February 2024 and is
solely responsible for the information contained therein. Distributed by
Public (http://www.publicnow.com), unedited and unaltered, on 16 February 2024
21:26:13 UTC.



(C) Copyright 2024 - TFI International Inc.",urn:newsml:reuters.com:20240216:nNDLbPQ4sP:1
"CPKC ADVANTAGE

IN V ESTO R PRESEN TATIO N : F EB RUA RY 2024

TSX / N YS E : C P

FORWARD LOOKING STATEMENTS

This investor presentation may contain certain forward-looking information and
forward-looking statements (collectively, ""forward-looking information"")
within the meaning of applicable securities laws. Forward-looking information
includes, but is not limited to, statements concerning expectations, beliefs,
targets, plans, goals, objectives, assumptions and statements about possible
future events, conditions, and results of operations or performance. Forward-
looking information may contain statements with words or headings such as
""financial expectations"", ""key assumptions"", ""anticipate"", ""believe"",
""expect"", ""targets"", ""plan"", ""will"", ""outlook"", ""guidance"", ""should"" or
similar words suggesting future outcomes. This presentation contains
forward-looking information relating, but not limited to statements concerning
financial targets for 2024-2028 and financial guidance for 2024, including
estimated growth and capital expenditures, the success of our business, the
realization of anticipated benefits and synergies of the Canadian Pacific
Railway Limited (""CP"")-Kansas City Southern (""KCS"") transaction and the timing
thereof, and the opportunities arising therefrom, our operations, priorities
and plans, including sustainability-related targets and plans, anticipated
financial and operational performance, business prospects and demand for our
services and growth opportunities. The forward-looking information that may be
in this presentation is based on current expectations, estimates, projections
and assumptions, having regard to Canadian Pacific Kansas City Limited's
(""CPKC's"") or the ""Company's"" experience and its perception of historical
trends, and includes, but is not limited to, expectations, estimates,
projections and assumptions relating to: changes in business strategies, North
American and global economic growth and conditions; commodity demand growth;
sustainable industrial and agricultural production; commodity prices and
interest rates; performance of our assets and equipment; sufficiency of our
budgeted capital expenditures in carrying out our business plan; geopolitical
conditions, applicable laws, regulations and government policies; the
availability and cost of labour, services and infrastructure; the satisfaction
by third parties of their obligations to CPKC; and carbon markets, evolving
sustainability strategies, and scientific or technological developments.
Although CPKC believes the expectations, estimates, projections and
assumptions reflected in the forward-looking information presented herein are
reasonable as of the date hereof, there can be no assurance that they will
prove to be correct. Current conditions, economic and otherwise, render
assumptions, although reasonable when made, subject to greater uncertainty.
Undue reliance should not be placed on forward-looking information as actual
results may differ materially from those expressed or implied by
forward-looking information. By its nature, CPKC's forward-looking information
involves inherent risks and uncertainties that could cause actual results to
differ materially from the forward looking information, including, but not
limited to, the following factors: changes in business strategies and
strategic opportunities; general Canadian, U.S., Mexican and global social,
economic, political, credit and business conditions; risks associated with
agricultural production such as weather conditions and insect populations; the
availability and price of energy commodities; the effects of competition and
pricing pressures, including competition from other rail carriers, trucking
companies and maritime shippers in Canada, the U.S. and Mexico; North American
and global economic growth and conditions; industry capacity; shifts in market
demand; changes in commodity prices and commodity demand; uncertainty
surrounding timing and volumes of commodities being shipped via CPKC;
inflation; geopolitical instability; changes in laws, regulations and
government policies, including regulation of rates; changes in taxes and tax
rates; potential increases in maintenance and operating costs; changes in fuel
prices; disruption in fuel supplies; uncertainties of investigations,
proceedings or other types of claims and litigation; compliance with
environmental regulations; labour disputes; changes in labour costs and labour
difficulties; risks and liabilities arising from derailments; transportation
of dangerous goods; timing of completion of capital and maintenance projects;
sufficiency of budgeted capital expenditures in carrying out business plans;
services and infrastructure; the satisfaction by third parties of their
obligations; currency and interest rate fluctuations; exchange rates; effects
of changes in market conditions and discount rates on the financial position
of pension plans and investments; trade restrictions or other changes to
international trade arrangements; the effects of current and future
multinational trade agreements on the level of trade among Canada, the U.S.
and Mexico; climate change and the market and regulatory responses to climate
change; anticipated in-service dates; success of hedging activities;
operational performance and reliability; customer, regulatory and other
stakeholder approvals and support; regulatory and legislative decisions and
actions; the adverse impact of any termination or revocation by the Mexican
government of Kansas City Southern de México, S.A. de C.V.'s Concession;
public opinion; various events that could disrupt operations, including severe
weather, such as droughts, floods, avalanches and earthquakes, and
cybersecurity attacks, as well as security threats and governmental response
to them, and technological changes; acts of terrorism, war or other acts of
violence or crime or risk of such activities; insurance coverage limitations;
material adverse changes in economic and industry conditions, including the
availability of short and long-term financing; the demand environment for
logistics requirements and energy prices, restrictions imposed by public
health authorities or governments, fiscal and monetary policy responses by
governments and financial institutions, and disruptions to global supply
chains; the realization of anticipated benefits and synergies of the CP-KCS
transaction and the timing thereof; the satisfaction of the conditions
imposed by the U.S. Surface Transportation Board in its March 15, 2023
decision; the success of integration plans for KCS; the focus of management
time and attention on the CP-KCS transaction and other disruptions arising
from the CP-KCS integration; estimated future dividends; financial strength
and flexibility; debt and equity market conditions, including the ability to
access capital markets on favourable terms or at all; cost of debt and equity
capital; improvement in data collection and measuring systems; industry-driven
changes to methodologies; and the ability of the management of CPKC to execute
key priorities, including those in connection with the CP-KCS transaction. The
foregoing list of factors is not exhaustive. These and other factors are
detailed from time to time in reports filed by CPKC with securities regulators
in Canada and the United States. Reference should be made to ""Item 1A - Risk
Factors"" and ""Item 7 - Management's Discussion and Analysis of Financial
Condition and Results of Operations - Forward-Looking Statements"" in CPKC's
annual and interim reports on Form 10-K and 10-Q. Any forward-looking
information contained in this presentation is made as of the date hereof.
Except as required by law, CPKC undertakes no obligation to update publicly or
otherwise revise any forward-looking information, or the foregoing assumptions
and risks affecting such forward-looking information, whether as a result of
new information, future events or otherwise.

BASIS OF PRESENTATION & NON-GAAP MEASURES

Basis of presentation

Except where noted, all figures are in millions of Canadian dollars.

Financial information is prepared in accordance with accounting principles
generally accepted in the United States of America (""U.S. GAAP""), unless
otherwise noted.

Financial and operating results described in this presentation, unless the
context indicates otherwise, represent the financial and operating results of
CP for the period from April 1, 2023, through April 13, 2023, during which
time KCS was held in voting trust and accounted for as an equity investment
under the equity method of accounting, and the financial and operating results
of CPKC for the period beginning on April 14, 2023, and ending on December 31,
2023.

Non-GAAP measures

CPKC presents Non-GAAP measures, including Core adjusted combined operating
income, Core adjusted combined operating ratio, Core adjusted combined income,
Core adjusted combined diluted earnings per share (EPS), Core adjusted
combined operating income, and Adjusted combined net debt to adjusted combined
Earnings before interest, taxes, depreciation and amortization (""EBITDA"")
ratio, to provide an additional basis for evaluating underlying earnings and
liquidity trends in CPKC's current periods' financial results that can be
compared with the results of operations in prior periods. Management believes
these Non-GAAP measures facilitate a multi-period assessment of long-term
profitability, including assessing future profitability.

These Non-GAAP measures have no standardized meaning and are not defined by
U.S. GAAP and, therefore, may not be comparable to similar measures presented
by other companies. The presentation of these Non-GAAP measures is not
intended to be considered in isolation from, as a substitute for, or as
superior to the financial information presented in accordance with U.S. GAAP.

Although CPKC has provided forward-lookingNon-GAAP measures (Core adjusted
combined diluted EPS, Adjusted net debt to adjusted combined EBITDA)
management is unable to reconcile, without unreasonable efforts, the
forward-looking Core adjusted combined diluted EPS to the most comparable U.S.
GAAP measure, due to unknown variables and uncertainty related to future
results. These unknown variables may include unpredictable transactions of
significant value. In recent years, the Company has recognized
acquisition-related costs, the merger termination payment received, KCS' gain
on unwinding of interest rate hedges (net of CP- associated purchase
accounting basis differences and tax), loss on derecognition of CPKC's
previously held equity method investment in KCS, discrete tax items, changes
in the outside basis tax difference between the carrying amount of the
Company's equity investment in KCS and its tax basis of the investment,
settlement of Mexican taxes relating to prior years, changes in income tax
rates, and changes to an uncertain tax item. Acquisition-related costs include
legal, consulting, financing fees, integration costs including third-party
services and system migration, debt exchange transaction costs, community
investments, fair value gain or loss on foreign exchange (""FX"") forward
contracts and interest rate hedges, FX gain on U.S. dollar-denominated cash on
hand from the issuances of long-term debt to fund the KCS acquisition,
restructuring, employee retention and synergy incentive costs, and transaction
and integration costs incurred by KCS which were recognized within Equity
earnings of KCS in the Company's Consolidated Statements of Income. KCS has
also recognized FX gains and losses. These items may not be non-recurring, and
may include items that are settled in cash. Specifically, due to the magnitude
of the acquisition, its significant impact to the Company's business and
complexity of integrating the acquired business and operations, the Company
expects to incur the acquisition-related costs beyond the year of acquisition.
These or other similar, large unforeseen transactions affect diluted EPS but
may be excluded from CPKC's Core adjusted combined diluted EPS. Additionally,
the Canadian-to-U.S. dollar and Mexican peso-to-U.S. dollar exchange rates are
unpredictable and can have a significant impact on CPKC's reported results but
may be excluded from CPKC's Core adjusted combined diluted EPS.

For further information regarding Non-GAAP measures, including reconciliations
to the most directly comparable GAAP measures, see the Non-GAAP Measures
supplement to the Q4 2023 Earnings Release on our website at
investor.cpkcr.com and on SEDAR+ at www.sedarplus.caunder CPKC's SEDAR+
profile, and the Q4 2023 Unaudited Combined Summary of Supplemental Data on
our website at investor.cpkcr.com.

FINANCIAL PERFORMANCE DATA

 ($ in millions of Canadian dollars, except percentages)           2023 (1)  2022 (1)  
 Total combined revenues                                           $13,909   $13,217   
                                                                                       
 Operating income, as reported                                     $4,388    $3,329    
                                                                                       
 Core adjusted combined operating income (2)                       $5,281    $5,060    
                                                                                       
 Operating ratio, as reported (3)                                  65.0%     62.2%     
                                                                                       
 Core adjusted combined operating ratio (2)                        62.0%     61.7%     
                                                                                       
 Net income attributable to controlling shareholders, as reported  $3,927    $3,517    
                                                                                       
 Core adjusted combined income (2)                                 $3,582    $3,521    
                                                                                       
 Diluted earnings per share, as reported                           $4.21     $3.77     
                                                                                       
 Core adjusted combined diluted earnings per share (2)             $3.84     $3.77     
                                                                                       
1.            Represents combined financial and operating information to
illustrate the estimated effects of the acquisition for the year ended
December 31, 2023, as if the acquisition closed on January 1, 2022. For a full
description and reconciliation see Q4 2023 Unaudited Combined Summary of
Supplemental Data on investor.cpkcr.com          
2.            These measures are Non-GAAP measures, and have no standardized
meanings prescribed by accounting principles generally accepted in the United
States (""GAAP"") and, therefore, may not be comparable to similar measures
presented by other companies. These measures are defined and reconciled in
       Q4 2023 Unaudited Combined Summary of Supplemental Data on our website
at investor.cpkcr.com at investor.cpkcr.com.     
3.            Operating ratio is defined as operating expenses divided by
revenues.
FOUNDED IN PRECISION, BUILT FOR GROWTH,

THE CPKC ADVANTAGE

The CPKC combination has redrawn the North American railroad map and changed
the freight rail industry for the better. Guided by our precision railroading
model, foundations and core values we continue to deliver industry-leading
service. It's a culture of excellence that we adhere to 24/7, 365. Stretching
approximately 20,000 route miles across Canada, the United States and Mexico,
and employing 20,000 railroaders, CPKC provides our customers unparalleled
rail service and network reach to key markets across the continent. While our
playing field has grown, our playbook and commitment to delivering safely and
sustainably for customers and shareholders remains the same.

Welcome to the CPKC Advantage!

2012 - 2016: WE REBUILT THE ENGINE

Streamlined assets

Right-sized resources to optimize our network

Precision railroading

Precision planning and execution to optimize service and control costs

Improved operating performance

Longer, faster trains and less dwell time

Consistent, reliable service

Leveraging our strengths to deliver superior value to our customers

Invested in the network

Upgraded to improve performance and increase capacity

Lowered cost base

Unprecedented margin improvement

Culture of accountability

Railroader attitude:

Do what you said you'll do

Developed the team

Handpicked team.

Best in the business

2017 - 2022: WE LED THE INDUSTRY IN GROWTH

Diversified book of business

Balanced portfolio of industries, regions and markets

Increased capacity

Efficiencies and network investments mean we have the ability to do more

Right culture & team

Accountable, collaborative, passionate team of railroaders

Value driven

Disciplined approach to valuing service. We won't commoditize ourselves

Powerful footprint

Strong network with shortest routes to major centers and ability to extend
reach

 Resilient performance        Service innovation             
 Operating model performs in  Supply chain collaboration to  
 upturns and downturns        enhance our service offering   

Disciplined approach

Pursuing the right customers in the right lanes to grow our business

CPKC: THE NEXT CHAPTER

Unique and unrivaled network

Only North American rail network to connect a continent

Best-in-class team

Proven leadership and experience with deep bench strength

Transformational Merger

Injecting new competition into the rail industry

Capacity to grow

Strategic land holdings in key markets

Environmental benefits

Taking trucks off the road and reducing GHG emissions

Value driven

Same disciplined approach to valuing service, applied to a larger network

Powerful synergies

Leveraging our network to develop new markets and drive profitable growth

Compelling value creation

Using our new network to create shareholder value

SAME PLAYBOOK BIGGER PLAYING FIELD
*            3-countryconnectivity     
*            20,000 track miles          
*            30+ ports & 30+ auto facilities          
*            200+ transloads & 90+ shortlines          
*            Unique, strategic land assets
D I V E RS I F I E D B O O K O F B U S I N ES S

A powerful base to drive sustainable growth

 Combined Business Mix (1)  Combined Geographic Distribution ( 1)  
 % of 2023 Freight Revenue  % of 2023 Combined Freight Revenue     
 CAPITAL                                                           

2023 Combined Freight Revenue Variance (1)

% of 2022 Combined Freight Revenue
*              Uniquely positioned with best- in-class service and capacity to
grow       
*              Leveraging our strengths to grow with existing customers and
bring on new business            
*              Stronger margins allow us to compete for new opportunities     
      
*              Continually innovating with long-term partners to help them win
in the marketplace
INVESTMENTS
*              Reinvesting in the business is the first call on cash.         
  
*              Ongoing investments in replacing
depleted assets ensure the long-term

 Bulk                                                                                                                     34%             Global AR  22%  
                                                                                sustainability of our business.           Asia            19%        
 Grain                                                                                                                    20%             
 Coal                                  • Network upgrades (new track, longer    3%                                        
                                                                                7%                                        Europe          
 Potash                                                                         sidings, CTC) drive further productivity                  
                                                                                4%                                        Cross-Border    41%        
                                                                                and capacity improvements.                
 Fertilizers & Sulphur                 3%                                       Canada to U.S.                            16%             
                                       • Rolling stock investments include      12%                                       
 Merchandise                                                                    47%                                       U.S. to Mexico  
                                                                                locomotive modernization programs and     6%              
 Forest Products                                                                6%                                        U.S. to Canada  
                                       Mexico to U.S.                           5%                                        
                                                                                investment in our grain hopper fleet.                     
 Energy, Chemicals & Plastics          20%                                      Canada to Mexico                          1%              
 Metals, Minerals & Consumer Products  13%                                      
 Mexico to Canada                      1%                                       
 Automotive                                                                                                               8%              
                                                                                                                                          

Grain

Coal

Potash

Fertilizers & Sulphur

Forest Products

Energy, Chemicals &

Plastics

Metals, Minerals &

Consumer Products

Automotive

Intermodal

9%

9%

-3%

9%

4%

5%

12%

30%

-9%

 Intermodal     19%  Domestic      37%  
 Intra-U.S.     19%  
 Domestic       11%  Intra-Canada  15%  
 International  8%   Intra-Mexico  3%   

 -15%  -5%  5%  15%  25%  35%  

Total Change +5% Growth

(1) Represents combined financial information to illustrate the estimated
effects of the acquisition for the year ended December 31, 2023, as if the
acquisition closed on January 1, 2022. For a full description and
reconciliation see Q4 2023 Unaudited Combined Summary of Supplemental Data on
investor.cpkcr.com

Attachments
*           Original Link
(https://s21.q4cdn.com/736796105/files/doc_presentations/2024/Feb/16/cpkc-investor-presentation_final_february-2024.pdf)
        
*           Original Document
(https://docs.publicnow.com/6BC8597217BAA37E800293503AC6DB2B5ADD25C0)         
*           Permalink
(https://www.publicnow.com/view/6BC8597217BAA37E800293503AC6DB2B5ADD25C0)
Disclaimer

CPKC - Canadian Pacific Kansas City Limited published this content on 16
February 2024 and is solely responsible for the information contained therein.
Distributed by Public (http://www.publicnow.com), unedited and unaltered, on
20 February 2024 03:32:32 UTC.



(C) Copyright 2024 - CPKC - Canadian Pacific Kansas City Limited",urn:newsml:reuters.com:20240220:nNDL4lp28K:1
"Year End Report

For the year ended

December 31, 2023

Chairman's Message

Looking forward to 2024, EIC will be celebrating its 20th anniversary since
its first acquisition of Perimeter on May 6, 2004. Twenty years of growth and
success is an incredible achievement and I wanted to congratulate our
management teams and say thank you to current and former Board members. When
the founders of EIC (and its predecessor, Exchange Industrial Income Fund)
developed the purpose for the Corporation we wanted it to provide its
shareholders with stable and growing cash distributions, maximize share value
associated with its portfolio of subsidiaries and employ a disciplined
acquisition strategy. These three tenets were the foundation upon which the
Corporation was ""built to last."" Management and the Board are collectively
guided by those core sets of values which directly impact our decision making
and behavior on a daily basis. This purpose, which was developed at inception,
is deeply ingrained into the culture of the Corporation, and will lead the
Corporation into the future.

Many business books focus on the concept of a purpose-built company or a
purpose-built culture, with purpose being a company's motivation or reason for
being. The establishment of EIC was based on those foundational concepts
before they were in vogue. Every leader throughout the Corporation are all
believers in EIC's purpose. Our purpose is authentically aligned with strategy
and operations, and this has allowed EIC to succeed. As EIC continues to grow,
whether by acquisition or additions to our management teams and workforce, it
is imperative for us to collectively re-enforce this purpose-built culture. In
the remainder of my message to our shareholders, I will look back at 2023 as a
year in review, but my focus will be on the future and how the decisions made
today are for the long-term future and align with that purpose created back in
2004.

With an eye on the future, 2023 will be characterized as a foundation building
year for EIC.

Firstly, the Corporation announced a five percent dividend increase on
November 9, 2023, bringing its per annum dividend to $2.64 per share. This
marked its 17th dividend increase since May 2004 and represents a cumulative
annual growth rate in the dividend of approximately 5% per annum. I am
extremely proud of that track record of dividend increases.

Secondly, EIC continued to focus on maximizing the revenues and operating
profit of its underlying subsidiaries. During 2023 EIC announced several new
contracts which will result in further future growth for its subsidiaries.
Some of the highlights during 2023 include the regional services contract with
Air Canada, the British Columbia fixed wing medevac contract, the Manitoba
fixed wing medevac contract, the Intelligence, Surveillance and Reconnaissance
support contract for the United Kingdom Home-Office, and other contractual
successes which are too numerous to list. These contracts are direct evidence
of how subsidiary management teams are continuing to expand their underlying
businesses, which will drive future profitability for the Corporation overall.

Lastly, EIC continued to execute on its disciplined acquisition strategy.
EIC's acquisition attributes have stayed consistent with its initial purpose
back in 2004. Our business plan focuses on investing in profitable,
well-established companies with strong cash flows operating in niche markets.
The acquisitions of Hansen Industries Ltd., BVGlazing Systems Ltd., and DryAir
Manufacturing Corp. all met those criteria. Such companies were chosen for
their operational success and financial attributes, however more importantly
their management teams and cultures aligned with that of EIC. Management at
each of the acquisitions understands that the Corporation is focused on the
long-term success of their businesses. While there may be short-term gyrations
due to monetization of investments or aligning businesses, management at each
subsidiary is keenly aware of the longer-term goals of growing the underlying
portfolio of subsidiaries to allow the Corporation to provide its shareholders
with stable and growing cash dividends.

The growth that has occurred since inception until today, has proven the
business model - that you can achieve growth whilst paying a stable and
growing dividend in any environment, including during a pandemic. Furthermore,
the growth of EIC has also resulted in greater diversification of the business
amongst various business lines resulting in more predictable and stable
financial results. The business model is perfectly summarized with a visual
representation. The chart below demonstrates the total shareholder returns for
EIC since inception compared to an investor in the S&P/TSX index. While a
return of 343% in an index-based fund is laudable over a 20-year period, the
EIC total shareholder return was a spectacular 2,851%. We are very proud of
that achievement and believe that the decisions made in the past set the
Corporation up for further long-term growth.

 Year End 2023 Report  -2-  Exchange Income Corporation  

At the inception of our business, the founders believed there was a market
segment that was underserved by the capital markets. They saw that private
company multiples were well below their public company comparables, and these
companies with strong cash flow and niche business models could be aggregated.
The hypothesis turned out true and EIC built out a resilient organization
through the tireless work of our executive teams. This business model can be
imitated but will be very difficult to duplicate. What sets us apart is our
people - EIC is powered by its people. It is both the people that exist in the
head office and the cultural fit of the people at our subsidiaries. For
example, at our most recent acquisition, DryAir Manufacturing Corp., the
President and founder, Claude Bourgault, commented, ""When we decided to sell,
we foremost wanted a partner that held the same values as ourselves and our
community. When I met the executive team at EIC, I immediately knew we had
found our partner. We are very excited about the next phase for our Company
and our future growth prospects with EIC's support."" This cultural attitude of
finding the right acquisitions at the right price has served EIC well over the
past 20 years and will continue to endure as each acquisition adds to the
foundational success of EIC.

The diversification amongst the companies in our two segments has provided us
with a resilient cash flow stream through a wide variety of economic
conditions. The chart below shows the sustainability of our dividend over the
past 5 years, a time during which our payout ratios have reached historic lows
for the Corporation. The conservative payout ratio, along with our strong
balance sheet, has allowed EIC to continuously reinvest in its subsidiaries.
Our balance sheet management has allowed EIC to grow and evolve our medevac
business into the largest medevac provider in Canada. It has also allowed our
Aerospace business line to win major international contracts with the
governments in the Netherlands and the United Kingdom Home-Office. These
capabilities were competencies that existed in the businesses acquired,
however through the power of EIC's collective strength and access to capital,
it was able to expand its capabilities and become nationally and
internationally recognized.

 Year End 2023 Report  -3-  Exchange Income Corporation  

The Board maintains a long-term focus and ensure we demonstrate a commitment
to good governance, strong community and stakeholder relations, and
environmental protection, to ensure the long-term sustainability of our
businesses. Our purpose drives our strategy and the decisions that we make,
however underpinning EIC's successes has always been doing the right thing.
Those commitments have not changed over the past 20 years and will not change
in the future.

EIC continues to focus on best practices and innovation to minimize its
environmental footprint. Our Essential Air Services are a critical link
between northern Indigenous communities and health care and supplies in the
south. The aircraft that EIC flies are specific to the routes, terrain, and
runways within those communities. While management is constantly evaluating
new technologies to provide our Essential Air Services, they remain steadfast
in providing a safe and reliable mode of transportation to those who have no
other means of transportation. Furthermore, due to the harsh conditions of the
north, economic and supply factors do not allow us to currently utilize
environmentally friendly fuels such as sustainable aviation fuel. The
Corporation continues working with governments and experts in reducing
emissions, however there is no imminent solution. That being said, management
is continuously monitoring the business' impacts on our environment. Each of
our subsidiaries has developed policies and procedures to track our scope 1
and 2 emissions. In 2024, we are undertaking a project to understand and
compute our most material scope 3 emissions.

Lastly, but perhaps, most importantly, one of EIC's hallmarks is giving back
to the communities we serve. Through community partnerships in our Essential
Air Services business line, we provide profit sharing, free and discounted
service, and investment capital for local economic or social development
projects. This concept was established with EIC's very first acquisition of
Perimeter in 2004 and continues to this day. Furthermore, EIC's efforts have
continued to expand through the Atik Mason Indigenous Pilot Pathway. The
second season of the Atik Mason Indigenous Pilot Pathway saw six students from
the first-year return to further their training and the Corporation welcomed
twelve new Indigenous students to commence their aviation journey. I was
incredibly proud to see five of the students offered jobs to join our
organization either as pilots in our operating airlines or flight instructors
at MFC Training following the completion of their flight training. In 2023,
EIC also witnessed the first graduate of Custom Helicopters Indigenous Pilot
Training program. Additionally, the Corporation announced the expansion of the
Pilot Pathway to Rankin Inlet, Nunavut, in 2024. It is important for us as an
organization to provide opportunities to the members of communities we serve.

On September 29, 2023, we brought over 1,000 Indigenous people from across
Canada to attend the Winnipeg Blue Bombers Canadian Football League game and
bring attention to the need for reconciliation with our Indigenous peoples to
a nationally broadcast audience. In fact, six of the nine CFL teams joined in
the National Day for Truth and Reconciliation. Collectively, through the Blue
Bomber and Atik Mason Indigenous Pilot Pathway, EIC invested over $2 million
annually back into our relationships with our Indigenous communities and
partners. With the expansion of the Atik Mason Indigenous Pilot Pathway
program into Rankin Inlet, this investment is expected to approach $3 million
in 2024. These are just a couple of examples of subsidiaries giving back to
the communities that they serve.

The Board is very proud of our record results for 2023. Moreover, I am very
proud of the continuation of our purpose-built culture that the Board and
management continue to maintain. Our track record over the last two decades
demonstrates how far we have come as an organization and illustrates the power
of the EIC business model and its capability for the future. The business
model generated remarkable returns through periods of uncertainty, whether
that be the global financial crisis of 2007/2008 to the more recent pandemic.
EIC was purpose

 Year End 2023 Report  -4-  Exchange Income Corporation  

built in 2004 and continues to be ""built to last"". I personally want to thank
all our stakeholders for their ongoing support, and I look forward to seeing
many of you at our annual general meeting in May, where we can celebrate our
first 20 years and look forward to the next 20 years.

Don Streuber, FCPA, FCA

Chairman, Board of Directors

 Year End 2023 Report  -5-  Exchange Income Corporation  

CEO's Message

The fundamentals of our business are strong. Over the past 20 years, since our
first acquisition of Perimeter Aviation Limited, we have developed a business
model and acquired companies that were ""build to last."" The current year was
characterized by a theme of ""fueled for growth."" We were able to complete
accretive acquisitions, invest in strategic capital investments, and win
significant new contracts, all of which will contribute to future sustainable
growth for 2024 and beyond. We were not immune to the macroeconomic factors
associated with tight labour supplies (especially with pilots), sustained
inflationary pressures, supply chain disruptions at the beginning of the year
and higher interest rates throughout 2023. However, we set several financial
records in spite of such macroeconomic conditions which will serve us well
into the future as such pressures continue to moderate or reduce. We, as a
management team, truly believe that we are poised for growth for the next 20
years.

Let's start with a quick review of our 2023 financial results.

Highlights from EIC's 2023 Financial Performance
*            Revenue grew by 21% to $2.5 billion.          
*            Adjusted EBITDA increased by 22% to $556 million.          
*            Net Earnings grew 12% to $122 million.          
*            Adjusted Net Earnings reached $144 million, up 8%.          
*            Free Cash Flow reached $377 million, up 14%.          
*            Free Cash Flow less Maintenance Capital Expenditures grew by 15%
to $202 million.          
*            Increase in the dividend by 5% to $2.64 per annum.
Fiscal 2023 is another step in the journey towards normalization of operations
at our various operating subsidiaries. Management at each subsidiary was
focused on returning the operations to pre-pandemic norms despite the
macro-economic forces that impacted each of them, namely supply chain
disruptions, inflationary cost escalation and tight labour markets. Management
was incredibly diligent in navigating through those conditions, whilst making
investments and winning new contracts. This will allow us to reset our course
for 2024 and beyond with stronger momentum than ever before. Our strong
financial results, despite such headwinds, allowed us to increase our dividend
in November by 5% to a per annum amount of $2.64 per share. Our dividend
growth rate is approximately 5% per annum since our inception, a performance
metric we are all very proud of.

We also continued to execute on our disciplined acquisition strategy during
2023 through the closing of three separate acquisitions. Each of the
acquisitions was accretive individually to EIC and just as importantly they
culturally aligned with our EIC values. These acquisitions will set us up for
future growth on both an aggregate and per share basis. As important as the
acquisitions we announced were the prospective acquisitions that we didn't
execute on. This is a testament to our disciplined acquisition strategy. Our
acquisition team reviews a significant number of potential transactions
throughout each year. If the acquisition metrics are not consistent with our
key criteria, including expected returns, or if the target is not a cultural
fit, we pass on the opportunity. This disciplined acquisition approach has
served us well as we look at our 20-year track record, and will continue to
serve us well in the future.

We acquired Hansen Industries Ltd. on April 1, 2023, for $44 million,
including $4 million in EIC common shares. Hansen, located in Richmond, B.C.,
provides custom fabrication of precision metal components and assemblies using
automated equipment within its two key divisions: sheet metal, its largest
division, and machining. Hansen also has a high-volume metal stamping shop
offering a full-service solution to its customers. This expands our sheet
metal footprint in southern British Columbia and provides services that our
existing subsidiary did not provide, namely machining and high-volume metal
stamping.

On March 16, 2023, we announced the acquisition of BVGlazing Systems Ltd. for
purchase consideration of $96 million, including $23 million in EIC common
shares. The acquisition closed on May 1, 2023, following receipt of regulatory
approval under the Competition Act (Canada). BVGlazing, located in Southern
Ontario, designs, engineers, manufactures, and supplies window, door, and
railing systems for mid-rise and high-rise building projects in Canada and the
United States. BVGlazing manufactures unitized and stick curtain wall systems
and railing systems, in addition to window wall glazing systems similar to
those produced by EIC's existing subsidiary Quest. BVGlazing's added
capability to provide curtain wall and railing products together with Quest's
integrated installation capability will allow our collective window operations
to offer complete solutions to their customers, an increasingly important
attribute as developers turn to mixed-use projects that integrate residential,
office and retail spaces to make more efficient use of their properties.

Finally, on October 5, 2023, we announced the acquisition of DryAir
Manufacturing Corp. for purchase consideration of $60 million, including $15
million in EIC common shares. DryAir, located in St. Brieux, Saskatchewan,
provides portable hydronic heating systems that offer affordable and reliable
climate control solutions and is included in our Precision Manufacturing &
Engineering business line. It is an original equipment manufacturer selling
its hydronic heating equipment to rental companies throughout North America.
There are a number of tailwinds that exist due to large infrastructure
spending bills and propensity of construction firms to rent equipment as
opposed to purchasing equipment to fix costs and increase utilization of
equipment.

 Year End 2023 Report  -6-  Exchange Income Corporation  

In addition to our disciplined acquisition strategy, we embarked on several
growth initiatives through deploying capital into our existing subsidiaries.
During the year, we announced several significant contractual wins including
new medevac contracts in British Columbia and Manitoba and acquisition of
aircraft required to support some domestic Air Canada routes on the East
Coast. Such deployment of growth capital is entirely consistent with our
business model to maximize the profitability of our existing portfolio
companies. Unlike acquisitions, which are immediately accretive, the
investment in Growth Capital Expenditures will require time and the
Corporation will reap the rewards of such investments in 2024 and beyond.

To fund the acquisitions and Growth Capital Expenditures, the Corporation
amended its credit facility in May 2023 and closed a bought deal financing of
common shares in June 2023. The enhanced credit facility was increased to
approximately $2 billion, and its term was extended to May 2027. The credit
facility allows us to make investments in our existing businesses and fund the
immediately accretive acquisitions. The level of senior debt continues to be
within management's prudent range of 1.5 to 2.5 times funded senior debt to
Adjusted EBITDA. In June 2023, we also closed a bought deal financing of
common shares, which, inclusive of the over-allotment exercised by the
underwriters, resulted in the issuance of 3,306,250 shares at $52.25 per
share, for gross proceeds of approximately $173 million.

In the current year we modified our reporting based on business lines to
provide a more concise discussion of our various businesses. We continue to
manage the business as two separate operating segments and all resource
allocation decisions are based on the operating segments, namely Aerospace &
Aviation and Manufacturing. The business line characterization was based on
our discussions with our various stakeholders and is expected to simplify the
discussion of our diversified business model and allow us to better
communicate our business strengths, opportunities and risks.

Within our Aerospace & Aviation segment, we have three business lines:
Essential Air Services, Aerospace, and Aircraft Sales & Leasing.

Our Essential Air Services includes both fixed wing and rotary wing
operations. During 2023, the business line continued to build on its solid
foundation that was set 20 years ago when we made our first acquisition of
Perimeter Aviation Limited. Our overall fleet of aircraft was expanded due to
ongoing demand for essential passenger travel from our Northern communities.
We were also elated to announce the expansion of our fleet to support certain
Air Canada routes on the East Coast. This contract started in mid-2023 and
ramped up throughout the year with full-scale flying occurring during the
first quarter of 2024. Lastly, we announced the award of the fixed wing
medevac contracts for both British Columbia and Manitoba, both with initial
10-year terms. The first flights of the contract with Manitoba started during
the first quarter of 2024 with the results more fully evident in the second
half of 2024. The British Columbia contract commenced in late 2023 utilizing
temporary aircraft. Twelve new aircraft have been ordered, new bases are being
set up, and crews are being hired to deliver on this contract, and we
anticipate the full financial impact to be reflected in 2025. One aircraft was
received late in 2023 and modifications to install the medical interior are
currently underway. 2023 represented a year of monumental defining contractual
wins for our Essential Air Services business line and sets a foundation for
future growth.

Our Aerospace business line benefited from the previously awarded Netherlands
Coast Guard Contract that began in the fourth quarter of 2022 along with the
United Kingdom Home-Office contract that was awarded in May 2023 for an
18-month period. The United Kingdom Home-Office issued an RFP for a new
contract that would begin after the expiry of our 18-month interim contract
and our bid to the RFP was submitted in January 2024. Our Aerospace business
continues to grow along with the brand recognition of PAL Aerospace around the
world. This business line is characterized by long-term government contracts,
and we foresee growth in the future in light of geopolitical events around the
globe. The long-term is characterized by factors that are expected to increase
demand for such services and management and the Aerospace team are well
positioned to execute on future growth prospects.

Our Aircraft Sales & Leasing business benefited from continued strong demand
for parts, aircraft, and engines. The well publicized production issues with
new aircraft and the risks/uncertainties thereto have led to an uptick in
demand for parts, aircraft and engines for prior generation aircraft.
Furthermore, leasing revenue has continued to increase, showing steady
improvements throughout the year and we anticipate leasing revenues and demand
to be near pre-pandemic levels later in 2024 on an annualized basis. Our
strategic investments made over the past number of years in aircraft types and
readying aircraft for leasing opportunities are expected to pay dividends as
we move forward. The long-term investment philosophy by management of the
Aircraft Sales & Leasing business is shaping up to be a driver of future
profitability assuming demand continues to ramp.

Within the Manufacturing segment, we have three business lines: Environmental
Access Solutions, Multi-Storey Window Solutions, and Precision Manufacturing &
Engineering.

 Year End 2023 Report  -7-  Exchange Income Corporation  

The Environmental Access Solutions business line has moderated from record
levels in 2022 and continues to meet our expectations based on the operational
metrics upon which it was acquired. Fiscal 2022 and the first couple of months
of 2023 represented the perfect alignment of price, demand, supply, and
weather that drove results higher than our expectations. These periods
benefitted from long, linear projects in Western Canada that largely wrapped
up their use of rental mats in early 2023. The remainder of 2023, in contrast,
was characterized by forest fires, a dry summer, and an industry wide increase
in mat supply all of which provided headwinds. Accordingly, the financial
results normalized consistent with our expectations. That being said, results
in 2023 continued to exceed the economics upon which the deal was priced, and
the deal overall continues to be accretive. The Environmental Access Solutions
business has continued to invest in developing production efficiencies and
long-term industry trends would indicate growth prospects in several
industries including transmission and distribution and emerging resource
industries. The long-term fundamentals of the business remain strong, and
management is poised to execute on the new growth cycle.

The Mutli-Storey Window Solutions business line experienced rapid growth due
to the acquisition of BVGlazing in 2023. We are beginning to see the benefits
of additional economies of scale as the businesses are brought together. We
have devoted additional resources from Head Office to assist the businesses in
maximizing their profitability over the long-term. Our backlog remains strong
and the quoting for new builds remains at elevated levels. While our order
backlog remains strong, in certain markets we have seen a shift of new
projects from condominiums to apartments. The interest rate environment and
general economic uncertainty have resulted in delays from developers awarding
new work, however our pipeline is at the highest level it has ever been
because of the housing deficit, and the very high cost of single family and
low-risemulti-family facilities. We anticipate when the interest rate and
mortgage environment gain more certainty as to the pace of interest rate
reductions, such projects will become part of the backlog. The long-term
fundamentals of the business remain robust as we move forward.

The Precision Manufacturing & Engineering business line illustrates the
importance of our diversification strategy and the focus on the long- term
fundamentals. During 2023, we executed two transactions which will poise the
business line for future growth. In April we completed the acquisition of
Hansen, and in October, we completed the acquisition of DryAir. Both
acquisitions were immediately accretive to our financial metrics, and both
have fit in seamlessly with our existing businesses and culture. Hansen was
strategic as it expanded our capabilities in the southern British Columbia
marketplace. We have become a full service one stop shop for our customers and
can now offer stamping and machining services to our already developed sheet
metal capabilities. DryAir allowed us to enter a new industry, hydronic
heating, and benefit from their growing sales to rental companies in North
America. Long term fundamentals demonstrate that the companies are more apt to
rent as opposed to own equipment to maximize utilization of equipment and fix
project costs. Furthermore, DryAir is characterized as an innovative leader in
their industry and continues to develop new products for the rental industry.
Our Precision Manufacturing & Engineering business line provides products and
services to a myriad of industries. This diversification allows for risk
mitigation due to the various industries it is exposed to and provides for a
consistent level of cash flow with relatively low Maintenance Capital
Expenditures. We continue to strategically deploy growth capital for such
businesses as they look to expand and automate processes.

Executing on our strategy is all ""powered by our people."" Our people and our
culture are our most important resources. Firstly, I wanted to thank every
employee for the work that they do on a daily basis. It is both important for
our business and also for our broader communities. We are blessed with a
strong and stable workforce due to the family-like atmosphere that each
business fosters. We are very fortunate to have the leaders that we do within
each business to inspire our people on a daily basis to always do the right
thing. Each subsidiary has detailed succession plans for all key roles. Those
succession plans are updated on an annual basis and presented to the Board of
Directors. Furthermore, a robust talent identification network exists to help
high potential candidates achieve their maximum potential along with a
mentorship program that is currently being rolled out. We are confident that
as we continue to grow and our senior leadership team expands or retires, we
have capable individuals within each organization to take the lead. The
individuals are indoctrinated with the EIC purpose and specific subsidiary
culture which is important. Our culture is one of our most powerful
advantages, hence why such attention is placed on our succession plans and
recruiting of new team members.

Culture and the development of our own internal talent was the rationale for
the Life in Flight Program (""Life in Flight""). Such program was unveiled in
May 2019 and its express purpose was to proactively address the shortage in
pilots in our airline operations. Life in Flight was later expanded to include
aircraft maintenance engineers (""AME"") to address the shortage in AMEs within
the industry. Additionally, in April 2022, we announced the opening of the
Atik Mason Indigenous Pilot Pathway (""Pilot Pathway"") program in Thompson,
Manitoba. In September 2023, we announced the completion of a successful
second season of the Pilot Pathway program and announced the expansion of this
program to Rankin Inlet in 2024. The Pilot Pathway is a fully funded program
that provides an opportunity for Indigenous community members to learn to fly
and build careers as professional pilots. The Pilot Pathway removes
significant barriers to flight training faced by Indigenous candidates,
including cost and location, and honors the importance of retaining a deep
connection to Indigenous culture while training. With the support of Manitoba
Keewatinowi Okimakanak Inc., the Pilot Pathway saw six returning students from
the first year further their training and 12 new Indigenous students commence
their journey. Furthermore, we were proud to announce that five students
received offers of employment from our operating airlines and MFC Training
pending completion of their training programs. The development and investment
in such programs were important to give back to the communities we serve.
Furthermore, we discovered greater success rates and improved retention rates
by developing our own as opposed to hiring from outside. These programs
required significant investment up front to set up the programs, however we
are starting to reap the benefits from such investments.

 Year End 2023 Report  -8-  Exchange Income Corporation  

The one thing I am most proud of is our focus on the long term. Although short
term metrics are always important to chart our progress, we think in years as
opposed to quarters when making our strategic decisions. This was evidenced
through our deployment of Growth Capital Expenditures into new contracts.
Those contracts, such as the medevac contracts, require several quarters to
invest in the fleet, infrastructure to support the fleet and hiring additional
team members to execute on the contracts. The full financial impact will only
impact subsequent quarters and years after those initial investments. Another
recent example was the decision to purchase our own full motion King Air
simulator. We will become one of the largest King Air operators in the world
when our fleet of new King Air aircraft are delivered for the British Columbia
medevac contract. We determined that it would be beneficial for our pilots and
will significantly reduce fuel burn and GHG emissions to install a simulator
in Winnipeg. These investments with a long-term lens are accretive to the
business, however, they do impact our per share metrics negatively as capital
was raised and utilized for deposits and milestone payments in advance without
any related operating profit over the shorter term.

Our focus on the long-term also applies to our relationships with our
customers, our communities, and our employees. We have always been focused on
the sustainability of our business even before the advent of ESG metrics and
reporting. We are proud of each and every one of our over 8,500 employees that
crisscross Canada and around the world. We are very proud of our Circle of
Excellence award program. Back in 2017, management came up with a program to
recognize and celebrate efforts made by employees across the organization. Not
just efforts, but those that have gone above and beyond what would be expected
of their jobs. Since 2017, it has been celebrated every year except for 2020
due to the pandemic. Since the inception of the program, 91 individuals have
been recognized. Annually, award recipients are recognized in person at a gala
event during our third quarter meetings. Seeing the passion and the difference
each award winner makes at their respective job inspires everyone. It is truly
a special moment that is shared amongst the group and demonstrates our
family-oriented culture that exists at EIC. Our board members and executive
management teams hear firsthand about how our employees make a difference for
EIC and in our communities.

Safety is of upmost importance to EIC, its subsidiaries and our customers. We
are proud of our safety record and continue to innovate to improve the tools
that are available to our airlines. We invest significant hours, dollars and
effort into our safety culture. As an example, as previously discussed, we are
investing in a full motion King Air simulator which will allow us to simulate
the landscapes and environments we are flying into. This will allow our pilots
to complete their training in a full motion simulator and be able to replicate
landing in variable conditions. Furthermore, emergency scenarios are capable
of being simulated which develops the skills pilots need when they encounter
unusual situations and leads to optimal safety outcomes. EIC has also been
recognized with the Diamond Goal Zero award by Shell Aviation. Such an award
is for health, safety, security, and environmental performance. Our Aerospace
& Aviation and Manufacturing segments have achieved several certifications and
recognition which are too numerous to mention, however they illustrate the
importance that we all place on doing the right thing.

In 2021, we started a program in partnership with the Winnipeg Blue Bombers
where Indigenous peoples from the communities we serve would be invited to
attend a Blue Bomber game on or around the National Day for Truth and
Reconciliation. After the amazing success in the first year, we continued and
expanded the event in 2022 and 2023. The game has become a collaboration with
more than 100 Indigenous communities and four Indigenous governing bodies. Our
attendees in 2023 were from across Canada, mainly from remote communities,
many of which have never had the opportunity to attend a Winnipeg Blue Bomber
game or be part of a facility where over 30,000 people are present and
cheering for a sports team. The excitement of the children and their
chaperones was palpable as they arrived the evening before and the day of the
game. The employees of EIC volunteer their time to help plan and make this
event possible. As part of our commitment to Truth and Reconciliation, each
volunteer completed Indigenous sensitivity training as recommended by our
Indigenous partners. I will never forget the smiles on the children's faces as
they travel to the game and get to see the stadium in person. Those moments of
sheer joy warm your heart and reinforce the importance of what we do on a
daily basis with the Indigenous communities at EIC. EIC covers the cost of
transportation, lodging, and incidentals, in addition to providing each of the
participants with orange gear to wear to the game. We look forward to
continuing this tradition in 2024 and several CFL teams have joined the ranks
in honoring the National Day for Truth and Reconciliation.

In retrospect, 2023 was definitely a year of building upon our foundation for
2024 and beyond. Even though there continues to be a great amount of
geopolitical uncertainty including a number of countries heading to the
election polls around the world, we are confident in our business model now
more than ever. We anticipate that labour challenges are mostly behind us
along with inflationary pressures based on current signals from central banks.
Furthermore, we anticipate that our Essential Aviation Services entities will
continue to improve in 2024 as we continue to make investments to expand our
operations. Furthermore, the medevac contractual wins in Manitoba and British
Columbia will start to positively impact results in 2024. Our Aerospace
business continues to execute in accordance with our current contracts and we
see future growth associated with geopolitical concerns around the world. We
see positive signs in our Aircraft Sales & Leasing business as lease
utilization rates return to historical norms. We are seeing increased demand
for regional aircraft across the globe as airlines adjust their routes and
pilot shortages start to abate. Our Environmental Access Solutions business
has normalized to expected returns. Our margins within our Multi-Storey Window
Solution business will continue to improve as we continue to integrate the
business with our pre- existing business. Lastly, our Precision Manufacturing
& Engineering business continues to diversify their revenues as we integrate
our acquisitions from 2023. In short, we are excited for 2024!

 Year End 2023 Report  -9-  Exchange Income Corporation  

I would like to thank all our shareholders, employees, and stakeholders for
their continued support. I look forward to discussing our progress with the
release of our 2024 first quarter results and seeing some of you at our AGM in
May. I also wanted to say thank you for your support over the past 20 years.
EIC started as a dream and has exceeded all expectations - we truly are built
to last.

Mike Pyle

Chief Executive Officer

 Year End 2023 Report  -10-  Exchange Income Corporation  

Attachments
*           Original Link
(https://www.exchangeincomecorp.ca/wcm-docs/news/eic_package_q4_2023_final_20240222160917.pdf)
        
*           Original Document
(https://docs.publicnow.com/13F38B83683DE3215D387602D34308959F15370A)         
*           Permalink
(https://www.publicnow.com/view/13F38B83683DE3215D387602D34308959F15370A)
Disclaimer

Exchange Income Corporation published this content on 22 February 2024 and is
solely responsible for the information contained therein. Distributed by
Public (http://www.publicnow.com), unedited and unaltered, on 22 February 2024
22:36:21 UTC.



(C) Copyright 2024 - Exchange Income Corporation",urn:newsml:reuters.com:20240222:nNDL7q7l9:1
"ADVANTAGE

2023

ANNUAL REPORT

CPKC 2023 ANNUAL REPORT / 3

CONTENTS

 CPKC Advantage                                 4   
 Service highlights                             6   
 Bigger playing field                           8   
 The CPKC network                               12  
 Safety highlights                              14  
 Sustainability highlights                      16  
 Low-carbon innovation                          18  
 CPKC in the community                          20  
 Letter to shareholders from President and CEO  22  
 Letter from the Chair                          24  
 FORM 10-K                                      26  

THE CPKC

WE GO PLACES

NO ONE ELSE CAN GO

ADVANTAGE

In 1885, CP made history by connecting a country;

in 2023, CP and KCS made history again by connecting a continent.

The CPKC Advantage is our 20,000 railroaders, our unique network and our
relentless pursuit of safety. As the only single-line railroad crossing North
America, we have unequalled reach from the West Coast in Vancouver, B.C. to
our East Coast Advantage in Saint John, N.B., through the U.S. Midwest to
Mexico City and beyond.

CPKC has over 270 years of combined success behind us, and together, we are
forging an exciting new path. We are providing service for our customers,
developing our people and optimizing our assets across our powerful three-
nation network. With a constant focus on safety, we are driven to deliver for
our customers, the communities we serve and each other.

6 / CPKC 2023 ANNUAL REPORT

DRIVING THE ECONOMY FORWARD

BUSINESS MIX

% of 2023 Freight Revenue

 Bulk                   35%  
 Grain                  20%  
 Coal                   7%   
 Potash                 5%   
 Fertilizers & Sulphur  3%   

 Merchandise                           45%  
 Forest Products                       6%   
 Energy, Chemicals & Plastics          19%  
 Metals, Minerals & Consumer Products  13%  
 Automotive                            8%   

 Intermodal     20%  
 International  9%   
 Domestic       11%  

 COMBINED OPERATING METRICS 1                    
 Revenue ton-miles (millions)      Total Change  
 2022                              2023          
 202,812                           204,672       1%    
 1,860                             
                                                 
 Carloads (thousands)                                  
 2022                              2023                
 4,538.3                           4,535.0       FLAT  
 (3.3)                             
                                                 
 Gross ton-miles (GTM) (millions)                
 2022                              2023                
 374,312                           378,539       1%    
 4,227                             
                                                 
 Train miles (thousands)                         
 2022                              2023                
 44,744                            45,748        2%    
 1,004                             
                                                 
 Average train weight (tons)                     
 Excluding local traffic                               
 2022                              2023                
 9,102                             8,954         -2%   
 (148)                             
                                                 
 Average train length (feet)                     
 Excluding local traffic                               
 2022                              2023                
 7,643                             7,609         FLAT  
 (34)                              
                                                 
 Average terminal dwell (hours)                  
 2022                              2023                
 10.3                              10.4          1%    
 0.1                               
                                                 
1.             These Combined Operations Performance Metrics have been
determined by combining operations performance data of CP and KCS. This
summary includes and relies upon data and information that existed in KCS's
systems prior to our acquisition of control of KCS, and some            
        of such data and information may have been prepared using
methodologies, assumptions, and processes that are different than those that
        CPKC's systems would have otherwise applied or may apply in the
future, following integration of such systems. These Combined Operating
        Performance Metrics are presented to illustrate the estimated effects
of combining CP and KCS operating performance for the period ended
        April 13, 2023, and for the year 2022 as if CP and KCS formed a
combined company for these periods. These Combined Operating Performance
Metrics are not prepared in accordance with Regulation S-X Article 11 (Article
11) as Article 11 does not encompass the presentation of non-financial
information. This information is being presented for illustrative purposes
only and does not purport to represent what the
        actual consolidated results of operations, revenue performance, or
operating performance would have been had CP had control of KCS and
consolidation actually had occurred for the periods presented.
CPKC 2023 ANNUAL REPORT / 7

Average train speed (miles per hour)

 2022  2023         Total Change  
       18.0   17.8  -1%           
       (0.2)  
                    

Locomotive productivity (GTMs/operating horsepower)

20222023

 146  156  7%  
 10   
           

Fuel efficiency

20222023

 1.049    1.043  -1%  
 (0.006)  
                 

Total employees (average)

20222023

 19,525  20,256  4%  
 731     
                 

Total employees (end of period)

20222023

19,78519,927

Workforce (end of period)

20222023

19,91420,038

FRA personal injuries per 200,000 employee-hours

20222023

1.301.14

1%

142

1%

124

-12%

(0.16)

FRA train accidents per million train-miles2

20222023

 1.45    0.99  -32%  
 (0.46)  
               
1.             Certain statistical highlights and safety indicators have been
updated to reflect new information or have been restated to conform with
current presentation. The restatements of safety indicators reflect new
information available within specified periods stipulated by the Federal
Railroad Administration (""FRA"") but that exceed the            
        Company's financial reporting timeline. The 2022 FRA-reportable train
accident frequency on a combined basis was previously 1.48.
8 / CPKC 2023 ANNUAL REPORT

SAME PLAYBOOK:

BIGGER PLAYING FIELD

CP and KCS were the two fastest growing Class 1 railroads in North America
before the combination. That successful growth playbook is now being executed
over a larger playing field with a focus on providing safe and efficient
service to our customers.

In 2023, CPKC delivered volume growth and best-in-class earnings growth.

MEXICO MIDWEST EXPRESS (MMX) CPKC's powerful network offers the
onlysingle-lineservice between Chicago and Mexico. Without the need to
interchange trains at the border, we alone can providetruck-likespeed combined
with the reliability of our precision scheduled operating model. Our MMX
service is the mosttruck-competitiveoption on the market with safe, secure and
dependable performance.

In addition to our MMX service, in 2023 we announced a new strategic
relationship with Schneider National, Inc. to provide intermodal service for
their customers in the critical north-south lane between Canada, the U.S. and
Mexico. To increase capacity, CPKC progressed construction of the second span
of the international rail bridge in Laredo, expected to be completed by the
end of 2024.

CPKC 2023 ANNUAL REPORT / 9

ROOM TO GROW 2.0: AMERICOLD

CPKC has over 6,000 acres of land adjacent to our terminals that can be
leveraged to create capacity for our operations or attract long-term
relationships with customers through co-location of their facilities on our
network. This playbook has created successful relationships with new customers
including Maersk in Vancouver, Ford and Glovis in multiple locations and in
2024, Americold Realty Trust, Inc. in Kansas City. We have a winning playbook
that we can now extend over a much bigger playing field.

In 2024, we are breaking ground on the new Americold facility co-located at
our Kansas City intermodal facility. This new facility will provide innovative
solutions for our customers throughout North America and be the first of many
we intend to build in the years to come. When paired with CPKC's premium
intermodal service and one of the industry's largest fleets of refrigerated
containers, this collaboration will further elevate this world-class service
offering, moving a range of food and other products to and from Mexico.

UNPARALLELED PORT ACCESS

CPKC has unparalleled port connectivity throughout Canada, the U.S. and
Mexico, with access to more than 20 ports across North America. The Atlantic
Ocean is easily accessible through Saint John, N.B., Searsport, Maine,
Montreal, Que., and ports in New York, making it easy for our customers to
source and ship their freight to global and regional markets. Our East Coast
Advantage offers a 200-mile routing benefit from tidewater at the Port of
Saint John, enabling us to help deliver their freight more efficiently.

On the Pacific side, our routing advantage from Vancouver to Chicago means we
have the shortest transit time which enables our customers to have meaningful
speed to their markets. In Lázaro Cárdenas, we access two state-of-the-art
container terminals with world-class operators that are investing heavily in
their capacity.

We access many port complexes in the Gulf of Mexico, including New Orleans and
Gulfport with room to grow in Port Arthur. CPKC has a deep history in
transporting goods along the Gulf of Mexico. With our connections to strategic
ports, strong alliances and extensive cross-border shipping experience, we
offer timely, cost-effective and reliable single-line transportation
solutions.

10 / CPKC 2023 ANNUAL REPORT

8,500-FOOT GRAIN EXPANSION

CPKC developed a winning playbook with our 8,500-foot High Efficiency Product
(HEP) train model, which paired with our higher-capacity grain hopper cars,
enables 40 percent more grain per train. In collaboration with our customers,
the 8,500-foot HEP train model changed the Canadian grain landscape.

There are many efficiency benefits to using this model, including reduced
loaded dwell time, since the locomotive remains with the hopper cars, and
increased reliability, as locomotives maintain train air brake pressure during
the loading process. In turn, this expands elevator capacity, allowing grain
companies to buy more grain from producers.

We are taking that successful playbook and expanding it to the U.S. In 2023,
we launched and landed the first 8,500-foot train in the U.S. and will
continue to grow and develop our U.S. grain franchise with these efficiency
goals in mind.

CONTINUING TO EXTEND OUR REACH

In June, we announced an agreement with CSX to establish a direct and
efficient interchange over the Meridian & Bigbee Railroad (MNBR) line,
creating a new east-west Class 1 freight rail corridor linking CPKC-served
markets in Mexico and CSX-served markets in the Southeastern U.S.

Ultimately this transaction, subject to U.S. Surface Transportation Board
approval, when added to our existing highly efficient Norfolk Southern route,
will offer shippers in the Eastern U.S. new competitive options to move their
freight between these markets and take more trucks off the road.

Attachments
*           Original Link
(https://s21.q4cdn.com/736796105/files/doc_financials/2023/ar/CPKC_AnnualReport_2023.pdf)
        
*           Original Document
(https://docs.publicnow.com/BC4418C2DA63805F6B340078C3263AAF926C578E)         
*           Permalink
(https://www.publicnow.com/view/BC4418C2DA63805F6B340078C3263AAF926C578E)
Disclaimer

CPKC - Canadian Pacific Kansas City Limited published this content on 27
February 2024 and is solely responsible for the information contained therein.
Distributed by Public (http://www.publicnow.com), unedited and unaltered, on
27 February 2024 18:20:43 UTC.



(C) Copyright 2024 - CPKC - Canadian Pacific Kansas City Limited",urn:newsml:reuters.com:20240227:nNDL582GdB:1
"March 1 (Reuters) - The United Steelworkers (USW) said
on Friday the union has reached a tentative agreement for a new
contract with Canadian National Railway <CNR.TO>, covering 3,000
workers across Canada. 
    The new three-year deal comes after months of negotiations,
that started in October last year, with the current collective
agreement having expired on Dec. 31. 
    The USW Local 2004 represents 3,000 Canadian National 
employees who inspect, maintain and repair the railway's track,
bridges and infrastructure across the country.
    Ratification meetings will take place during March and the
results of the ratification vote are expected by the end of
March or early April.
    The USW represents 225,000 members in nearly every economic
sector across Canada and is the largest private-sector union in
North America.

 (Reporting by Kannaki Deka in Bengaluru; Editing by Shailesh
Kuber)
 ((Kannaki.Deka@thomsonreuters.com;))",urn:newsml:reuters.com:20240301:nL3N3FF4FU:1
"CPKC ADVANTAGE

IN V ESTO R PRESEN TATIO N : MA RCH 2024

TSX / N YS E : C P

FORWARD LOOKING STATEMENTS

This investor presentation may contain certain forward-looking information and
forward-looking statements (collectively, ""forward-looking information"")
within the meaning of applicable securities laws. Forward-looking information
includes, but is not limited to, statements concerning expectations, beliefs,
targets, plans, goals, objectives, assumptions and statements about possible
future events, conditions, and results of operations or performance. Forward-
looking information may contain statements with words or headings such as
""financial expectations"", ""key assumptions"", ""anticipate"", ""believe"",
""expect"", ""targets"", ""plan"", ""will"", ""outlook"", ""guidance"", ""should"" or
similar words suggesting future outcomes. This presentation contains
forward-looking information relating, but not limited to statements concerning
financial targets for 2024-2028 and financial guidance for 2024, including
estimated growth and capital expenditures, the success of our business, the
realization of anticipated benefits and synergies of the Canadian Pacific
Railway Limited (""CP"")-Kansas City Southern (""KCS"") transaction and the timing
thereof, and the opportunities arising therefrom, our operations, priorities
and plans, including sustainability-related targets and plans, anticipated
financial and operational performance, business prospects and demand for our
services and growth opportunities. The forward-looking information that may be
in this presentation is based on current expectations, estimates, projections
and assumptions, having regard to Canadian Pacific Kansas City Limited's
(""CPKC's"") or the ""Company's"" experience and its perception of historical
trends, and includes, but is not limited to, expectations, estimates,
projections and assumptions relating to: changes in business strategies, North
American and global economic growth and conditions; commodity demand growth;
sustainable industrial and agricultural production; commodity prices and
interest rates; performance of our assets and equipment; sufficiency of our
budgeted capital expenditures in carrying out our business plan; geopolitical
conditions, applicable laws, regulations and government policies; the
availability and cost of labour, services and infrastructure; the satisfaction
by third parties of their obligations to CPKC; and carbon markets, evolving
sustainability strategies, and scientific or technological developments.
Although CPKC believes the expectations, estimates, projections and
assumptions reflected in the forward-looking information presented herein are
reasonable as of the date hereof, there can be no assurance that they will
prove to be correct. Current conditions, economic and otherwise, render
assumptions, although reasonable when made, subject to greater uncertainty.
Undue reliance should not be placed on forward-looking information as actual
results may differ materially from those expressed or implied by
forward-looking information. By its nature, CPKC's forward-looking information
involves inherent risks and uncertainties that could cause actual results to
differ materially from the forward looking information, including, but not
limited to, the following factors: changes in business strategies and
strategic opportunities; general Canadian, U.S., Mexican and global social,
economic, political, credit and business conditions; risks associated with
agricultural production such as weather conditions and insect populations; the
availability and price of energy commodities; the effects of competition and
pricing pressures, including competition from other rail carriers, trucking
companies and maritime shippers in Canada, the U.S. and Mexico; North American
and global economic growth and conditions; industry capacity; shifts in market
demand; changes in commodity prices and commodity demand; uncertainty
surrounding timing and volumes of commodities being shipped via CPKC;
inflation; geopolitical instability; changes in laws, regulations and
government policies, including regulation of rates; changes in taxes and tax
rates; potential increases in maintenance and operating costs; changes in fuel
prices; disruption in fuel supplies; uncertainties of investigations,
proceedings or other types of claims and litigation; compliance with
environmental regulations; labour disputes; changes in labour costs and labour
difficulties; risks and liabilities arising from derailments; transportation
of dangerous goods; timing of completion of capital and maintenance projects;
sufficiency of budgeted capital expenditures in carrying out business plans;
services and infrastructure; the satisfaction by third parties of their
obligations; currency and interest rate fluctuations; exchange rates; effects
of changes in market conditions and discount rates on the financial position
of pension plans and investments; trade restrictions or other changes to
international trade arrangements; the effects of current and future
multinational trade agreements on the level of trade among Canada, the U.S.
and Mexico; climate change and the market and regulatory responses to climate
change; anticipated in-service dates; success of hedging activities;
operational performance and reliability; customer, regulatory and other
stakeholder approvals and support; regulatory and legislative decisions and
actions; the adverse impact of any termination or revocation by the Mexican
government of Kansas City Southern de México, S.A. de C.V.'s Concession;
public opinion; various events that could disrupt operations, including severe
weather, such as droughts, floods, avalanches and earthquakes, and
cybersecurity attacks, as well as security threats and governmental response
to them, and technological changes; acts of terrorism, war or other acts of
violence or crime or risk of such activities; insurance coverage limitations;
material adverse changes in economic and industry conditions, including the
availability of short and long-term financing; the demand environment for
logistics requirements and energy prices, restrictions imposed by public
health authorities or governments, fiscal and monetary policy responses by
governments and financial institutions, and disruptions to global supply
chains; the realization of anticipated benefits and synergies of the CP-KCS
transaction and the timing thereof; the satisfaction of the conditions
imposed by the U.S. Surface Transportation Board in its March 15, 2023
decision; the success of integration plans for KCS; the focus of management
time and attention on the CP-KCS transaction and other disruptions arising
from the CP-KCS integration; estimated future dividends; financial strength
and flexibility; debt and equity market conditions, including the ability to
access capital markets on favourable terms or at all; cost of debt and equity
capital; improvement in data collection and measuring systems; industry-driven
changes to methodologies; and the ability of the management of CPKC to execute
key priorities, including those in connection with the CP-KCS transaction. The
foregoing list of factors is not exhaustive. These and other factors are
detailed from time to time in reports filed by CPKC with securities regulators
in Canada and the United States. Reference should be made to ""Item 1A - Risk
Factors"" and ""Item 7 - Management's Discussion and Analysis of Financial
Condition and Results of Operations - Forward-Looking Statements"" in CPKC's
annual and interim reports on Form 10-K and 10-Q. Any forward-looking
information contained in this presentation is made as of the date hereof.
Except as required by law, CPKC undertakes no obligation to update publicly or
otherwise revise any forward-looking information, or the foregoing assumptions
and risks affecting such forward-looking information, whether as a result of
new information, future events or otherwise.

BASIS OF PRESENTATION & NON-GAAP MEASURES

Basis of presentation

Except where noted, all figures are in millions of Canadian dollars.

Financial information is prepared in accordance with accounting principles
generally accepted in the United States of America (""U.S. GAAP""), unless
otherwise noted.

Financial and operating results described in this presentation, unless the
context indicates otherwise, represent the financial and operating results of
CP for the period from April 1, 2023, through April 13, 2023, during which
time KCS was held in voting trust and accounted for as an equity investment
under the equity method of accounting, and the financial and operating results
of CPKC for the period beginning on April 14, 2023, and ending on December 31,
2023.

Non-GAAP measures

CPKC presents Non-GAAP measures, including Core adjusted combined operating
income, Core adjusted combined operating ratio, Core adjusted combined income,
Core adjusted combined diluted earnings per share (EPS), Core adjusted
combined operating income, and Adjusted combined net debt to adjusted combined
Earnings before interest, taxes, depreciation and amortization (""EBITDA"")
ratio, to provide an additional basis for evaluating underlying earnings and
liquidity trends in CPKC's current periods' financial results that can be
compared with the results of operations in prior periods. Management believes
these Non-GAAP measures facilitate a multi-period assessment of long-term
profitability, including assessing future profitability.

These Non-GAAP measures have no standardized meaning and are not defined by
U.S. GAAP and, therefore, may not be comparable to similar measures presented
by other companies. The presentation of these Non-GAAP measures is not
intended to be considered in isolation from, as a substitute for, or as
superior to the financial information presented in accordance with U.S. GAAP.

Although CPKC has provided forward-lookingNon-GAAP measures (Core adjusted
combined diluted EPS, Adjusted net debt to adjusted combined EBITDA)
management is unable to reconcile, without unreasonable efforts, the
forward-looking Core adjusted combined diluted EPS to the most comparable U.S.
GAAP measure, due to unknown variables and uncertainty related to future
results. These unknown variables may include unpredictable transactions of
significant value. In recent years, the Company has recognized
acquisition-related costs, the merger termination payment received, KCS' gain
on unwinding of interest rate hedges (net of CP- associated purchase
accounting basis differences and tax), loss on derecognition of CPKC's
previously held equity method investment in KCS, discrete tax items, changes
in the outside basis tax difference between the carrying amount of the
Company's equity investment in KCS and its tax basis of the investment,
settlement of Mexican taxes relating to prior years, changes in income tax
rates, and changes to an uncertain tax item. Acquisition-related costs include
legal, consulting, financing fees, integration costs including third-party
services and system migration, debt exchange transaction costs, community
investments, fair value gain or loss on foreign exchange (""FX"") forward
contracts and interest rate hedges, FX gain on U.S. dollar-denominated cash on
hand from the issuances of long-term debt to fund the KCS acquisition,
restructuring, employee retention and synergy incentive costs, and transaction
and integration costs incurred by KCS which were recognized within Equity
earnings of KCS in the Company's Consolidated Statements of Income. KCS has
also recognized FX gains and losses. These items may not be non-recurring, and
may include items that are settled in cash. Specifically, due to the magnitude
of the acquisition, its significant impact to the Company's business and
complexity of integrating the acquired business and operations, the Company
expects to incur the acquisition-related costs beyond the year of acquisition.
These or other similar, large unforeseen transactions affect diluted EPS but
may be excluded from CPKC's Core adjusted combined diluted EPS. Additionally,
the Canadian-to-U.S. dollar and Mexican peso-to-U.S. dollar exchange rates are
unpredictable and can have a significant impact on CPKC's reported results but
may be excluded from CPKC's Core adjusted combined diluted EPS.

For further information regarding Non-GAAP measures, including reconciliations
to the most directly comparable GAAP measures, see the Non-GAAP Measures
supplement to the Q4 2023 Earnings Release on our website at
investor.cpkcr.com and on SEDAR+ at www.sedarplus.caunder CPKC's SEDAR+
profile, and the Q4 2023 Unaudited Combined Summary of Supplemental Data on
our website at investor.cpkcr.com.

FINANCIAL PERFORMANCE DATA

 ($ in millions of Canadian dollars, except percentages)           2023 (1)  2022 (1)  
 Total revenues, as reported                                       $12,555   $8,814    
                                                                                       
 Combined total revenues (2)                                       $13,909   $13,217   
                                                                                       
 Operating income, as reported                                     $4,388    $3,329    
                                                                                       
 Core adjusted combined operating income (2)                       $5,281    $5,060    
                                                                                       
 Operating ratio, as reported (3)                                  65.0%     62.2%     
                                                                                       
 Core adjusted combined operating ratio (2)                        62.0%     61.7%     
                                                                                       
 Net income attributable to controlling shareholders, as reported  $3,927    $3,517    
                                                                                       
 Core adjusted combined income (2)                                 $3,582    $3,521    
                                                                                       
 Diluted earnings per share, as reported                           $4.21     $3.77     
                                                                                       
 Core adjusted combined diluted earnings per share (2)             $3.84     $3.77     
                                                                                       
1.            Represents combined financial and operating information to
illustrate the estimated effects of the acquisition for the year ended
December 31, 2023, as if the acquisition closed on January 1, 2022. For a full
description and reconciliation see Q4 2023 Unaudited Combined Summary of
Supplemental Data on investor.cpkcr.com          
2.            These measures are Non-GAAP measures, and have no standardized
meanings prescribed by accounting principles generally accepted in the United
States (""GAAP"") and, therefore, may not be comparable to similar measures
presented by other companies. These measures are defined and reconciled in
       Q4 2023 Unaudited Combined Summary of Supplemental Data on our website
at investor.cpkcr.com at investor.cpkcr.com.     
3.            Operating ratio is defined as operating expenses divided by
revenues.
FOUNDED IN PRECISION, BUILT FOR GROWTH,

THE CPKC ADVANTAGE

The CPKC combination has redrawn the North American railroad map and changed
the freight rail industry for the better. Guided by our precision railroading
model, foundations and core values we continue to deliver industry-leading
service. It's a culture of excellence that we adhere to 24/7, 365. Stretching
approximately 20,000 route miles across Canada, the United States and Mexico,
and employing 20,000 railroaders, CPKC provides our customers unparalleled
rail service and network reach to key markets across the continent. While our
playing field has grown, our playbook and commitment to delivering safely and
sustainably for customers and shareholders remains the same.

Welcome to the CPKC Advantage!

2012 - 2016: WE REBUILT THE ENGINE

Streamlined assets

Right-sized resources to optimize our network

Precision railroading

Precision planning and execution to optimize service and control costs

Improved operating performance

Longer, faster trains and less dwell time

Consistent, reliable service

Leveraging our strengths to deliver superior value to our customers

Invested in the network

Upgraded to improve performance and increase capacity

Lowered cost base

Unprecedented margin improvement

Culture of accountability

Railroader attitude:

Do what you said you'll do

Developed the team

Handpicked team.

Best in the business

2017 - 2022: WE LED THE INDUSTRY IN GROWTH

Diversified book of business

Balanced portfolio of industries, regions and markets

Increased capacity

Efficiencies and network investments mean we have the ability to do more

Right culture & team

Accountable, collaborative, passionate team of railroaders

Value driven

Disciplined approach to valuing service. We won't commoditize ourselves

Powerful footprint

Strong network with shortest routes to major centers and ability to extend
reach

 Resilient performance        Service innovation             
 Operating model performs in  Supply chain collaboration to  
 upturns and downturns        enhance our service offering   

Disciplined approach

Pursuing the right customers in the right lanes to grow our business

CPKC: THE NEXT CHAPTER

Unique and unrivaled network

Only North American rail network to connect a continent

Best-in-class team

Proven leadership and experience with deep bench strength

Transformational Merger

Injecting new competition into the rail industry

Capacity to grow

Strategic land holdings in key markets

Environmental benefits

Taking trucks off the road and reducing GHG emissions

Value driven

Same disciplined approach to valuing service, applied to a larger network

Powerful synergies

Leveraging our network to develop new markets and drive profitable growth

Compelling value creation

Using our new network to create shareholder value

SAME PLAYBOOK BIGGER PLAYING FIELD
*            3-countryconnectivity     
*            20,000 track miles          
*            30+ ports & 30+ auto facilities          
*            200+ transloads & 90+ shortlines          
*            Unique, strategic land assets
D I V E RS I F I E D B O O K O F B U S I N ES S

A powerful base to drive sustainable growth

 Combined Business Mix (1)  Combined Geographic Distribution ( 1)  
 % of 2023 Freight Revenue  % of 2023 Combined Freight Revenue     
 CAPITAL                                                           

2023 Combined Freight Revenue Variance (1)

% of 2022 Combined Freight Revenue
*              Uniquely positioned with best- in-class service and capacity to
grow       
*              Leveraging our strengths to grow with existing customers and
bring on new business            
*              Stronger margins allow us to compete for new opportunities     
      
*              Continually innovating with long-term partners to help them win
in the marketplace
INVESTMENTS
*              Reinvesting in the business is the first call on cash.         
  
*              Ongoing investments in replacing
depleted assets ensure the long-term

 Bulk                                                                                                                     34%             Global AR  22%  
                                                                                sustainability of our business.           Asia            19%        
 Grain                                                                                                                    20%             
 Coal                                  • Network upgrades (new track, longer    3%                                        
                                                                                7%                                        Europe          
 Potash                                                                         sidings, CTC) drive further productivity                  
                                                                                4%                                        Cross-Border    41%        
                                                                                and capacity improvements.                
 Fertilizers & Sulphur                 3%                                       Canada to U.S.                            16%             
                                       • Rolling stock investments include      12%                                       
 Merchandise                                                                    47%                                       U.S. to Mexico  
                                                                                locomotive modernization programs and     6%              
 Forest Products                                                                6%                                        U.S. to Canada  
                                       Mexico to U.S.                           5%                                        
                                                                                investment in our grain hopper fleet.                     
 Energy, Chemicals & Plastics          20%                                      Canada to Mexico                          1%              
 Metals, Minerals & Consumer Products  13%                                      
 Mexico to Canada                      1%                                       
 Automotive                                                                                                               8%              
                                                                                                                                          

Grain

Coal

Potash

Fertilizers & Sulphur

Forest Products

Energy, Chemicals &

Plastics

Metals, Minerals &

Consumer Products

Automotive

Intermodal

9%

9%

-3%

9%

4%

5%

12%

30%

-9%

 Intermodal     19%  Domestic      37%  
 Intra-U.S.     19%  
 Domestic       11%  Intra-Canada  15%  
 International  8%   Intra-Mexico  3%   

 -15%  -5%  5%  15%  25%  35%  

Total Change +5% Growth

(1) Represents combined financial information to illustrate the estimated
effects of the acquisition for the year ended December 31, 2023, as if the
acquisition closed on January 1, 2022. For a full description and
reconciliation see Q4 2023 Unaudited Combined Summary of Supplemental Data on
investor.cpkcr.com

Attachments
*           Original Link
(https://s21.q4cdn.com/736796105/files/doc_presentations/2024/Mar/01/cpkc-investor-presentation_final_march-2024.pdf)
        
*           Original Document
(https://docs.publicnow.com/294EAE39C455176DA45EC128A1868D6B3D9B8392)         
*           Permalink
(https://www.publicnow.com/view/294EAE39C455176DA45EC128A1868D6B3D9B8392)
Disclaimer

CPKC - Canadian Pacific Kansas City Limited published this content on 01 March
2024 and is solely responsible for the information contained therein.
Distributed by Public (http://www.publicnow.com), unedited and unaltered, on
01 March 2024 21:37:38 UTC.



(C) Copyright 2024 - CPKC - Canadian Pacific Kansas City Limited",urn:newsml:reuters.com:20240301:nNDL2bDwCK:1
"* 
      TSX ends up 0.9% at 21,794.56
    

        * 
      Posts its highest close since April 2022
    

        * 
      Tech sector rallies 2.5%
    

        * 
      Linamar jumps 11.4% after reporting earnings
    

  
 (Updates at market close)
    By Purvi Agarwal and Fergal Smith
       March 7 (Reuters) - Canada's main stock index climbed on
Thursday to its highest level in nearly two years, helped by
gains for technology and railroad shares, as investors cheered
corporate earnings and the prospects of lower interest rates.
    The Toronto Stock Exchange's S&P/TSX composite index
<.GSPTSE> ended up 200.60 points, or 0.9%, at 21,794.56, its
highest closing level since April 2022.
    Wall Street's main indexes also climbed as Federal Reserve
Chair Jerome Powell said the U.S. central bank was ""not far""
from gaining the confidence it needs in falling inflation to
begin cutting interest rates.
    ""Interest  rates, even though they are not coming down yet,
central bankers are telegraphing to expect a rate cut probably
later this year,"" said Lorne Steinberg, president of Lorne
Steinberg Wealth Management.
    ""That's bullish for the economy, so the rail stocks are
doing well.""
    Canadian Pacific Kansas City Ltd shares <CP.TO> rose 2.2%
and Canadian National Rail Co <CNR.TO> was up 1.2%.
    Those moves helped lift the industrials sector by 0.9%,
while technology added 2.5%.
    Descartes Systems Group Inc <DSG.TO> shares added 4.6% after
the software company beat fourth-quarter revenue estimates and
shares of Constellation Software Inc <CSU.TO> were up 4.5%.
    Investors also cheered the results of auto-parts
manufacturer Linamar Corp <LNR.TO>. Its shares ended 11.4%
higher.
    The materials sector, which includes precious and base
metals miners and fertilizer companies, rose 1.2% as gold added
to its record-setting rally. [GOL/]
    Eight of the TSX's 10 main sectors ended higher, with only
consumer staples and energy losing ground. Oil <CLc1> settled
0.25% lower at $78.93 a barrel. [O/R]

 (Reporting by Purvi Agarwal in Bengaluru; Editing by Shilpi
Majumdar and Jonathan Oatis)
 ((Purvi.Agarwal@thomsonreuters.com))",urn:newsml:reuters.com:20240307:nL3N3FL50Y:3
"WESTSHORE TERMINALS

INVESTMENT CORPORATION

ANNUAL INFORMATION FORM

March 8, 2024

 TABLE OF CONTENTS                                                    
 EXPLANATORY NOTES                                                1   
 CAUTION CONCERNING FORWARD-LOOKING STATEMENTS                    1   
 CORPORATE STRUCTURE                                              1   
 BUSINESS OF WESTSHORE                                            3   
 History                                                          3   
 Operations                                                       3   
 Facilities                                                       5   
 Labour                                                           6   
 Environmental                                                    7   
 Other Export Terminals                                           7   
 RISK FACTORS                                                     8   
 DESCRIPTION OF CAPITAL STRUCTURE                                 12  
 DIVIDENDS                                                        12  
 MARKET FOR SECURITIES                                            13  
 REGISTRAR AND TRANSFER AGENT                                     13  
 DIRECTORS AND OFFICERS                                           13  
 AUDIT COMMITTEE                                                  14  
 Composition of the Audit Committee                               14  
 External Auditor Service Fees (By Category)                      15  
 INTEREST OF MANAGEMENT AND OTHERS IN MATERIAL TRANSACTIONS ....  15  
 MATERIAL CONTRACTS                                               16  
 INTERESTS OF EXPERTS                                             16  
 CEASE TRADE ORDERS OR BANKRUPTCIES                               16  
 PENALTIES OR SANCTIONS                                           17  
 ADDITIONAL INFORMATION                                           18  
 SCHEDULE A                                                       19  

EXPLANATORY NOTES

Unless otherwise stated, the information in this Annual Information Form is
stated as of December 31, 2023. All references to the ""Corporation"" are to
Westshore Terminals Investment Corporation, together with its subsidiaries, as
the context requires.

All amounts are presented in Canadian dollars unless otherwise noted.

CAUTION CONCERNING FORWARD-LOOKING STATEMENTS

This Annual Information Form contains forward-looking statements, which
reflect the current expectations of the Corporation and Westshore (as defined
below) with respect to future events and performance. Forward- looking
statements are based on information available at the time they are made,
assumptions by management, and management's good faith belief with respect to
future events. They speak only as of the date of this Annual Information Form,
and are subject to inherent risks and uncertainties, including those outlined
in this Annual Information Form, that could cause actual performance or
results to differ materially from those reflected in the forward-looking
statements, historical results or current expectations.

Forward-looking information included in this document includes statements with
respect to: demand for, or restrictions on handling, thermal coal and future
opportunities for new coal supply; thermal coal representing a higher
percentage of shipments at least until potash shipments reach higher levels
expected in 2030 and beyond; statements regarding Westshore's potash project,
including that the project will complete close to the original budget, coal
operations will continue with undue disruption, construction activity will
ramp up significantly in 2024, construction will complete and Westshore will
commence handling potash in 2026, the anticipated receipt of formal
notification from BHP (as defined below) to initiate Stage 2 construction
requirements, BHP commencing additional production in 2029, and Berth 2
continuing to be available for loading coal; anticipated impact of the amended
lease on the Corporation's financial statements; Westshore's obligations under
the carbon tax regime; share repurchases, including the expected renewal of
the Corporation's normal course issuer bid; expectations relating to the
market price of the Common Shares (as defined below); and expectations
relating to Westshore's operations, financial condition and business and those
of Westshore's customers and service providers.

Forward looking statements should not be read as guarantees of future
performance or results, and will not necessarily be accurate indications of
whether, or the times at which, such performance or results will be achieved.
The Corporation assumes no obligation to update or revise forward-looking
statements to reflect future events, changes in circumstances, or changes in
beliefs, except as required by applicable securities laws. There is
significant risk that estimates, predictions, forecasts, conclusions and
projections will not prove to be accurate, that assumptions may not be correct
and that actual results may differ materially from such estimates,
predictions, forecasts, conclusions or projections. Readers of this Annual
Information Form should not place undue reliance on forward-looking statements
as a number of factors could cause actual results, conditions, actions or
events to differ materially from the targets, expectations, estimates or
intentions expressed in the forward-looking statements. Specific material risk
factors include, among others: Westshore's dependence on coal shipments, which
are in turn affected by global demand and competition in the supply of
seaborne coal, the ability of customers to maintain or increase sales or
deliver coal to the Terminal, and fluctuations in exchange rates, among other
things; Westshore's ability to renegotiate key customer contracts in the
future on favourable terms or at all; global changes in climate change
initiatives and environmental regulations and policies; and risks related to
the construction and operation of the potash project. See ""Risk Factors"".

CORPORATE STRUCTURE

The Corporation was incorporated under the Business Corporations Act (British
Columbia) on September 28, 2010 and is domiciled in Canada. The registered and
head office of the Corporation is located at Suite 1800, 1067 West Cordova
Street, Vancouver, British Columbia, V6C 1C7. The Corporation owns all of the
limited partnership units of Westshore Terminals Limited Partnership
(""Westshore""), a partnership established under the laws of British Columbia.

1

The Corporation derives its cash inflows from its investment in Westshore by
way of distributions on Westshore's limited partnership units. Westshore
operates a coal storage and unloading/loading terminal at Roberts Bank,
British Columbia (the ""Terminal""). Westshore's operating revenues are
primarily derived from rates charged for handling coal which is loaded onto
seagoing vessels. Westshore is currently undertaking significant
infrastructure additions to the Terminal to allow it to handle potash for BHP
Canada Inc., a subsidiary of BHP Group Limited (""BHP"").

The following chart illustrates the Corporation's primary structural
relationships. The Corporation holds all the limited partnership units of
Westshore, a limited partnership registered under the Partnership Act (British
Columbia), and all the common shares of Westshore Terminals Ltd. (the ""General
Partner""), a corporation incorporated under the Business Corporations Act
(British Columbia). The General Partner is the general partner of Westshore.
Westar Management Ltd. (the ""Manager"") is a subsidiary of Jim Pattison Ltd.
and provides management services to Westshore under a management agreement
between Westshore and the Manager (the ""Management Agreement""). The Manager
also provides administrative services to the Corporation pursuant to an
administration agreement and appoints three of the eight directors of the
General Partner pursuant to a governance agreement. Details of these
arrangements will be included in the Information Circular for the
Corporation's 2024 Annual Meeting.

2

BUSINESS OF WESTSHORE

History

Westshore operates a coal handling facility which serves Canadian and U.S.
shippers of metallurgical and thermal coal. The Terminal is located on land
leased from the Vancouver Fraser Port Authority (""VFPA"") on a man-made island
at Roberts Bank, British Columbia. The Terminal is approximately 30 kilometres
south of Vancouver and is the largest coal loading facility on the west coast
of the Americas. The Terminal's unique location provides strategic advantages
with rail access, storage capacity and vessel handling. The Terminal began
operating in 1970, two years after construction commenced on the Roberts Bank
superport and terminal facilities. Westshore has constructed and owns all the
facilities and equipment at the Terminal.

Handling large volumes of bulk materials requires reliable equipment which
needs to be well maintained and, as it nears the end of its useful life,
replaced, which requires expenditure of significant capital. Between 2007 and
2012 Westshore expended over $110 million on additions and upgrading of major
equipment components and its environmental systems. Between 2014 and 2019
another capital project was completed to replace four major pieces of
equipment, which, together with related works, resulted in expenditures of
$240 million. This project was completed on time and under budget, with the
result that Westshore now has an updated terminal facility with modernized
equipment.

Westshore is currently undertaking significant infrastructure additions to the
Terminal to allow it to handle potash for BHP. These additions include a new
potash dumper, storage building and associated conveying systems.
Additionally, certain existing infrastructure at the Terminal will be modified
to support handling potash. Westshore's agreement with BHP provides that the
potash infrastructure will be available in 2026.

Operations

Coal is delivered to the Terminal in unit trains operated by Canadian Pacific
Kansas City, Canadian National Railway and BNSF Railway. Coal is loaded onto
vessels that are destined for approximately 14 countries worldwide, with the
largest volumes being shipped to Japan and South Korea (see table below).
Westshore provides service to its customers seven days a week, 24 hours a day.
The Terminal's operations are periodically impacted by weather conditions, and
are subject to rail and mine performance, which are outside Westshore's
control.

Shipments of coal through the Terminal by destination for the past three years
were as follows.

Shipments by Destination

(Expressed in thousands of metric tonnes)

                      2023         2022         2021         
                      Volume  %    Volume  %    Volume  %    
 Japan                13,360  48   11,572  50   10,640  37   
 South Korea          7,331   26   7,588   32   9,196   32   
 China and Hong Kong  3,650   13   1,045   4    3,767   13   
 South America        1,030   4    923     4    1,041   3    
 Taiwan               865     3    344     1    1,110   4    
 Europe               770     3    613     3    1,299   4    
 India                477     2    696     3    1,637   6    
 Vietnam              222     1    130     1    0       -    
 Other                23      -    429     2    165     1    
 Total                27,728  100  23,340  100  28,855  100  
                                                             

3

The throughput at the Terminal in any given year is influenced by the ability
of Westshore's customers in that year to sell coal to their customers and to
produce and deliver that coal to the Terminal. In 2023, shipments to Japan and
South Korea accounted for approximately 74.62% of total throughput,
representing 20.6 million tonnes. Shipments of coal through the Terminal in
the last 10 calendar years are presented in the table below.

Coal Shipments (millions of tonnes)

                 2014  2015  2016  2017  2018  2019  2020  2021  2022  2023  
 Steel-Making    18.8  19.4  19.3  17.8  17.4  19.8  19.4  13.2  7.2   9.9   
 Thermal         11.5  9.1   6.3   11.0  12.8  11.0  9.6   15.4  16.0  17.6  
 Petroleum Coke  0.3   0.3   0.2   0.2   0.3   0.2   0.3   0.3   0.1   0.2   
 Total           30.6  28.8  25.8  29.0  30.5  31.0  29.3  28.9  23.3  27.7  

Coal has been the only commodity shipped through the Terminal, other than
small volumes of petroleum coke. Coal is used for the production of steel
(steel-making or metallurgical coal) and the generation of electricity
(thermal coal). In 2023, 36% of Westshore's volume was steel-making coal (31%
in 2022), 64% was thermal coal (68% in 2022), and less than 1% was petroleum
coke (1% in 2022). In 2023, 80% of the thermal coal loaded by Westshore was
shipped to South Korea and Japan. Westshore expects that thermal coal will
continue to represent a higher percentage of shipments at least until potash
shipments reach higher levels expected in 2030 and beyond. The volume of coal
handled by Westshore is dependent on the volume of sales achieved by
Westshore's customers and the ability of Westshore's customers to deliver coal
to the Terminal. The strength and profitability of Westshore's customers is
linked to overall coal market conditions, as well as each customer's relative
competitiveness in global markets.

Customers

In 2023, Westshore shipped product for seven customers that operate mines in
British Columbia, Alberta and the United States. Westshore has contracts in
place to ship product for seven customers in 2024.

Current contracts with Westshore's four largest customers accounted for 92% of
Westshore's throughput in 2023. The remaining term of these contracts is
between one and four years.

Our agreement with Teck Coal Limited (""Teck"") runs to 2027 but will terminate
once Teck has shipped 33 million tonnes that have been nominated under the
agreement, unless Teck elects to extend.

In August 2021, the Corporation announced completion of an agreement (the ""BHP
Agreement"") between Westshore and BHP to provide port services to BHP's Jansen
Potash Mine in Saskatchewan (the ""Jansen Mine""). Shipments of potash are
expected to commence in 2026. Further information regarding the BHP Agreement
is included below under the heading ""Material Contracts"".

Revenues

Westshore's revenues depend upon the volume of product shipped through the
Terminal and the rates charged for handling such product. The rates per tonne
charged by Westshore to its customers are established by contract and are
unregulated. In order to remain profitable, Westshore must be able to sustain
a volume of throughput and charge rates for such volume which in combination
allow it to meet its operating and administrative costs, a significant portion
of which is relatively fixed. The rates charged to Canadian customers are
established in Canadian dollars and to U.S. customers in U.S. dollars.
Westshore typically hedges a portion of anticipated U.S. dollar revenue in any
year. Westshore does not take title to the coal it handles and has no direct
market or commercial risk with respect to the sale of coal. Market conditions
for coal affect the profitability

4

and competitiveness of Westshore's customers and therefore may affect the
volume of coal handled by Westshore.

Operating Costs

A significant portion of Westshore's operating costs are relatively fixed,
including a significant portion of employee costs. Employee costs represent
approximately 50% of Westshore's operating and administrative expenses. Other
costs include VFPA Lease (as defined below) expense, depreciation, general and
administration costs, outside services, materials and supplies, utilities,
insurance and property taxes.

Facilities

VFPA Lease

To accommodate the expansion of Westshore's operations to include handling
potash, modifications have been made to the lease agreement between Westshore
and VFPA effective January 1, 2023 (as modified, the ""Lease""). The initial
term of the Lease will now run to December 31, 2051, and Westshore will have
two renewal options which if exercised will extend the Lease to 2070. The
Lease requires Westshore to pay all charges, taxes and assessments and keep
all structures and installations at the Terminal in good repair. Upon expiry
of the Lease, VFPA has the right to require Westshore to restore the Terminal
site to a condition similar to that at the commencement of an earlier lease
entered into in 1982, or to acquire for fair value the equipment and
structures used in the operations, all of which have been constructed and paid
for by Westshore.

The methodology for determining the annual rent under the Lease has been
changed. Previously annual rent was comprised of a fixed base land and
waterlot rent, a fixed minimum annual throughput (""MAT"") charge and a further
per tonne throughput charge which varied with the volume of coal shipped in
excess of 17.6 million tonnes in the year. The fixed components and the per
tonne throughput charge had not increased since 2002.

Under the revised methodology, annual rent is comprised of two fixed amounts,
basic rent and ancillary rent. The basic rent was based on a land appraisal,
is fixed until December 31, 2026, and may be revised by VFPA at that time and
every three years thereafter. If VFPA increases the basic rent at any such
time, Westshore has the right to seek a review of the revised amount. The
ancillary rent, which replaces the previous fixed MAT charge and further
variable throughput charge, is fixed regardless of annual throughput and will
escalate annually.

The amended lease was executed in early 2024. As a result, the Corporation's
audited consolidated financial statements for the years ended December 31,
2023 and 2022 reflect the financial terms of the prior lease. The financial
effects of the Lease will be reflected prospectively in the Corporation's
consolidated financial statements for the three months ending March 31, 2024
and it is expected that there will be a largely off-setting increase in each
of the right-of-use asset and the lease obligation.

The Corporation has guaranteed Westshore's obligations under the Lease. The
Lease provides that Westshore may not assign the Lease without VFPA's consent,
and that neither Westshore nor the Corporation may enter into any transaction
that would result in a change of control of Westshore without the consent of
VFPA. That provision does not apply to a change in or termination of the
Management Agreement between Westshore and the Manager.

The Terminal

Product arrives at the Terminal in unit trains. Coal cars are unloaded by one
of two rotary double dumpers which invert the rail cars without uncoupling
them. Both dumpers can unload cars at a rate of approximately 5,000 tonnes per
hour. Westshore is utilizing the services of a local railway company which
switches all trains arriving at the Terminal.

5

On the Terminal site, there are over seven kilometres of conveyors that carry
the coal from the dumpers to one of the four stacker/reclaimers or to either
of the two berths for loading onto a ship. The stacker/reclaimers deposit, or
""stack"", the coal onto uncovered stockpiles. Stockpiled coal is segregated by
customer and product type until it is loaded onto a vessel, at which time the
coal is ""reclaimed"", or picked up, by a stacker/reclaimer and transported by
the conveyor belt system to a shiploader.

The Terminal has two deep-sea berths for loading vessels. Berth 1 can handle
vessels of up to 260,000 deadweight tonnes and is equipped with a traveling
shiploader capable of loading up to 7,000 tonnes of coal per hour. Berth 2 is
capable of handling vessels of up to 180,000 deadweight tonnes and loading up
to 7,000 tonnes of coal per hour.

Potash Project

Pursuant to the BHP Agreement, Westshore is required to complete the necessary
additions to the Terminal to allow it to handle potash. This includes
designing and constructing a potash dumper, storage building and associated
conveying systems. In addition, certain existing infrastructure at the
Terminal will be modified to support handling potash. Once completed, potash
will be loaded only at the Terminal's Berth 2, which will continue to be
available for loading coal.

The ongoing work at the Terminal relating to the potash project is causing
expected physical and operational disruptions, including restricting stockpile
space and limiting access to equipment. Despite these challenges, in 2023
Westshore was able to handle 27.7 million tonnes of coal, which was all the
coal our customers made available. Coal operations are expected to continue
without undue disruption through the construction phase, which is required to
be completed in 2026.

Westshore has obtained a permit from VFPA to proceed with the potash project
and one of the two required operating permits. Westshore has submitted its
application for the second required operating permit and the permitting
process is well underway. During 2023, Westshore's work on the project focused
on underground utilities, pre-loading for the potash storage building and
significant seismic improvements around Berth 2. During 2024, Westshore
expects that construction activity will ramp up significantly with
commencement of the construction of the potash storage building, dumper and
conveyor systems.

BHP is substantially funding the construction, with Westshore being
responsible for construction costs in excess of the agreed budget. Westshore
will also contribute up to an additional $33 million to costs related to
specific infrastructure or unexpected permitting conditions that are
encountered. Additionally, Westshore is responsible, at its expense, to
maintain and replace the potash facilities during the life of the BHP
Agreement. Despite challenges from the recent higher than expected inflation
economy, we still expect the project to complete close to the original budget.
The project remains on schedule, and we expect to commence handling potash
sometime in 2026.

In 2023, BHP announced that it approved Jansen Stage 2, an additional
investment in the Jansen Mine to increase its production capacity to
approximately 8.5 million tonnes per annum, with first production of Jansen
Stage 2 expected to commence in 2029. Westshore anticipates receiving formal
notification from BHP to initiate Stage 2 construction requirements once
certain milestones of the current project are met.

Labour

As at December 31, 2023, Westshore employed 423 non-union and unionized
employees, including temporary employees, with the unionized group being
represented by three separate locals of the International Longshore and
Warehouse Union (the ""ILWU""). The largest bargaining unit, ILWU Local 502,
represents 173 regular employees, ILWU Local 514 represents 51 regular foremen
and ILWU Local 517 represents 14 regular administrative employees. Collective
bargaining agreements are in place with all three locals of the ILWU, each of
which runs until January 31, 2028.

6

Environmental

Westshore's business is handling coal that is mined, transported and used by
other entities, which manage their own responsibilities and are subject to
various forms of regulation in relation to the environment. Westshore is
committed to meeting its responsibility to limit the impact of its own
operations on the environment and its neighbours.

In order to minimize air quality impacts and dust emissions from Westshore's
operations it engages in ongoing dust reduction activities including using
spray towers and water trucks to add moisture to stockpiles, using anti-dust
agents on roadways, and carefully monitoring weather conditions to ensure
Westshore is prepared for adverse weather in advance. To monitor compliance
with Westshore's air emissions permit issued by Metro Vancouver, Westshore
operates both real-time electronic and passive sampling systems. The permit
requires Westshore to collect samples from an offsite location near the site
boundary and report the measured dust fall to Metro Vancouver. These samples
have consistently met British Columbia air quality guidelines and the
requirements of the permit.

Westshore's main operating equipment is powered by electricity, minimizing
greenhouse gas (""GHG"") emissions. Westshore's largest source of GHG emissions
is diesel fuel used for bulldozing product stockpiles. As part of Westshore's
capital improvement project between 2014 and 2019, Westshore replaced three of
four stacker-reclaimers. The new stacker-reclaimers have a longer reach,
allowing them to access more of the stockpile area resulting in reduced
bulldozing. In 2023, Westshore's GHG emissions per tonne shipped are 39% lower
than its 2012 emissions levels.

Westshore's water is sourced from the municipal water supply. Water is
primarily used for the ground level and mast sprays in the stockyard for dust
suppression. Westshore relies on operator inputs as well as control systems
that monitor wind direction and speed to adjust operating intervals to
effectively manage dust while minimising water usage. All rainwater, surface
runoff and water used on site at Westshore is collected and is treated to
remove coal particles and other solids. The surface water treatment plant
monitors suspended solids in the discharge water and the discharge shuts off
at the upper threshold limit. Westshore also operates a wastewater treatment
plant to process sewage generated on site. The wastewater treatment plant is
maintained by a registered third-party specialist who is required to test for
and correct any deficiencies. Discharges from these plants are subject to
discharge permits issued by the British Columbia Ministry of Environment and
Climate Change Strategy. Discharge of treated water from both plants is
permitted provided that the water meets quality standards established under
the respective permits. Westshore regularly samples water discharged from both
plants, which has consistently met the established standards.

Westshore is a participant in Green Marine, a voluntary environmental
certification program for the North American marine industry. Green Marine
requires that participants commit to continuously reducing their environmental
footprint. Their certification program for terminals focuses on six areas,
including emission of GHGs, materials handling performance, waste management
and community impacts.

On an annual basis, Westshore prepares an ESG Report, a copy of which is
available on Westshore's website. This report provides an expanded discussion
of Westshore's environmental, social and governance risk management and
performance.

Other Export Terminals

Other terminal facilities on the west coast of Canada that handle coal for
export are Trigon Pacific Terminals Limited (""Trigon"") and Neptune Bulk
Terminals (Canada) Ltd. (""Neptune""). Trigon is a multi-user facility located
in Prince Rupert that handles coal as well as other products. Neptune is
located in Vancouver's inner harbour and handles metallurgical coal and
potash. Neptune's coal capacity is used exclusively by Teck.

7

Westshore's unique location provides competitive advantages with respect to
rail access and vessel handling. The Terminal is relatively proximate to mines
in the United States and BNSF has operational access directly to the Terminal.
The Terminal's location also results in coal experiencing lower atmospheric
moisture content compared to coal loaded in Northern British Columbia.
Further, Westshore's deep-sea berthing capacity enables it to load larger
vessels, compared to berths located in Vancouver's inner harbour.

RISK FACTORS

Any of the following risks could materially and adversely affect the
Corporation's results of operations and financial condition and the business
of Westshore. They could also materially and adversely affect the ability of
the Corporation to pay dividends on or repurchase its common shares (the
""Common Shares"") and could affect the value of the Common Shares. In addition
to the risk factors listed below, businesses are often subject to risks not
foreseen or fully appreciated by management. In reviewing these risk factors
investors should keep in mind other possible risks that could be important.

Dependence on Westshore

The Corporation is entirely dependent on the operations and assets of
Westshore through the Corporation's ownership of all of the limited
partnership units of Westshore. The Corporation's ability to pay dividends on
and repurchase its Common Shares is dependent upon distributions paid by
Westshore to the Corporation, less taxes and other expenses of the
Corporation. The cash distributed by Westshore to the Corporation will depend
on Westshore's profitability, which will depend upon numerous factors
including the sustainability of throughput and loading rates, control of
Westshore's expenses, capital expenditure requirements, and the risks to
Westshore's business identified below.

Dependence on Coal Shipments

The biggest factors currently affecting Westshore's profitability are the
volume of coal shipped by its customers through the Terminal and the
associated handling rates paid by Westshore's customers. The competitiveness
of Westshore's customers, demand for their products (metallurgical and thermal
coal) and the volumes of coal they sell are affected by numerous factors
beyond the control of Westshore or its customers, including the demand for
different types of coal, the availability of cost competitive coal supplies,
the prices for coal obtained by Westshore's customers, currency exchange
rates, political and economic conditions including any restrictions on the
transportation and use of coal, labour or other disruptions at mine sites or
to rail carriage, and production and transportation costs in major coal
producing regions. The volume of coal shipped by Westshore is also dependent
upon the continuous operation of the Terminal, which may be impacted by
outages as a result of operational breakdowns and other unplanned
interruptions.

Loading Contracts

Westshore operates under term contracts with its customers. Contracts are
usually renegotiated prior to expiry, but no assurance can be given that new
contracts with acceptable terms will be negotiated, or that the volumes
committed and loading charges under contracts which are renewed will not be at
reduced levels.

Global Climate Change Initiatives and Environmental Regulations and Policies

Since 2021, more than half of the Terminal's annual throughput has been
thermal coal. Various factors may affect and potentially reduce global demand
for thermal coal, including transition to renewable and other energy sources
for power generation, the imposition of more stringent environmental
regulations and changes in laws and policies in Canada and the United States
and in countries to which our customers ship their products. Further,
legislation or regulations may be imposed that impact the volume of thermal
coal that Westshore is able to handle in the future. In 2021 the Government of
Canada stated that it would take steps to ban the export of thermal coal from
Canada effective no later than 2030. To date the Government has not initiated
any legislative action for that purpose.

8

Attachments
*           Original Link (https://www.westshore.com/pdf/finance/2024/aif.pdf)
        
*           Original Document
(https://docs.publicnow.com/29751766919E84E38A56155F2864738BFE9D367E)         
*           Permalink
(https://www.publicnow.com/view/29751766919E84E38A56155F2864738BFE9D367E)
Disclaimer

Westshore Terminals Investment Corporation published this content on 08 March
2024 and is solely responsible for the information contained therein.
Distributed by Public (http://www.publicnow.com), unedited and unaltered, on
09 March 2024 01:04:40 UTC.



(C) Copyright 2024 - Westshore Terminals Investment Corporation",urn:newsml:reuters.com:20240309:nNDL8YGRhy:1
"Westshore Terminals Limited Partnership 2023 ESG Report

27773.175403.GAM1.24960691.1

Continuing Our Journey

Operating responsibly and protecting the environment in and around Westshore
Terminals (""Westshore"") is a top priority for us. This means minimizing the
impact of our operations by protecting the natural environment around us for
future generations to enjoy. Our focus is to have a safe, respectful and
inclusive workplace and be accountable to our shareholders through transparent
and effective governance structures.

Westshore published our first Environmental, Social and Governance (ESG)
report in 2022 and are now in our third year of reporting. We look for
opportunities to progress and improve our performance.

Thank you,

 William Stinson                          Glenn Dudar                         
 Chairman, CEO & President                Vice President and General Manager  
 Westshore Terminals Limited Partnership  Westshore Terminals                 
 March 8, 2024                                                                

Page | 2

27773.175403.GAM1.24960691.1

 Table of Contents                                                           
 CONTINUING OUR JOURNEY (#page_2)                             2 (#page_2)    
 TABLE OF CONTENTS (#page_3)                                  3 (#page_3)    
 WESTSHORE TERMINALS OVERVIEW (#page_4)                       4 (#page_4)    
 A Vital Link for North American Commodity Exports (#page_4)  4 (#page_4)    
 ENVIRONMENT (#page_5)                                        5 (#page_5)    
 Air Quality (#page_5)                                        5 (#page_5)    
 Greenhouse Gas (GHG) Emissions (#page_6)                     6 (#page_6)    
 Water Management (#page_8)                                   8 (#page_8)    
 Noise (#page_10)                                             10 (#page_10)  
 Waste Management (#page_10)                                  10 (#page_10)  
 Regulatory Compliance                                        11             
 Environmental Certifications                                 12             
 Environmental Management System & Reporting                  12             
 Community Complaints                                         13             
 Environmental Performance Enhancement Projects               13             
 SOCIAL IMPACT                                                15             
 Our Team                                                     15             
 Health and Safety                                            16             
 Community Involvement and Engagement                         19             
 Local Investment                                             20             
 GOVERNANCE                                                   22             
 Ownership Structure                                          23             
 Board Structure                                              24             
 Board Composition and Diversity                              25             
 Executive Appointments and Diversity                         25             
 Legal and Regulatory Compliance                              25             
 Cyber Security                                               26             

Page | 3

27773.175403.GAM1.24960691.1

Westshore Terminals Overview

Westshore Terminals is a bulk-commodity handling faculty located in Delta,
British Columbia that has been in operation for over 53 years. Westshore
leases the 136-acre property from the Vancouver Fraser Port Authority (the
port authority) and provides train unloading, product stockpiling, and vessel
loading services.

A Vital Link for North American Commodity Exports

The company is currently the largest coal terminal on the west coast of the
Americas with capacity for approximately 33 million tonnes annually, handling
both steelmaking (metallurgical) and thermal coal for customers located in
British Columbia, Alberta, and the Powder River Basin of Montana and Wyoming.
Steelmaking coal is used in the production of steel and thermal coal is used
for generating electricity.

In addition to handling coal, Westshore is constructing facilities to handle
and store potash for BHP's Jansen Mine in Saskatchewan. Westshore's customer
agreement extends through to 2051 and is part of a multi-billion investment.
This potash project is a transformational diversification of Westshore's
business to expand into the agriculture sector for the long term and enhance
Westshore's environmental commitments. Potash is a naturally-occurring,
critical ingredient in fertilizer, which is required for global agriculture.

Page | 4

27773.175403.GAM1.24960691.1

Environment

At Westshore, we recognize that as an industrial operation, we have an impact
on the environment around us. As a marine terminal, our interface with the
natural environment is primarily the air and water around us, and with this in
mind, we have comprehensive and appropriate protections and mitigations in
place that are the foundation from which we operate. Westshore regularly
assesses how we can further reduce our localized impact on the environment and
support the efforts of our partners, customers and suppliers to do the same.

While much of our focus is on our operations, we also recognize that the
products we currently handle generate emissions with climate change impacts.
Having handled coal for over fifty years, we understand there are climate
impacts associated with coal consumption and there is a need to seek
opportunities to adopt greater use of renewable energy resources.

At the same time, we believe these efforts must be balanced with the reality
that steelmaking coal is necessary for the transition and maintenance to a
lower carbon economy, and that for many countries, thermal coal is the primary
and often only accessible energy source for electricity generation.

Air Quality

Air quality impacts and dust emissions from the transportation and handling of
coal continue to be primary concerns for communities in closest proximity to
the terminal and along the rail routes from the mines to the terminal.

Westshore has carried out a number of projects in the last 10 years to address
dust emissions and has several in planning. The completed projects include:
1.            Berth 1 and Berth 2 Dust Suppression System. Addition of a
system that sprays anti- dusting product onto the coal conveyors during
shiploading.          
2.            New Stacker-Reclaimers. Increase in the stacker-reclaimer boom
length significantly reducing required bulldozing from pre-2016 levels.     
3.            New Shiploader on Berth 1. Improved design along with enclosed
galleries and transfer points reduces and contains spillage directing it to
Westshore's coal recovery systems.
Page | 5

27773.175403.GAM1.24960691.1

In addition to the projects above, our ongoing emissions reduction activities
include using water trucks to keep roads and piles wet, using anti-dusting
agents on roadways, and carefully monitoring weather conditions to be best
prepared for adverse weather in advance.

Greenhouse Gas (GHG) Emissions

All of Westshore's main operating equipment is powered by electricity,
minimizing terminal emissions.

Westshore's largest source of GHG emissions is diesel fuel used for bulldozing
the product stockpiles. To reduce bulldozer use, and as part of a larger
terminal improvement project, Westshore replaced three of four
stacker-reclaimers, which are critical equipment required for operations. The
new stacker-reclaimers have a longer reach, allowing them to access greater
volumes of product with limited bulldozing.

As noted in the figure below, Westshore's GHG emissions, per tonne of coal
shipped, have reduced by 39% from 2012 levels.

GHG Emissions per Tonne Shipped

             0.160                                                                                                                                       
 shipped     0.140                                                                                                                                       
 0.120                                                                                                                                             
                                                                                                                                                   
 Co2e/tonne  0.100                                                                                                                                       
 0.080                                                                                                                                             
 0.060                                                                                                                                             
 kg                                                                                                                                                
                                                                                                                                                   
             0.040                                                                                                                                       
             0.020                                                                                                                                       
             2012                                   2013                                     2014  2015  2016  2017  2018  2019  2020  2021  2022  2023  
             GHG/tonne shipped (No Elec.) kg/tonne  GHG/tonne shipped (with Elec.) kg/tonne        

Diesel Fuel Consumption

Westshore participates in the port authority's Non-Road Diesel Emission (NRDE)
program. This program tracks the emissions levels of equipment operating
within the Port of Vancouver and incentivizes the replacement of old
generation diesel engines.

Page | 6

27773.175403.GAM1.24960691.1

For our employees Westshore offers the use of six electric vehicle charging
stations allowing employees to charge vehicles while at work.

The following tables show the overall downward trend in diesel and propane
used on site.

Fuel Usage

Fuel Utilisation

          800,000  
          700,000  
          600,000  
 Litres   500,000  
 400,000  
          

300,000

200,000

100,000

0

       
 2012  2013  2014  2015  2016       2017  2018   2019  2020      2021  2022  2023            
                         Propane L        Gas L        Diesel L              Throughput tpa    
                                                                 

 35,000,000              
 30,000,000              
 25,000,000  Throughput  
 20,000,000  
             
 15,000,000              
 10,000,000              
 5,000,000               
 0                       

Fuel Usage per Tonne Shipped

                                                             Fuel Utilisation per Tonne Shipped                                            
               0.0300                                                                                                                                                    
 Shipped       0.0250                                                                                                                                                    
 0.0200                                                                                                                                                            
                                                                                                                                                                   
 Litres/Tonne  0.0150                                                                                                                                                    
 0.0100                                                                                                                                                            
 0.0050                                                                                                                                                            
                                                                                                                                                                   
               0.0000                                                                                                                                                    
               2012                     2013                 2014                                2015                    2016  2017  2018  2019  2020  2021  2022  2023  
               Propane L/tonne shipped  Gas L/tonne shipped                                      Diesel L/tonne shipped        

Page | 7

27773.175403.GAM1.24960691.1

Water Management

Westshore's water is sourced from the municipal water supply. Water is
primarily used for the ground level and mast sprays in the stockyard, as
keeping the coal wet significantly reduces the potential for dust on the
stockpiles and roads.

As important as it is to reduce dust generation, water is a resource that we
have to preserve. With that in mind Westshore uses operator inputs in
combination with control systems that monitor wind direction and speed to set
system operating intervals and ensure that the stockyard stays wet while at
the same time minimizing water usage.

Water Usage per Tonne Shipped

                                    Water Usage                                
            26.0                                                                           
            24.0                                                                           
 Shipped    22.0                                                                           
 20.0                                                                                
                                                                                     
 M^3/Tonne  18.0                                                                           
 16.0                                                                                
 14.0                                                                                
                                                                                     
            12.0                                                                           
            10.0                                                                           
            2012  2013  2014  2015  2016         2017  2018  2019  2020  2021  2022  2023  

Water Usage per Tonne Shipped Long Term Trend

                                                            Water Usage                                                                        
            60.0                                                                                                                                                       
            55.0                                                                                                                                                       
 Shipped    50.0                                                                                                                                                       
 45.0                                                                                                                                                            
 40.0                                                                                                                                                            
 M^3/Tonne  35.0                                                                                                                                                       
 30.0                                                                                                                                                            
 25.0                                                                                                                                                            
 20.0                                                                                                                                                            
                                                                                                                                                                 
            15.0                                                                                                                                                       
            10.0                                                                                                                                                       
            2000  2001  2002  2003  2004  2005  2006  2007  2008         2009  2010  2011      2012  2013  2014  2015  2016  2017  2018  2019  2020  2021  2022  2023  
                                                                                     Page | 8                                                              

27773.175403.GAM1.24960691.1

Surface Water Collection

Westshore uses industry-leading facilities and equipment as part of their
environmental initiative: the terminal has 10 high masts; 17 high tower
sprays; 2 mobile air monitoring units; and 75 nelson big gun ground level
water sprays. The number of high tower sprays and nelson big gun ground level
water sprays has been reduced as a result of taking one of the coal yard lines
out of production for the BHP Potash Project.

All rainwater and surface runoff at Westshore is collected by a series of
ditches and sumps and is treated with a settlement process to remove coal
particles and other solids.

A water treatment system of sieve bins has also been built to treat the water
we use on site and remove coal particles from the collected surface water.

Westshore discharges surface runoff water from the terminal through an ocean
discharge system. The ocean discharge uses a combination of coagulation and
flocculation to remove particulate from the water and meet Westshore's
discharge permit criteria of Total Suspended Solids (TSS) levels under 50
mg/l, oil, and grease under 10 mg/l and a quarterly LC-50 bioassay test. The
treated water is monitored continuously with electronic instrumentation, and
weekly water samples are collected for analysis and record keeping. The system
operates under the permit conditions set out by the BC Ministry of Environment
and Climate Change Strategy.

Wastewater Management

Westshore operates a modern wastewater treatment plant to process sewage
generated on site. The system was installed in 2015 and is subject to permit
conditions and monitoring by Metro Vancouver and the BC Ministry of
Environment and Climate Change Strategy.

Westshore's wastewater treatment plant operated the duration of 2023 in
compliance with regulatory requirements.

Incidents

In 2023, Westshore had zero reportable events related to air, water, or
wastewater management under its three main operating permits (2022 - 0).

Page | 9

27773.175403.GAM1.24960691.1

Noise

Westshore has a number of ongoing measures in place to reduce noise from
terminal activities. Over the past five years, Westshore has completed several
projects that have reduced the overall noise output.

The 2016 Berth 1 shiploader replacement is fully-enclosed and fitted with
polymeric conveyor rollers to reduce noise levels. The Berth 1 and trestle
conveyors were also refitted from the previous steel conveyor rollers to
quieter, polymeric rollers.

The shiploader conveyor was also upgraded with a variable speed drive, which
reduces noise during operation.

The three stacker-reclaimers installed 2017 to 2019 are also fitted with
noise-reducing polymeric conveyor rollers. The stacker-reclaimer conveyors and
surge bin feeders are fitted with variable speed drives to eliminate fluid
coupling noise and allow for reduced speed when coal is not being loaded.

In addition to Westshore's activities, the port authority has three noise
monitoring stations within the Tsawwassen area that monitor noise at Roberts
Bank (one at Fred Gingell Park, one at the tug basin north of the adjacent
container terminal, and one at the Tsawwassen First Nation).

Westshore has not directly received noise complaints in the last two years.

Waste Management

Westshore has a recycling program in place to reduce waste generation that
includes the following products:

     Recyclable containers                           Cardboard       
     Paper                                           Batteries       
     Wood                                            Steel (metals)  
     Copper                  Used oil and filters    
*            Electronics
Page | 10

27773.175403.GAM1.24960691.1

Attachments
*           Original Link (https://www.westshore.com/pdf/finance/2024/esg.pdf)
        
*           Original Document
(https://docs.publicnow.com/89A290ED813264B6A0D76A7958A900F7ACCD06E8)         
*           Permalink
(https://www.publicnow.com/view/89A290ED813264B6A0D76A7958A900F7ACCD06E8)
Disclaimer

Westshore Terminals Investment Corporation published this content on 08 March
2024 and is solely responsible for the information contained therein.
Distributed by Public (http://www.publicnow.com), unedited and unaltered, on
09 March 2024 01:04:38 UTC.



(C) Copyright 2024 - Westshore Terminals Investment Corporation",urn:newsml:reuters.com:20240309:nNDLbzcC8P:1
"The following information is prepared for the convenience of Canadian
Derivatives Clearing Corporation (CDCC) members and Bourse de Montréal Inc.
(the Bourse) approved participants. This document is an unofficial summary of
certain terms of the aforementioned adjustment. CDCC and the Bourse accept no
responsibility for the accuracy or completeness of the summary. CDCC members
and Bourse approved participants must ensure they have reviewed the
documentation published by the Issuers involved in this corporate action.

NOTICE TO MEMBERS

No. 2024 - 026

March 12, 2024

FINAL CONTRACT ADJUSTMENT

Westshore Terminals Investment Corporation (WTE)

Special Cash Dividend

The Bourse and CDCC wish to inform you that the Directors of Westshore
Terminals Investment Corporation (the ""Corporation""), declared on March 8,
2024, a special cash dividend of CAD $0.35 per common share. The special
dividend will be paid on April 15, 2024 to shareholders of record as of the
close of business on March 31, 2024. The ex-dividend date is March 27, 2024.

The Bourse and CDCC will take into account the special dividend by adjusting
the strike prices of Westshore Terminals Investment Corporation (WTE) options,
by an amount equivalent to the special dividend that is CAD $0.35.

Special Dividend - Adjustment Details:

 ➢ EX-DATE:         March 27,       2024           
 ➢ RECORD DATE:     March 31,       2024 (Sunday)  
 ➢ PAYABLE DATE:    April 15, 2024  

CDCC - Adjustment Details:

According to the Terms of Adjustment provided in Section A-902 of the Rules of
CDCC, all Westshore Terminals Investment Corporation (WTE) options will be
adjusted as follows:

 ➢    EFFECTIVE :      March 27, 2024  
 ➢    OPTIONS SYMBOL:  Unchanged       
*            NUMBER OF CONTRACTS:Unchanged     
*            MULTIPLIER:           Unchanged
Canadian Derivatives Clearing Corporation

 100 Adelaide Street W  1700-1190 av des Canadiens-de-Montréal   
 3 rd Floor             P.O. Box 37                              
 Toronto ON M5H 1S3     Montreal, Quebec H3B 0G7                 
 416.367.2470           514.871.3545                             

www.cdcc.ca

 ➢ DELIVERABLE PER          100 common shares of WTE                               
 CONTRACT:                                                                         
 ➢ POSITION AND EXERCISE    Position and exercise limits will remain unchanged at  
 LIMITS:                    50 000 contracts.                                      
 ➢ CUSIP:                   Unchanged                                              
 ➢ STRIKE PRICES:           An adjustment of CAD $0.35 will be made for all        
                            existing series.                                       
                            https://rules.cdcc.ca/w/cdcc/cdcc-en#!b/a_902          

Bourse de Montréal Inc. - Adjustment Details:

It is important to note that on the effective date mentioned above, all open
orders on this option class will not be automatically modifiedto reflect the
special dividend and will therefore have to be reenteredinto the Montreal
Automated System (SAM) by the approved participants.

At the opening of business on March 27, 2024, the strike prices for WTE series
will be adjusted as indicated below:

Westshore Terminals Investment Corporation

 Symbol  Actual Strike Prices  New Strike Prices           
                               after the Special Dividend  
 WTE     $20.00                $19.65                      
 WTE     $21.00                $20.65                      
 WTE     $21.50                $21.15                      
 WTE     $22.00                $21.65                      
 WTE     $22.50                $22.15                      
 WTE     $23.00                $22.65                      
 WTE     $23.50                $23.15                      
 WTE     $24.00                $23.65                      
 WTE     $24.50                $24.15                      
 WTE     $25.00                $24.65                      
 WTE     $26.00                $25.65                      
 WTE     $27.00                $26.65                      
 WTE     $28.00                $27.65                      
 WTE     $29.00                $28.65                      
 WTE     $30.00                $29.65                      
 WTE     $31.00                $30.65                      

Canadian Derivatives Clearing Corporation

 100 Adelaide Street W  1700-1190 av des Canadiens-de-Montréal   
 3 rd Floor             P.O. Box 37                              
 Toronto ON M5H 1S3     Montreal, Quebec H3B 0G7                 
 416.367.2470           514.871.3545                             

www.cdcc.ca

Westshore Terminals Investment Corporation

 Symbol  Actual Strike Prices  New Strike Prices           
                               after the Special Dividend  
 WTE     $32.00                $31.65                      
 WTE     $34.00                $33.65                      
 WTE     $35.00                $34.65                      
 WTE     $36.00                $35.65                      
 WTE     $40.00                $39.65                      

The above table may not reflect all listed series due to market fluctuations.

PLEASE ENSURE THAT ALL CLIENTS WHO HAVE EITHER LONG OR SHORT POSITIONS IN THIS
OPTION CLASS ARE ADVISED OF THIS NOTICE.

For further information, please contact Market Operations Department at (514)
871-7877. Clearing members may contact CDCC's Business Operations Department.

Anna Linardakis

Director, Business Operations

CDCC

Canadian Derivatives Clearing Corporation

 100 Adelaide Street W  1700-1190 av des Canadiens-de-Montréal   
 3 rd Floor             P.O. Box 37                              
 Toronto ON M5H 1S3     Montreal, Quebec H3B 0G7                 
 416.367.2470           514.871.3545                             

www.cdcc.ca

Attachments
*           Original Link (https://www.cdcc.ca/u_avis_en/026-24_en.pdf)       
 
*           Original Document
(https://docs.publicnow.com/9D6BCCB28D36E98401823973812CD713EC3FABA7)         
*           Permalink
(https://www.publicnow.com/view/9D6BCCB28D36E98401823973812CD713EC3FABA7)
Disclaimer

CDCC - Canadian Derivatives Clearing Corporation published this content on 12
March 2024 and is solely responsible for the information contained therein.
Distributed by Public (http://www.publicnow.com), unedited and unaltered, on
12 March 2024 19:32:48 UTC.



(C) Copyright 2024 - CDCC - Canadian Derivatives Clearing Corporation",urn:newsml:reuters.com:20240312:nNDL7t7sHq:1
"The text version of this document is not available. You can access the
original document here
(https://docs.publicnow.com/2443BD18B3C603998BEE980F9D1FF5155FE49735).

Attachments
*           Original Link
(https://www.exchangeincomecorp.ca/wcm-docs/news/2023_annual_report_20240405091505.pdf)
        
*           Original Document
(https://docs.publicnow.com/2443BD18B3C603998BEE980F9D1FF5155FE49735)         
*           Permalink
(https://www.publicnow.com/view/2443BD18B3C603998BEE980F9D1FF5155FE49735)
Disclaimer

Exchange Income Corporation published this content on 05 April 2024 and is
solely responsible for the information contained therein. Distributed by
Public (http://www.publicnow.com), unedited and unaltered, on 05 April 2024
14:22:30 UTC.



(C) Copyright 2024 - Exchange Income Corporation",urn:newsml:reuters.com:20240405:nNDL3Gx7wL:1
"April 12 (Reuters) - Canadian National Railway <CNR.TO>
said on Friday it has proposed an offer that included higher
hourly wages, improved vacation leave and more consistent work
schedules as part of negotiations with a union representing its
employees. 
    The offer comes as Teamsters Canada Rail Conference, the
union representing about 6,000 Canadian National employees
across Canada, has begun a voting process, from April 8 to May
1, over a strike mandate. 
    Railway workers in Canada have been in negotiations with
companies over rail safety and crew fatigue, with unions
including the TCRC and United Steelworkers (USW) pushing for
better contracts. 
    Railways are critical to Canada's economy, due to its vast
geography and exports of grain, potash and coal.
    Contracts covering locomotive engineers, conductors and yard
workers at Canadian National expired on Dec. 31, and the
Teamsters are in negotiations over a new contract at the
company, as well as at Canadian Pacific Kansas City <CP.TO>. 
    Canadian National said it met with TCRC between April 10 and
12, during which time the company proposed the offer. 
    It has offered to shift to an hourly rate of pay for certain
employees, effective January 2025. The proposal would mean
average annual earnings of C$157,406 for conductors, compared
with the average rate of C$120,790 in 2023, and a projected
23.5% rise in average yearly pay for engineers, according to the
company.
    ""Canadian National's latest offer is a non-starter for our
union. The company is still demanding to remove all
safety-critical rest provisions from our collective agreement
... Our union will not bargain with safety,"" the TCRC said in a
statement. 
    Canadian National last month reached a tentative agreement
with USW for a new contract covering 3,000 workers across
Canada, following a months-long negotiation process that began
in October 2023. 
    

    

 (Reporting by Deborah Sophia in Bengaluru; Additional Reporting
by Rod Nickel in Winnipeg, Manitoba; Editing by Krishna Chandra
Eluri)
 ((DeborahMary.Sophia@thomsonreuters.com;))",urn:newsml:reuters.com:20240412:nL3N3GL3ZB:2
"Vancouver, April 15, 2024 - Global industry leaders from North America, Asia
and Europe announced today the formation of the North Pacific Green Corridor
Consortium (NPGCC) whose members and partners will work together to
decarbonize the value chain for commodities between North America and Asia.

The NPGCC will apply its collective expertise to develop a corridor for the
decarbonized transportation of multiple commodities, including agricultural
products, metal concentrates and steelmaking coal. The members of the NPGCC
are committed to establishing the consortium as a catalyst for decarbonization
efforts, exploring new markets for low carbon fuels in North America and Asia,
exploring propulsion options, and showcasing how carbon reduction initiatives
can strengthen commercial partnerships.

The NPGCC brings together diverse sections of the value chain including bulk
commodity producers, railway and intermodal transportation providers, marine
vessel owners and operators, port facilities and port authorities, and clean
technology providers. The nine founding members are CN, Mitsubishi Canada
Ltd., Mitsubishi Heavy Industries, NYK Bulk & Projects Carriers, Oldendorff
Carriers, Prince Rupert Port Authority, Teck Resources Limited (Teck), Trigon
Pacific Terminals, and Vancouver Fraser Port Authority. The NPGCC is open to
additional members and partners, in particular end-use customers, to
contribute to the development and implementation of the green trade corridor.

The NPGCC's activities will focus on pathways to optimize energy efficiency
with the specific goal of advancing projects and infrastructure required to
achieve meaningful emissions reductions in the near term. Consideration will
be given to the potential production, storage and bunkering of lower-carbon
fuels and propulsion options for use by NPGCC members and other parties. The
NPGCC will also engage in research, knowledge-sharing, advocacy, member
coordination and recruitment to accelerate members' progress towards their
decarbonization objectives.

About the NPGCC:
*      The NPGCC was initiated in June 2023 when senior representatives of
Teck joined Canada's Minister of Transport at the G7 Transport Ministers'
Summit in Japan to present the vision to the world.    
*      NPGCC members represent approximately 25% of the more than 100 million
tonnes of bulk commodity products shipped annually through the ports of
Vancouver and Prince Rupert.    
*      The NPGCC is incorporated as a Canadian not-for-profit organization,
based in Vancouver, British Columbia. Core members of the NPGCC have entered a
Memorandum of Understanding to facilitate collaboration and achievement of
interim and long-term goals.    
*      The NPGCC's initial Board of Directors is composed of:      *        
Ian Anderson - Senior Vice President and Chief Commercial Officer, Teck       
*         Linda Kongerslev - Director, Global Engagement & Sustainability,
Oldendorff Carriers       
*         François Bélanger - Senior Director, Sustainability, CN       
*         Tatsuhiko Asami - General Manager, Business Group No. 1, NYK Bulk &
Projects Carriers       
*         Robert Booker - Chief Executive Officer, Trigon Pacific Terminals   
   
*         Michael Lagowski - Senior Vice President, Coordination & Strategic
Planning, Mitsubishi Canada Ltd.
Quotes from Board Members:

Ian Anderson: ""The launch of the North Pacific Green Corridor Consortium is a
major step forward in achieving a sustainable and decarbonized future for the
critical minerals value chain. The NPGCC aligns with the Government of
Canada's Green Shipping Corridors Framework by fostering international
collaboration and setting ambitious milestones to create a net-zero future
from producer to shipper to customer. Teck is excited to join the consortium
partners on this major decarbonization initiative as part of our ambition to
achieve net-zero Scope 3 emissions by 2050.""

Linda Kongerslev: ""Oldendorff welcomes this opportunity to work with key
coalition partners to drive a decarbonized supply chain. We are continuously
looking for ways to reduce the environmental footprint of our shipping
services, and the establishment of the North Pacific Green Corridor Consortium
is an exciting milestone on this path.""

François Bélanger: ""CN is proud to join this collaborative and innovative
initiative with partners that also recognize that our climate is changing and
that businesses must not merely adapt, but be part of the solution. An
ecosystem of collaboration across the value chain is key in achieving an
effective transition to a low-carbon future. CN is committed to playing a key
role in the transition to a low-carbon economy as our strategy to reduce our
emissions contributes to reducing the Scope 3 emissions of our customers.""

Tatsuhiko Asami: ""We are delighted to join the North Pacific Green Corridor
Consortium, which aims to realize decarbonized transport between Canada,
Japan, and South Korea. The NYK Group is working to achieve net-zero emissions
by 2050, which aligns with the NPGCC's objective. We will keep moving toward
global decarbonization and a sustainable society together with our customers
and partners through safe and clean transportation.""

Rob Booker: ""As a gateway terminal, we strongly believe in the importance of
collaboration across the value chain to advance decarbonization and deliver
meaningful, lasting benefits. This is why we are strong supporters of the
NPGCC.""

Michael Lagowski: ""Mitsubishi Canada Ltd. is thrilled to be one of the initial
members of the NPGCC. We look forward to collaborating with each of the
members and to seeing what we can accomplish when likeminded organizations
from disparate industries join together to help promote and accelerate
pathways to green and sustainable supply chains across the Pacific.""

For more information visit www.northpacificgreencorridor.org or contact NPGCC
at info@northpacificgreencorridor.org

Attachments
*           Original Link
(https://www.cn.ca/en/news/2024/04/north-pacific-green-corridor-consortium)   
     
*           Permalink
(https://www.publicnow.com/view/62286AEBEC63C22D1A8645012AE727A06025E442)
Disclaimer

CN - Canadian National Railway Company published this content on 15 April 2024
and is solely responsible for the information contained therein. Distributed
by Public (http://www.publicnow.com), unedited and unaltered, on 16 April 2024
21:22:33 UTC.



(C) Copyright 2024 - CN - Canadian National Railway Company",urn:newsml:reuters.com:20240416:nNDL3JWcb8:1
"* 
      TSX ends down 0.6% at 21,873.72
    

        * 
      Posts first decline in six sessions
    

        * 
      Industrial shares lead declines
    

        * 
      10-year yield climbs to a 5-month high 
    

  
 (Updates at market close)
    By Fergal Smith
       April 24 (Reuters) - Canada's main stock index fell on
Wednesday, including declines for railroad shares, as long-term
borrowing costs climbed and retail sales data added to evidence
of a slowdown in the domestic economy.
    The Toronto Stock Exchange's S&P/TSX composite index
<.GSPTSE> ended down 138 points, or 0.6%, at 21,873.72, its
first decline in six sessions.
    ""Markets looks pretty good right now, but the big backdrop
that everyone's still concerned about is bond yields"", said Greg
Taylor, chief investment officer at Purpose Investments.
    The Canadian 10-year yield <CA10YT=RR> touched its highest
level since Nov. 14 at 3.834%. Still, the Bank of Canada is
expected to begin cutting interest rate ahead of the Federal
Reserve as a slowdown in the domestic economy helps cool
inflation.
    Canadian retail sales fell 0.1% in February, the second
straight month of declines, led by a drop in sales at gasoline
stations and fuel vendors.
    Shares of Canadian National Railway <CNR.TO> fell 4.8% after
the company's first-quarter revenue missed analysts' estimates.
Canadian Pacific Kansas City <CP.TO> also missed estimates. Its
shares were down 6.3%.    
    The industrials sector <.GSPTTIN>, which includes railroad
stocks, lost 2.9% and the communication services sector
<.GSPTTTS> ended 1.4% lower.
    Rogers Communications <RCIb.TO> topped estimates for
first-quarter wireless subscriber additions. Still, its shares
fell 3.3%. Heavily-weighted financials <.SPTTFS> also lost
ground, falling 0.6%.

 (Reporting by Fergal Smith in Toronto and Purvi Agarwal in
Bengaluru; Editing by Ravi Prakash Kumar and Marguerita Choy)
 ((fergal.smith@thomsonreuters.com; +1 647 480 7446))",urn:newsml:reuters.com:20240424:nL3N3GX4HY:3
"Q1 2024 EARNINGS REVIEW

April 24, 2024

FORWARD-LOOKING STATEMENTS

This investor presentation may contain certain forward-looking information and
forward-looking statements (collectively, ""forward-looking information"")
within the meaning of applicable securities laws. Forward-looking information
includes, but is not limited to, statements concerning expectations, beliefs,
targets, plans, goals, objectives, assumptions and statements about possible
future events, conditions, and results of operations or performance.
Forward-looking information may contain statements with words or headings such
as ""financial expectations"", ""key assumptions"", ""anticipate"", ""believe"",
""expect"", ""targets"", ""plan"", ""will"", ""outlook"", ""guidance"", ""should"" or
similar words suggesting future outcomes. This presentation contains
forward-looking information relating, but not limited to statements concerning
financial targets for 2024-2028 and our ability to deliver on financial
guidance for 2024, including estimated growth and capital expenditures, the
success of our business, the realization of anticipated benefits and synergies
of the Canadian Pacific Railway Limited (""CP"")-Kansas City Southern (""KCS"")
transaction and the timing thereof, and the opportunities arising therefrom,
our operations, priorities and plans, including sustainability-related targets
and plans, anticipated financial and operational performance, business
prospects and demand for our services and growth opportunities. The
forward-looking information that may be in this presentation is based on
current expectations, estimates, projections and assumptions, having regard to
Canadian Pacific Kansas City Limited's (""CPKC's"" or the ""Company's"")
experience and its perception of historical trends, and includes, but is not
limited to, expectations, estimates, projections and assumptions relating to:
changes in business strategies, North American and global economic growth and
conditions; commodity demand growth; sustainable industrial and agricultural
production; commodity prices and interest rates; performance of our assets and
equipment; sufficiency of our budgeted capital expenditures in carrying out
our business plan; geopolitical conditions, applicable laws, regulations and
government policies; the availability and cost of labour, services and
infrastructure; the satisfaction by third parties of their obligations to
CPKC; and carbon markets, evolving sustainability strategies, and scientific
or technological developments. Although CPKC believes the expectations,
estimates, projections and assumptions reflected in the forward-looking
information presented herein are reasonable as of the date hereof, there can
be no assurance that they will prove to be correct. Current conditions,
economic and otherwise, render assumptions, although reasonable when made,
subject to greater uncertainty. Undue reliance should not be placed on
forward-looking information as actual results may differ materially from those
expressed or implied by forward-looking information. By its nature, CPKC's
forward-looking information involves inherent risks and uncertainties that
could cause actual results to differ materially from the forward looking
information, including, but not limited to, the following factors: changes in
business strategies and strategic opportunities; general Canadian, U.S.,
Mexican and global social, economic, political, credit and business
conditions; risks associated with agricultural production such as weather
conditions and insect populations; the availability and price of energy
commodities; the effects of competition and pricing pressures, including
competition from other rail carriers, trucking companies and maritime shippers
in Canada, the U.S. and Mexico; North American and global economic growth and
conditions; industry capacity; shifts in market demand; changes in commodity
prices and commodity demand; uncertainty surrounding timing and volumes of
commodities being shipped via CPKC; inflation; geopolitical instability;
changes in laws, regulations and government policies, including regulation of
rates; changes in taxes and tax rates; potential increases in maintenance and
operating costs; changes in fuel prices; disruption in fuel supplies;
uncertainties of investigations, proceedings or other types of claims and
litigation; compliance with environmental regulations; labour disputes;
changes in labour costs and labour difficulties; risks and liabilities arising
from derailments; transportation of dangerous goods; timing of completion of
capital and maintenance projects; sufficiency of budgeted capital expenditures
in carrying out business plans; services and infrastructure; the satisfaction
by third parties of their obligations; currency and interest rate
fluctuations; exchange rates; effects of changes in market conditions and
discount rates on the financial position of pension plans and investments;
trade restrictions or other changes to international trade arrangements; the
effects of current and future multinational trade agreements on the level of
trade among Canada, the U.S. and Mexico; climate change and the market and
regulatory responses to climate change; anticipated in-service dates; success
of hedging activities; operational performance and reliability; customer,
regulatory and other stakeholder approvals and support; regulatory and
legislative decisions and actions; the adverse impact of any termination or
revocation by the Mexican government of Kansas City Southern de México, S.A.
de C.V.'s Concession; public opinion; various events that could disrupt
operations, including severe weather, such as droughts, floods, avalanches and
earthquakes, and cybersecurity attacks, as well as security threats and
governmental response to them, and technological changes; acts of terrorism,
war or other acts of violence or crime or risk of such activities; insurance
coverage limitations; material adverse changes in economic and industry
conditions, including the availability of short and long-term financing; the
demand environment for logistics requirements and energy prices, restrictions
imposed by public health authorities or governments, fiscal and monetary
policy responses by governments and financial institutions, and disruptions to
global supply chains; the realization of anticipated benefits and synergies of
the CP-KCS transaction and the timing thereof; the satisfaction of the
conditions imposed by the U.S. Surface Transportation Board in its March 15,
2023 decision; the success of integration plans for KCS; the focus of
management time and attention on the CP-KCS transaction and other disruptions
arising from the CP-KCS integration; estimated future dividends; financial
strength and flexibility; debt and equity market conditions, including the
ability to access capital markets on favourable terms or at all; cost of debt
and equity capital; improvement in data collection and measuring systems;
industry-driven changes to methodologies; and the ability of the management of
CPKC to execute key priorities, including those in connection with the CP-KCS
transaction. The foregoing list of factors is not exhaustive. These and other
factors are detailed from time to time in reports filed by CPKC with
securities regulators in Canada and the United States. Reference should be
made to ""Item 1A - Risk Factors"" and ""Item 7 - Management's Discussion and
Analysis of Financial Condition and Results of Operations - Forward-Looking
Statements"" in CPKC's annual and interim reports on Form 10-K and 10-Q. Any
forward-looking information contained in this presentation is made as of the
date hereof. Except as required by law, CPKC undertakes no obligation to
update publicly or otherwise revise any forward-looking information, or the
foregoing assumptions and risks affecting such forward-looking information,
whether as a result of new information, future events or otherwise.

BASIS OF PRESENTATION & NON-GAAP MEASURES

BASIS OF PRESENTATION

Except where noted, all figures are in millions of Canadian dollars.

Financial information is prepared in accordance with accounting principles
generally accepted in the United States of America (""U.S. GAAP""), unless
otherwise noted.

Financial and operating results described in this presentation, unless the
context indicates otherwise, represent the financial and operating results of
CP for the period from April 1, 2023, through April 13, 2023, during which
time KCS was held in voting trust and accounted for as an equity investment
under the equity method of accounting, and the financial and operating results
of CPKC for the period beginning on April 14, 2023, and ending on December 31,
2023.

NON-GAAP MEASURES

CPKC presents Non-GAAP measures, including Core adjusted combined operating
ratio, Core adjusted combined diluted earnings per share (EPS), Core adjusted
combined operating income, Adjusted combined free cash and Adjusted combined
net debt to adjusted combined Earnings before interest, taxes, depreciation
and amortization (""EBITDA"") ratio, to provide an additional basis for
evaluating underlying earnings and liquidity trends in CPKC's current periods'
financial results that can be compared with the results of operations in prior
periods and facilitate a multi-period assessment of long-term profitability.

These Non-GAAP measures have no standardized meaning and are not defined by
U.S. GAAP and, therefore, may not be comparable to similar measures presented
by other companies. The presentation of these Non-GAAP measures is not
intended to be considered in isolation from, as a substitute for, or as
superior to the financial information presented in accordance with U.S. GAAP.

Although CPKC has provided forward-lookingNon-GAAP measures (Core adjusted
combined diluted EPS and Adjusted combined net debt to adjusted combined
EBITDA) management is unable to reconcile, without unreasonable efforts, the
forward-looking Core adjusted combined diluted EPS to the most comparable U.S.
GAAP measure, due to unknown variables and uncertainty related to future
results. These unknown variables and uncertainty may include unpredictable
transactions of significant value. In recent years, the Company has recognized
acquisition-related costs, adjustments to provisions and settlements of
Mexican taxes, KCS' gain on unwinding of interest rate hedges (net of
CP-associated purchase accounting basis differences and tax), loss on
derecognition of CPKC's previously held equity method investment in KCS,
discrete tax items, changes in the outside basis tax difference between the
carrying amount of the Company's equity investment in KCS and its tax basis of
the investment, changes in income tax rates, and changes to an uncertain tax
item. Acquisition-related costs include legal, consulting, financing fees,
integration costs including third-party services and system migration, debt
exchange transaction costs, community investments, fair value gain or loss on
foreign exchange (""FX"") forward contracts and interest rate hedges, FX gain on
U.S. dollar-denominated cash on hand from the issuances of long-term debt to
fund the KCS acquisition, restructuring, employee retention and synergy
incentive costs, and transaction and integration costs incurred by KCS which
were recognized within Equity earnings of KCS in the Company's Consolidated
Statements of Income. KCS has also recognized FX gains and losses. These items
may not be non-recurring, and may include items that are settled in cash.
Specifically, due to the magnitude of the acquisition, its significant impact
to the Company's business and complexity of integrating the acquired business
and operations, the Company expects to incur the acquisition-related costs
beyond the year of acquisition. These or other similar, large unforeseen
transactions affect diluted EPS but may be excluded from CPKC's Core adjusted
combined diluted EPS and adjusted combined EBITDA. Additionally, the
Canadian-to-U.S. dollar and Mexican peso-to-U.S. dollar exchange rates are
unpredictable and can have a significant impact on CPKC's reported results but

may be excluded from CPKC's Core adjusted combined diluted EPS and adjusted
combined EBITDA.

For further information regarding Non-GAAP measures, including reconciliations
to the most directly comparable GAAP measures, see the Non-GAAP Measures
supplement to the Q1 2024 Earnings Release on our website at
investor.cpkcr.com and on SEDAR+ at www.sedarplus.caunder CPKC's SEDAR+
profile, and the Q1 2024 Unaudited Combined Summary of Supplemental Data on
our website at investor.cpkcr.com.

KEITH CREEL

PRESIDENT &

CHIEF EXECUTIVE OFFICER

HIGHLIGHTS

Q1 2024 vs. Q1 2023
*              Celebrating one year of CPKC             
             • New customer solutions driving growth       
*              Network performing well with year-over-year improvements in
velocity and dwell       
*              Continued strong performance in Mexico            
*              *                Car Miles per Car Day: +23%              
*                Active Cars on Line: -15%         
            
*              Well-positionedto deliver strong year
Revenues

$3.5 billion | +55%

Combined Total Revenues(1)

$3.5 billion | +2%

Operating Ratio 67.4% | +400 bps

Core Adjusted Combined

Operating Ratio(1,2)

64.0% | +50 bps

Diluted EPS $0.83 | -3%

Core Adjusted Combined

Diluted EPS(1,2)

$0.93 | +3%

Train Speed (miles per hour)(1)

19.1| +13%

Terminal Dwell (hours)(1)

9.7 | -10%

Car Miles per Car Day(1)

130 | +12%

Active Cars on Line(1)

88,571| -11%

FRA Train Accident Frequency(1)

0.89 | +25%

FRA Train Accident Frequency(1,3)

1.15 | +3%
1.             Represents combined operating information to illustrate the
estimated effects of the acquisition for the first quarter ended March 31,
2023, as if the acquisition closed on January 1, 2022. For the three months
ended March 31, 2024, KCS was consolidated. For a full description and
reconciliation see Q1 2024 Unaudited Combined Summary of Supplemental Data on
investor.cpkcr.com           
2.             For a full description and reconciliation of Non-GAAP Measures,
see CPKC's Q1 2024 Earnings Release on investor.cpkcr.com and CPKC's 2024 Q1
MD&A available on SEDAR+ at www.sedarplus.caunder CPKC's SEDAR+ profile      
3.             FRA personal injuries per 200,000 employee-hours for the first
quarter ended March 31, 2023, previously reported as 1.15, was restated to
1.12
MARK REDD

CHIEF OPERATING OFFICER

OPERATING PERFORMANCE

VS. CPKC COMBINED(1) Q1 2023
*              Strong operational performance, despite challenging weather in
January            
*              Focus on building an aligned safety culture across the network 
          
*              Advancing productivity and capacity initiatives in Mexico      
     
*              Key capital investments in safety and capacity to support
growth
Average Train Speed

(miles per hour)

19.1

16.9

13% Improvement

Q1'24Q1'23

Locomotive Productivity (GTMs / operating horsepower)

158146

8% Improvement

Average Terminal Dwell (hours)

10.8

9.7

10% Improvement

Q1'24Q1'23

Fuel Efficiency

(U.S. gallons of loco fuel / 1,000 GTMs)

1.0651.048

2% Decline

Q1'24Q1'23

Q1'24Q1'23
1.             Represents combined operating information to illustrate the
estimated effects of the acquisition for the first quarter ended March 31,
2023, as if the acquisition closed on January 1, 2022. For the three months
ended March 31, 2024, KCS was consolidated. For a full description and
reconciliation see Q1 2024 Unaudited Combined Summary of Supplemental Data on
investor.cpkcr.com
JOHN BROOKS

CHIEF MARKETING OFFICER

REVENUE HIGHLIGHTS

TOTAL REVENUETOTAL REVENUE

 +55%           +2%                           
 VS CP Q1 2023  VS CPKC COMBINED (1) Q1 2023  

 RTMs: +38%  RTMs: +1%  

 $/RTM: +12%  $/RTM: -%  

 Carloads: +58%  Carloads: -3%  

 $/Carload: -2%  $/Carload: +5%  
1.             Represents combined operating information to illustrate the
estimated effects of the acquisition for the first quarter ended March 31,
2023, as if the acquisition closed on January 1, 2022. For the three months
ended March 31, 2024, KCS was consolidated. For a full description and
reconciliation see Q1 2024 Unaudited Combined Summary of Supplemental Data on
investor.cpkcr.com
BULK
*              Strong             U.S. grain partially offset by lower
Canadian grain due to weaker harvest for the '23/'24 crop year       
*              *                U.S. grain strength driven by exports, and
shipments to Canada and Mexico              
*                Combined network delivering customer options and business
resiliency              
            
*              Higher domestic and export             potash volumes, bouncing
back after slow start from weather impacts       
*              *                Well-positionedfor strong 2024         
            
*              Lower             coal volumes due to weather impacts and lower
natural gas prices
REVENUE UPDATE - Q1( 1 )

MERCHANDISE
*              Diversified growth in             ECP from fuel oil, Diluent
Recovery Unit (DRU) volumes, and plastics       
*              Forest products synergy gains offset by softer demand in base
pulp and paper business       
*              Strong growth in             metals driven by industrial growth
and nearshoring, offset by weaker frac sand demand       
*              Strong             automotive performance despite production
holds       
*              *                New Dallas auto compound opening in June
INTERMODAL
*              Strong international intermodal through the Ports of Vancouver
and Lázaro Cárdenas
*              *                Rebound at the Port of Vancouver driven by
shipments returning after the work stoppage last summer              
*                Strong TEU growth at the Port of Lázaro Cárdenas           
  
            
*              Flat domestic intermodal volumes
*              *                MMX180/181 growth accelerating, with strong
uptake from IMC and retail partners              
*                Offset by loss of short haul volume              
            
                                      1.             Represents combined
operating information to illustrate the estimated effects of the acquisition
for the first quarter ended March 31, 2023, as if the acquisition closed on
January 1, 2022. For the three months ended March 31, 2024, KCS was
consolidated. For a full description and reconciliation see Q1 2024 Unaudited
Combined Summary of Supplemental Data on investor.cpkcr.com
Attachments
*           Original Link
(https://investor.cpkcr.com/files/doc_financials/2024/q1/CPKC-Q1-2024-Presentation-vF.pdf)
        
*           Original Document
(https://docs.publicnow.com/995F8682E172CDB281501F6A45E2956A03969892)         
*           Permalink
(https://www.publicnow.com/view/995F8682E172CDB281501F6A45E2956A03969892)
Disclaimer

CPKC - Canadian Pacific Kansas City Limited published this content on 24 April
2024 and is solely responsible for the information contained therein.
Distributed by Public (http://www.publicnow.com), unedited and unaltered, on
24 April 2024 13:05:23 UTC.



(C) Copyright 2024 - CPKC - Canadian Pacific Kansas City Limited",urn:newsml:reuters.com:20240424:nNDL1f67Pc:1
"Q1 2024 EARNINGS REVIEW

April 24, 2024

FORWARD-LOOKING STATEMENTS

This investor presentation may contain certain forward-looking information and
forward-looking statements (collectively, ""forward-looking information"")
within the meaning of applicable securities laws. Forward-looking information
includes, but is not limited to, statements concerning expectations, beliefs,
targets, plans, goals, objectives, assumptions and statements about possible
future events, conditions, and results of operations or performance.
Forward-looking information may contain statements with words or headings such
as ""financial expectations"", ""key assumptions"", ""anticipate"", ""believe"",
""expect"", ""targets"", ""plan"", ""will"", ""outlook"", ""guidance"", ""should"" or
similar words suggesting future outcomes. This presentation contains
forward-looking information relating, but not limited to statements concerning
financial targets for 2024-2028 and our ability to deliver on financial
guidance for 2024, including estimated growth and capital expenditures, the
success of our business, the realization of anticipated benefits and synergies
of the Canadian Pacific Railway Limited (""CP"")-Kansas City Southern (""KCS"")
transaction and the timing thereof, and the opportunities arising therefrom,
our operations, priorities and plans, including sustainability-related targets
and plans, anticipated financial and operational performance, business
prospects and demand for our services and growth opportunities. The
forward-looking information that may be in this presentation is based on
current expectations, estimates, projections and assumptions, having regard to
Canadian Pacific Kansas City Limited's (""CPKC's"" or the ""Company's"")
experience and its perception of historical trends, and includes, but is not
limited to, expectations, estimates, projections and assumptions relating to:
changes in business strategies, North American and global economic growth and
conditions; commodity demand growth; sustainable industrial and agricultural
production; commodity prices and interest rates; performance of our assets and
equipment; sufficiency of our budgeted capital expenditures in carrying out
our business plan; geopolitical conditions, applicable laws, regulations and
government policies; the availability and cost of labour, services and
infrastructure; the satisfaction by third parties of their obligations to
CPKC; and carbon markets, evolving sustainability strategies, and scientific
or technological developments. Although CPKC believes the expectations,
estimates, projections and assumptions reflected in the forward-looking
information presented herein are reasonable as of the date hereof, there can
be no assurance that they will prove to be correct. Current conditions,
economic and otherwise, render assumptions, although reasonable when made,
subject to greater uncertainty. Undue reliance should not be placed on
forward-looking information as actual results may differ materially from those
expressed or implied by forward-looking information. By its nature, CPKC's
forward-looking information involves inherent risks and uncertainties that
could cause actual results to differ materially from the forward looking
information, including, but not limited to, the following factors: changes in
business strategies and strategic opportunities; general Canadian, U.S.,
Mexican and global social, economic, political, credit and business
conditions; risks associated with agricultural production such as weather
conditions and insect populations; the availability and price of energy
commodities; the effects of competition and pricing pressures, including
competition from other rail carriers, trucking companies and maritime shippers
in Canada, the U.S. and Mexico; North American and global economic growth and
conditions; industry capacity; shifts in market demand; changes in commodity
prices and commodity demand; uncertainty surrounding timing and volumes of
commodities being shipped via CPKC; inflation; geopolitical instability;
changes in laws, regulations and government policies, including regulation of
rates; changes in taxes and tax rates; potential increases in maintenance and
operating costs; changes in fuel prices; disruption in fuel supplies;
uncertainties of investigations, proceedings or other types of claims and
litigation; compliance with environmental regulations; labour disputes;
changes in labour costs and labour difficulties; risks and liabilities arising
from derailments; transportation of dangerous goods; timing of completion of
capital and maintenance projects; sufficiency of budgeted capital expenditures
in carrying out business plans; services and infrastructure; the satisfaction
by third parties of their obligations; currency and interest rate
fluctuations; exchange rates; effects of changes in market conditions and
discount rates on the financial position of pension plans and investments;
trade restrictions or other changes to international trade arrangements; the
effects of current and future multinational trade agreements on the level of
trade among Canada, the U.S. and Mexico; climate change and the market and
regulatory responses to climate change; anticipated in-service dates; success
of hedging activities; operational performance and reliability; customer,
regulatory and other stakeholder approvals and support; regulatory and
legislative decisions and actions; the adverse impact of any termination or
revocation by the Mexican government of Kansas City Southern de México, S.A.
de C.V.'s Concession; public opinion; various events that could disrupt
operations, including severe weather, such as droughts, floods, avalanches and
earthquakes, and cybersecurity attacks, as well as security threats and
governmental response to them, and technological changes; acts of terrorism,
war or other acts of violence or crime or risk of such activities; insurance
coverage limitations; material adverse changes in economic and industry
conditions, including the availability of short and long-term financing; the
demand environment for logistics requirements and energy prices, restrictions
imposed by public health authorities or governments, fiscal and monetary
policy responses by governments and financial institutions, and disruptions to
global supply chains; the realization of anticipated benefits and synergies of
the CP-KCS transaction and the timing thereof; the satisfaction of the
conditions imposed by the U.S. Surface Transportation Board in its March 15,
2023 decision; the success of integration plans for KCS; the focus of
management time and attention on the CP-KCS transaction and other disruptions
arising from the CP-KCS integration; estimated future dividends; financial
strength and flexibility; debt and equity market conditions, including the
ability to access capital markets on favourable terms or at all; cost of debt
and equity capital; improvement in data collection and measuring systems;
industry-driven changes to methodologies; and the ability of the management of
CPKC to execute key priorities, including those in connection with the CP-KCS
transaction. The foregoing list of factors is not exhaustive. These and other
factors are detailed from time to time in reports filed by CPKC with
securities regulators in Canada and the United States. Reference should be
made to ""Item 1A - Risk Factors"" and ""Item 7 - Management's Discussion and
Analysis of Financial Condition and Results of Operations - Forward-Looking
Statements"" in CPKC's annual and interim reports on Form 10-K and 10-Q. Any
forward-looking information contained in this presentation is made as of the
date hereof. Except as required by law, CPKC undertakes no obligation to
update publicly or otherwise revise any forward-looking information, or the
foregoing assumptions and risks affecting such forward-looking information,
whether as a result of new information, future events or otherwise.

BASIS OF PRESENTATION & NON-GAAP MEASURES

BASIS OF PRESENTATION

Except where noted, all figures are in millions of Canadian dollars.

Financial information is prepared in accordance with accounting principles
generally accepted in the United States of America (""U.S. GAAP""), unless
otherwise noted.

Financial and operating results described in this presentation, unless the
context indicates otherwise, represent the financial and operating results of
CP for the period from April 1, 2023, through April 13, 2023, during which
time KCS was held in voting trust and accounted for as an equity investment
under the equity method of accounting, and the financial and operating results
of CPKC for the period beginning on April 14, 2023, and ending on December 31,
2023.

NON-GAAP MEASURES

CPKC presents Non-GAAP measures, including Core adjusted combined operating
ratio, Core adjusted combined diluted earnings per share (EPS), Core adjusted
combined operating income, Adjusted combined free cash and Adjusted combined
net debt to adjusted combined Earnings before interest, taxes, depreciation
and amortization (""EBITDA"") ratio, to provide an additional basis for
evaluating underlying earnings and liquidity trends in CPKC's current periods'
financial results that can be compared with the results of operations in prior
periods and facilitate a multi-period assessment of long-term profitability.

These Non-GAAP measures have no standardized meaning and are not defined by
U.S. GAAP and, therefore, may not be comparable to similar measures presented
by other companies. The presentation of these Non-GAAP measures is not
intended to be considered in isolation from, as a substitute for, or as
superior to the financial information presented in accordance with U.S. GAAP.

Although CPKC has provided forward-lookingNon-GAAP measures (Core adjusted
combined diluted EPS and Adjusted combined net debt to adjusted combined
EBITDA) management is unable to reconcile, without unreasonable efforts, the
forward-looking Core adjusted combined diluted EPS to the most comparable U.S.
GAAP measure, due to unknown variables and uncertainty related to future
results. These unknown variables and uncertainty may include unpredictable
transactions of significant value. In recent years, the Company has recognized
acquisition-related costs, adjustments to provisions and settlements of
Mexican taxes, KCS' gain on unwinding of interest rate hedges (net of
CP-associated purchase accounting basis differences and tax), loss on
derecognition of CPKC's previously held equity method investment in KCS,
discrete tax items, changes in the outside basis tax difference between the
carrying amount of the Company's equity investment in KCS and its tax basis of
the investment, changes in income tax rates, and changes to an uncertain tax
item. Acquisition-related costs include legal, consulting, financing fees,
integration costs including third-party services and system migration, debt
exchange transaction costs, community investments, fair value gain or loss on
foreign exchange (""FX"") forward contracts and interest rate hedges, FX gain on
U.S. dollar-denominated cash on hand from the issuances of long-term debt to
fund the KCS acquisition, restructuring, employee retention and synergy
incentive costs, and transaction and integration costs incurred by KCS which
were recognized within Equity earnings of KCS in the Company's Consolidated
Statements of Income. KCS has also recognized FX gains and losses. These items
may not be non-recurring, and may include items that are settled in cash.
Specifically, due to the magnitude of the acquisition, its significant impact
to the Company's business and complexity of integrating the acquired business
and operations, the Company expects to incur the acquisition-related costs
beyond the year of acquisition. These or other similar, large unforeseen
transactions affect diluted EPS but may be excluded from CPKC's Core adjusted
combined diluted EPS and adjusted combined EBITDA. Additionally, the
Canadian-to-U.S. dollar and Mexican peso-to-U.S. dollar exchange rates are
unpredictable and can have a significant impact on CPKC's reported results but

may be excluded from CPKC's Core adjusted combined diluted EPS and adjusted
combined EBITDA.

For further information regarding Non-GAAP measures, including reconciliations
to the most directly comparable GAAP measures, see the Non-GAAP Measures
supplement to the Q1 2024 Earnings Release on our website at
investor.cpkcr.com and on SEDAR+ at www.sedarplus.caunder CPKC's SEDAR+
profile, and the Q1 2024 Unaudited Combined Summary of Supplemental Data on
our website at investor.cpkcr.com.

KEITH CREEL

PRESIDENT &

CHIEF EXECUTIVE OFFICER

HIGHLIGHTS

Q1 2024 vs. Q1 2023
*              Celebrating one year of CPKC             
             • New customer solutions driving growth       
*              Network performing well with year-over-year improvements in
velocity and dwell       
*              Continued strong performance in Mexico            
*              *                Car Miles per Car Day: +23%              
*                Active Cars on Line: -15%         
            
*              Well-positionedto deliver strong year
Revenues

$3.5 billion | +55%

Combined Total Revenues(1)

$3.5 billion | +2%

Operating Ratio 67.4% | +400 bps

Core Adjusted Combined

Operating Ratio(1,2)

64.0% | +50 bps

Diluted EPS $0.83 | -3%

Core Adjusted Combined

Diluted EPS(1,2)

$0.93 | +3%

Train Speed (miles per hour)(1)

19.1| +13%

Terminal Dwell (hours)(1)

9.7 | -10%

Car Miles per Car Day(1)

130 | +12%

Active Cars on Line(1)

88,571| -11%

FRA Train Accident Frequency(1)

0.89 | +25%

FRA Train Accident Frequency(1,3)

1.15 | +3%
1.             Represents combined operating information to illustrate the
estimated effects of the acquisition for the first quarter ended March 31,
2023, as if the acquisition closed on January 1, 2022. For the three months
ended March 31, 2024, KCS was consolidated. For a full description and
reconciliation see Q1 2024 Unaudited Combined Summary of Supplemental Data on
investor.cpkcr.com           
2.             For a full description and reconciliation of Non-GAAP Measures,
see CPKC's Q1 2024 Earnings Release on investor.cpkcr.com and CPKC's 2024 Q1
MD&A available on SEDAR+ at www.sedarplus.caunder CPKC's SEDAR+ profile      
3.             FRA personal injuries per 200,000 employee-hours for the first
quarter ended March 31, 2023, previously reported as 1.15, was restated to
1.12
MARK REDD

CHIEF OPERATING OFFICER

OPERATING PERFORMANCE

VS. CPKC COMBINED(1) Q1 2023
*              Strong operational performance, despite challenging weather in
January            
*              Focus on building an aligned safety culture across the network 
          
*              Advancing productivity and capacity initiatives in Mexico      
     
*              Key capital investments in safety and capacity to support
growth
Average Train Speed

(miles per hour)

19.1

16.9

13% Improvement

Q1'24Q1'23

Locomotive Productivity (GTMs / operating horsepower)

158146

8% Improvement

Average Terminal Dwell (hours)

10.8

9.7

10% Improvement

Q1'24Q1'23

Fuel Efficiency

(U.S. gallons of loco fuel / 1,000 GTMs)

1.0651.048

2% Decline

Q1'24Q1'23

Q1'24Q1'23
1.             Represents combined operating information to illustrate the
estimated effects of the acquisition for the first quarter ended March 31,
2023, as if the acquisition closed on January 1, 2022. For the three months
ended March 31, 2024, KCS was consolidated. For a full description and
reconciliation see Q1 2024 Unaudited Combined Summary of Supplemental Data on
investor.cpkcr.com
JOHN BROOKS

CHIEF MARKETING OFFICER

REVENUE HIGHLIGHTS

TOTAL REVENUETOTAL REVENUE

 +55%           +2%                           
 VS CP Q1 2023  VS CPKC COMBINED (1) Q1 2023  

 RTMs: +38%  RTMs: +1%  

 $/RTM: +12%  $/RTM: -%  

 Carloads: +58%  Carloads: -3%  

 $/Carload: -2%  $/Carload: +5%  
1.             Represents combined operating information to illustrate the
estimated effects of the acquisition for the first quarter ended March 31,
2023, as if the acquisition closed on January 1, 2022. For the three months
ended March 31, 2024, KCS was consolidated. For a full description and
reconciliation see Q1 2024 Unaudited Combined Summary of Supplemental Data on
investor.cpkcr.com
BULK
*              Strong             U.S. grain partially offset by lower
Canadian grain due to weaker harvest for the '23/'24 crop year       
*              *                U.S. grain strength driven by exports, and
shipments to Canada and Mexico              
*                Combined network delivering customer options and business
resiliency              
            
*              Higher domestic and export             potash volumes, bouncing
back after slow start from weather impacts       
*              *                Well-positionedfor strong 2024         
            
*              Lower             coal volumes due to weather impacts and lower
natural gas prices
REVENUE UPDATE - Q1( 1 )

MERCHANDISE
*              Diversified growth in             ECP from fuel oil, Diluent
Recovery Unit (DRU) volumes, and plastics       
*              Forest products synergy gains offset by softer demand in base
pulp and paper business       
*              Strong growth in             metals driven by industrial growth
and nearshoring, offset by weaker frac sand demand       
*              Strong             automotive performance despite production
holds       
*              *                New Dallas auto compound opening in June
INTERMODAL
*              Strong international intermodal through the Ports of Vancouver
and Lázaro Cárdenas
*              *                Rebound at the Port of Vancouver driven by
shipments returning after the work stoppage last summer              
*                Strong TEU growth at the Port of Lázaro Cárdenas           
  
            
*              Flat domestic intermodal volumes
*              *                MMX180/181 growth accelerating, with strong
uptake from IMC and retail partners              
*                Offset by loss of short haul volume              
            
                                      1.             Represents combined
operating information to illustrate the estimated effects of the acquisition
for the first quarter ended March 31, 2023, as if the acquisition closed on
January 1, 2022. For the three months ended March 31, 2024, KCS was
consolidated. For a full description and reconciliation see Q1 2024 Unaudited
Combined Summary of Supplemental Data on investor.cpkcr.com
Attachments
*           Original Link
(https://s21.q4cdn.com/736796105/files/doc_financials/2024/q1/CPKC-Q1-2024-Presentation-vF.pdf)
        
*           Original Document
(https://docs.publicnow.com/3D7663E4DCF0EEDDAB1399A971419126BB780112)         
*           Permalink
(https://www.publicnow.com/view/3D7663E4DCF0EEDDAB1399A971419126BB780112)
Disclaimer

CPKC - Canadian Pacific Kansas City Limited published this content on 24 April
2024 and is solely responsible for the information contained therein.
Distributed by Public (http://www.publicnow.com), unedited and unaltered, on
24 April 2024 13:22:13 UTC.



(C) Copyright 2024 - CPKC - Canadian Pacific Kansas City Limited",urn:newsml:reuters.com:20240424:nNDL22JvYV:1
"First Quarter Ended March 31, 2024

Forward-Looking Statements

In the interest of providing shareholders and potential investors with
information regarding TFI International, including management's assessment of
future plans and operations, certain statements in this presentation are
forward-looking statements subject to risks, uncertainties and other important
factors that could cause the Company's actual performance to differ materially
from those expressed in or implied by such statements.

Such factors are further discussed under Risks and Uncertainties in the
Company's Annual Information Form and MD&A, but readers are cautioned

that the list of factors that may affect future growth, results and
performance is not exhaustive, and undue reliance should not be placed on
forward- looking statements.

The expectations conveyed by the forward-looking statements are based on
information available to it on the date such statements were made, and there
can be no assurance that such expectations will prove to be correct. All
subsequent forward-looking statements, whether written or orally attributable
to the Company or persons acting on its behalf, are expressly qualified in
their entirety by these cautionary statements.

Unless otherwise required by applicable securities laws, the Company expressly
disclaims any intention, and assumes no obligation, to update or revise any
forward-looking statements, whether as a result of new information, future
events or otherwise.

2

TFI International: Who We Are

 Full service:       Diversified:          
 Package & Courier,  
 Transport and       Less-Than-Truckload,  
 logistics           Truckload and         
                     Logistics             

 North              Number of          Extensive        
 American           Operating          Network:         
 Leader:            Companies:         620 facilities,  
 Operations across  18,462 trucks 1 ,  
 90+                
 U.S. and Canada    33,771 trailers    

 25,005           Decentralized,   
 employees,       entrepreneurial  
 of which 12,041  management       
 are drivers      approach         

1 11,051 owned or leased; 7,411 are independent contractors

3

Our Customer Value Proposition
*             We create transportation and supply chain advantages to…
 …mitigate risk for customers    

 …improve their efficiency and delivery timing    

 …reduce their delivery costs    

 …drive satisfaction for the end consumer    

4

Why Invest in TFI International?

 Superior record    Market leader in    
 of growth and      key transportation  
 shareholder value  and logistics       
 creation           segments            

Track record of M&A execution with well-defined acquisition pipeline

Robust Return on

Invested Capital

Diversification by industry sectors and geography

5

Investment Highlights

 Best-in-class operating margins,                                                                                                           ◼ 11.5% Operating Margin 2                                                          
 ◼ 5.3% FCF Yield 1,3                                                                                                                                                                    
 FCF yield and FCF conversion                                                                                                                                                            
 ◼ 82.5% FCF Conversion 1,4                                                                                                                                                              
                                                                                                                                                                                         
 Proven track record of growth                                                                                                              ◼ Completed 87 acquisitions since 2015,                                             
 through disciplined                                                                                                                                                                     of which 4 were major acquisitions 6      
 acquisition strategy                                                                                                                       ◼ Industry remains fragmented                                                       
 Balanced capital allocation                                                                                                                ◼ US$5.8 billion 20-year total FCF 1                                                
 approach to drive                                                                                                                          ◼ US$2.0 billion returned to shareholders    
 shareholder value                                                                                                                                                                       since 2017                                
 Robust balance sheet position                                                                                                              ◼ Access to US$1.0 billion revolving                                                
                                                                                                                                                                                         facilities                                
 Note: All financial results presented on this page represent continuing operations.                                                        ◼                                            Annual Forward Dividend Yield of 1.0%  5  
                                                                                                                                            
 1 This is a Non-IFRS measure. This and other non-IFRS measures presented throughout the presentation do not have standardized meaning                                                   
 under IFRS and therefore may not be comparable to similar measures presented by other issuers. See reconciliation of measures on page 49.                                                                                         

2TTM Q1 2024, calculated using revenue before surcharge.
1.             TTM Q1 2024 FCF divided by the March 31, 2024 market cap.      
    
2.             Calculated as TTM Q1 2024 (Adjusted EBITDA - Net Capex of
rolling stock and equipment) / Adjusted EBITDA.           
3.             Based on US $0.40 dividend approved by the Board on April 25,
2024 and stock price of US $159.46, as of March 31, 2024.           
4.             Major acquisitions are defined as having a purchase price of US
$200.0 million and over.
6

Low Capex Facilitates Asset-Light Model

 TTM Net Capex (% of Total Revenue)  

15.2%

3.5%

6.6%

10.1%

1.4%

 Truckload Peer Average 1  Package & Courier Peer Average 2 Less-than-Truckload Peer Average 3  Logistics Peer Average 4  

Note: TFI Net Capex excludes purchases and sales of property.
1.             Truckload: Heartland, Knight-Swift, Werner, Schneider, J.B.
Hunt, and P.A.M. Transportation.      
2.             Package & Courier: FedEx and UPS.           
3.             Less-Than-Truckload:ArcBest, Old Dominion Freight Line, and
Saia.      
4.             Logistics: CH Robinson, Landstar, Forward Air, GXO, and RXO.
7

Market Leadership in Key Transportation and Logistics Segments: TTM FCF
Conversion

 Package & Courier  

85.0%

48.7%

1

Peer Average

 Truckload  

 Less-Than-Truckload  

70.9%

51.9%

Peer Average 2

 Logistics  

 89.7%  98.1%  
        

75.9%

-5.2%

 Peer Average 3  Peer Average 4  

Note: FCF Conversion (%) calculated as (Adjusted EBITDA - Net Capex of rolling
stock and equipment) / Adjusted EBITDA. This is a non-IFRS measure. Please
refer to the reconciliation on page 48.
1.             Package & Courier: FedEx and UPS.           
2.             Less-Than-Truckload:ArcBest, Old Dominion Freight Line, and
Saia.      
3.             Truckload: Heartland, Knight-Swift, Werner, Schneider, J.B.
Hunt, and P.A.M. Transportation.      
4.             Logistics: CH Robinson, Landstar, Forward Air, GXO, and RXO.
8

Our Strategy of Growth Through Acquisitions
*             Proven track record of executing on M&A strategy across highly
fragmented markets           
*             *               Completed 87 acquisitions since 2015, of which 4
were major acquisitions              1.        
*               Strong focus on integration, operations and realization of
synergies             
           
*             Our disciplined acquisition criteria:           
*             *               Immediately accretive to EPS and free cash flow 
           
*               Fit with one of our four segments (Package & Courier, LTL, TL,
Logistics)             
*               High free cash flow generation             
*               U.S. or Canada footprint             
*               Strong management team             
*               Synergy and growth potential
1Major acquisitions are defined as having a purchase price of US $200.0
million and over.

9

Overview of the TFI International Platform

 Package & Courier   
 (7% of YTD Q1-2024  
 Revenue)            

 Less-Than-Truckload  
 (43% of YTD Q1-2024  
 Revenue)             

 Truckload            
 (25% of YTD Q1-2024  
 Revenue)             

 Logistics            
 (25% of YTD Q1-2024  
 Revenue)             

 Canadian        
 (9% of YTD Q1-  
 2024 Revenue)   

 US           
 (34% of YTD  
 Q1-2024      
 Revenue)     

 Conventional    
 (5% of YTD Q1-  
 2024 Revenue)   

 Specialized  
 (20% of YTD  
 Q1-2024      
 Revenue)     

10

Attachments
*           Original Link
(https://tfiintl.com/wp-content/uploads/2024/04/TFI-Q1-2024-Presentation-4-25-24-Final.pdf)
        
*           Original Document
(https://docs.publicnow.com/3728FF70867861E9351C0F9F455EA8DD2ECD9B15)         
*           Permalink
(https://www.publicnow.com/view/3728FF70867861E9351C0F9F455EA8DD2ECD9B15)
Disclaimer

TFI International Inc. published this content on 25 April 2024 and is solely
responsible for the information contained therein. Distributed by Public
(http://www.publicnow.com), unedited and unaltered, on 25 April 2024 20:40:43
UTC.



(C) Copyright 2024 - TFI International Inc.",urn:newsml:reuters.com:20240425:nNDL8bGxkj:1
"(Adds further comments from rail companies, comments from grain
organization and transport minister)
    By Rod Nickel and David Ljunggren
       WINNIPEG, Manitoba, May 1 (Reuters) - Thousands of
railway workers in Canada at Canadian National Railway (CN)
<CNR.TO> and Canadian Pacific Kansas City (CPKC) <CP.TO> have
voted overwhelmingly to strike as early as May 22, the union
said on Wednesday.
    Railways are critical to Canada's economy, due to its vast
geography and exports of grain, potash and coal.
    Contracts covering locomotive engineers, conductors and yard
workers at CN and CPKC expired on Dec. 31, 2023, and Teamsters
Canada Rail Conference is re-negotiating a third agreement
covering CPKC rail traffic controllers. 
    The three worker groups, numbering 9,300 workers, each voted
over 95% to authorize a strike.
    The sides have made no progress in six months of
negotiations, said Teamsters Canada president Paul Boucher,
adding that the companies were trying to remove rest provisions
that are critical to safety.
    CN said in a statement that the union has opposed moving
toward a more modern agreement based on an hourly rate and
scheduling changes and has focused instead on 200 local and
regional demands.
    CPKC said the parties remain far apart and now begin a
mandatory 21-day period of federal mediation. The company's
proposals for rest do not compromise safety and comply with
Canadian regulations, CPKC said.
    The potential strike is unique in that it would involve both
major railways, grinding bulk grain shipping to a near halt,
said Wade Sobkowich, executive director of Western Grain
Elevator Association, which represents grain handlers including
Cargill [CARG.UL] and Richardson International. 
    ""There is no plan B because, as we’ve said for decades,
there aren’t competitive alternatives,"" Sobkowich said.
    Grain sales typically slow weeks ahead of a railway stoppage
as shippers and exporters try to minimize costs for vessel wait
times and contract penalties, Sobkowich said. 
    Canada is a major wheat and canola exporter.
    Transport Minister Pablo Rodriguez said the government is
concerned about a potential strike's impact on the supply chain
and urged the sides to negotiate in good faith.

 (Reporting by Rod Nickel in Winnipeg, Manitoba and David
Ljunggren in Ottawa; Editing by Kirsten Donovan and Mark Potter)
 ((rod.nickel@tr.com; X: @RodNickel_Rtrs;))",urn:newsml:reuters.com:20240501:nL1N3H41T1:1
"CPKC ADVANTAGE

IN V ESTO R PRESEN TATIO N : MAY 2024

TSX / N YS E : C P

FORWARD LOOKING STATEMENTS

This investor presentation may contain certain forward-looking information and
forward-looking statements (collectively, ""forward-looking information"")
within the meaning of applicable securities laws. Forward-looking information
includes, but is not limited to, statements concerning expectations, beliefs,
targets, plans, goals, objectives, assumptions and statements about possible
future events, conditions, and results of operations or performance.
Forward-looking information may contain statements with words or headings such
as ""financial expectations"", ""key assumptions"", ""anticipate"", ""believe"",
""expect"", ""targets"", ""plan"", ""will"", ""outlook"", ""guidance"", ""should"" or
similar words suggesting future outcomes. This presentation contains
forward-looking information relating, but not limited to statements concerning
financial targets for 2024-2028 and our ability to deliver on financial
guidance for 2024, including estimated growth and capital expenditures, the
success of our business, the realization of anticipated benefits and synergies
of the Canadian Pacific Railway Limited (""CP"")-Kansas City Southern (""KCS"")
transaction and the timing thereof, and the opportunities arising therefrom,
our operations, priorities and plans, including sustainability-related targets
and plans, anticipated financial and operational performance, business
prospects and demand for our services and growth opportunities. The
forward-looking information that may be in this presentation is based on
current expectations, estimates, projections and assumptions, having regard to
Canadian Pacific Kansas City Limited's (""CPKC's"" or the ""Company's"")
experience and its perception of historical trends, and includes, but is not
limited to, expectations, estimates, projections and assumptions relating to:
changes in business strategies, North American and global economic growth and
conditions; commodity demand growth; sustainable industrial and agricultural
production; commodity prices and interest rates; performance of our assets and
equipment; sufficiency of our budgeted capital expenditures in carrying out
our business plan; geopolitical conditions, applicable laws, regulations and
government policies; the availability and cost of labour, services and
infrastructure; the satisfaction by third parties of their obligations to
CPKC; and carbon markets, evolving sustainability strategies, and scientific
or technological developments. Although CPKC believes the expectations,
estimates, projections and assumptions reflected in the forward-looking
information presented herein are reasonable as of the date hereof, there can
be no assurance that they will prove to be correct. Current conditions,
economic and otherwise, render assumptions, although reasonable when made,
subject to greater uncertainty. Undue reliance should not be placed on
forward-looking information as actual results may differ materially from those
expressed or implied by forward-looking information. By its nature, CPKC's
forward-looking information involves inherent risks and uncertainties that
could cause actual results to differ materially from the forward looking
information, including, but not limited to, the following factors: changes in
business strategies and strategic opportunities; general Canadian, U.S.,
Mexican and global social, economic, political, credit and business
conditions; risks associated with agricultural production such as weather
conditions and insect populations; the availability and price of energy
commodities; the effects of competition and pricing pressures, including
competition from other rail carriers, trucking companies and maritime shippers
in Canada, the U.S. and Mexico; North American and global economic growth and
conditions; industry capacity; shifts in market demand; changes in commodity
prices and commodity demand; uncertainty surrounding timing and volumes of
commodities being shipped via CPKC; inflation; geopolitical instability;
changes in laws, regulations and government policies, including regulation of
rates; changes in taxes and tax rates; potential increases in maintenance and
operating costs; changes in fuel prices; disruption in fuel supplies;
uncertainties of investigations, proceedings or other types of claims and
litigation; compliance with environmental regulations; labour disputes;
changes in labour costs and labour difficulties; risks and liabilities arising
from derailments; transportation of dangerous goods; timing of completion of
capital and maintenance projects; sufficiency of budgeted capital expenditures
in carrying out business plans; services and infrastructure; the satisfaction
by third parties of their obligations; currency and interest rate
fluctuations; exchange rates; effects of changes in market conditions and
discount rates on the financial position of pension plans and investments;
trade restrictions or other changes to international trade arrangements; the
effects of current and future multinational trade agreements on the level of
trade among Canada, the U.S. and Mexico; climate change and the market and
regulatory responses to climate change; anticipated in-service dates; success
of hedging activities; operational performance and reliability; customer,
regulatory and other stakeholder approvals and support; regulatory and
legislative decisions and actions; the adverse impact of any termination or
revocation by the Mexican government of Kansas City Southern de México, S.A.
de C.V.'s Concession; public opinion; various events that could disrupt
operations, including severe weather, such as droughts, floods, avalanches and
earthquakes, and cybersecurity attacks, as well as security threats and
governmental response to them, and technological changes; acts of terrorism,
war or other acts of violence or crime or risk of such activities; insurance
coverage limitations; material adverse changes in economic and industry
conditions, including the availability of short and long-term financing; the
demand environment for logistics requirements and energy prices, restrictions
imposed by public health authorities or governments, fiscal and monetary
policy responses by governments and financial institutions, and disruptions to
global supply chains; the realization of anticipated benefits and synergies of
the CP-KCS transaction and the timing thereof; the satisfaction of the
conditions imposed by the U.S. Surface Transportation Board in its March 15,
2023 decision; the success of integration plans for KCS; the focus of
management time and attention on the CP-KCS transaction and other disruptions
arising from the CP-KCS integration; estimated future dividends; financial
strength and flexibility; debt and equity market conditions, including the
ability to access capital markets on favourable terms or at all; cost of debt
and equity capital; improvement in data collection and measuring systems;
industry-driven changes to methodologies; and the ability of the management of
CPKC to execute key priorities, including those in connection with the CP-KCS
transaction. The foregoing list of factors is not exhaustive. These and other
factors are detailed from time to time in reports filed by CPKC with
securities regulators in Canada and the United States. Reference should be
made to ""Item 1A - Risk Factors"" and ""Item 7 - Management's Discussion and
Analysis of Financial Condition and Results of Operations - Forward-Looking
Statements"" in CPKC's annual and interim reports on Form 10-K and 10-Q. Any
forward-looking information contained in this presentation is made as of the
date hereof. Except as required by law, CPKC undertakes no obligation to
update publicly or otherwise revise any forward-looking information, or the
foregoing assumptions and risks affecting such forward-looking information,
whether as a result of new information, future events or otherwise.

BASIS OF PRESENTATION & NON-GAAP MEASURES

Basis of presentation

Except where noted, all figures are in millions of Canadian dollars.

Financial information is prepared in accordance with accounting principles
generally accepted in the United States of America (""U.S. GAAP""), unless
otherwise noted.

Financial and operating results described in this presentation, unless the
context indicates otherwise, represent the financial and operating results of
CP for the period from April 1, 2023, through April 13, 2023, during which
time KCS was held in voting trust and accounted for as an equity investment
under the equity method of accounting, and the financial and operating results
of CPKC for the period beginning on April 14, 2023, and ending on December 31,
2023.

Non-GAAP measures

CPKC presents Non-GAAP measures, including Core adjusted combined operating
income, Core adjusted combined operating ratio, Core adjusted combined diluted
earnings per share (EPS), Adjusted combined free cash, and Adjusted combined
net debt to adjusted combined Earnings before interest, taxes, depreciation
and amortization (""EBITDA"") ratio, to provide an additional basis for
evaluating underlying earnings and liquidity trends in CPKC's current periods'
financial results that can be compared with the results of operations in prior
periods. Management believes these Non-GAAP measures facilitate a multi-period
assessment of long-term profitability, including assessing future
profitability.

These Non-GAAP measures have no standardized meaning and are not defined by
U.S. GAAP and, therefore, may not be comparable to similar measures presented
by other companies. The presentation of these Non-GAAP measures is not
intended to be considered in isolation from, as a substitute for, or as
superior to the financial information presented in accordance with U.S. GAAP.

Although CPKC has provided forward-lookingNon-GAAP measures (Core adjusted
combined diluted EPS, Adjusted net debt to adjusted combined EBITDA)
management is unable to reconcile, without unreasonable efforts, the
forward-looking Core adjusted combined diluted EPS to the most comparable U.S.
GAAP measure, due to unknown variables and uncertainty related to future
results. These unknown variables may include unpredictable transactions of
significant value. In recent years, the Company has recognized
acquisition-related costs, the merger termination payment received, KCS' gain
on unwinding of interest rate hedges (net of CP- associated purchase
accounting basis differences and tax), loss on derecognition of CPKC's
previously held equity method investment in KCS, discrete tax items, changes
in the outside basis tax difference between the carrying amount of the
Company's equity investment in KCS and its tax basis of the investment,
settlement of Mexican taxes relating to prior years, changes in income tax
rates, and changes to an uncertain tax item. Acquisition-related costs include
legal, consulting, financing fees, integration costs including third-party
services and system migration, debt exchange transaction costs, community
investments, fair value gain or loss on foreign exchange (""FX"") forward
contracts and interest rate hedges, FX gain on U.S. dollar-denominated cash on
hand from the issuances of long-term debt to fund the KCS acquisition,
restructuring, employee retention and synergy incentive costs, and transaction
and integration costs incurred by KCS which were recognized within Equity
earnings of KCS in the Company's Consolidated Statements of Income. KCS has
also recognized FX gains and losses. These items may not be non-recurring, and
may include items that are settled in cash. Specifically, due to the magnitude
of the acquisition, its significant impact to the Company's business and
complexity of integrating the acquired business and operations, the Company
expects to incur the acquisition-related costs beyond the year of acquisition.
These or other similar, large unforeseen transactions affect diluted EPS but
may be excluded from CPKC's Core adjusted combined diluted EPS. Additionally,
the Canadian-to-U.S. dollar and Mexican peso-to-U.S. dollar exchange rates are
unpredictable and can have a significant impact on CPKC's reported results but
may be excluded from CPKC's Core adjusted combined diluted EPS.

For further information regarding Non-GAAP measures, including reconciliations
to the most directly comparable GAAP measures, see the Non-GAAP Measures
supplement to the Q4 2023 Earnings Release on our website at
investor.cpkcr.com and on SEDAR+ at www.sedarplus.caunder CPKC's SEDAR+
profile, and the Q4 2023 and Q1 2024 Unaudited Combined Summary of
Supplemental Data on our website at investor.cpkcr.com.

FINANCIAL PERFORMANCE DATA

 ($ in millions of Canadian dollars, except percentages)           2023 (1)  2022 (1)  
 Total revenues, as reported                                       $12,555   $8,814    
                                                                                       
 Combined total revenues (2)                                       $13,909   $13,217   
                                                                                       
 Operating income, as reported                                     $4,388    $3,329    
                                                                                       
 Core adjusted combined operating income (2)                       $5,281    $5,060    
                                                                                       
 Operating ratio, as reported (3)                                  65.0%     62.2%     
                                                                                       
 Core adjusted combined operating ratio (2)                        62.0%     61.7%     
                                                                                       
 Net income attributable to controlling shareholders, as reported  $3,927    $3,517    
                                                                                       
 Core adjusted combined income (2)                                 $3,582    $3,521    
                                                                                       
 Diluted earnings per share, as reported                           $4.21     $3.77     
                                                                                       
 Core adjusted combined diluted earnings per share (2)             $3.84     $3.77     
                                                                                       
1.            Represents combined financial and operating information to
illustrate the estimated effects of the acquisition for the year ended
December 31, 2023, as if the acquisition closed on January 1, 2022. For a full
description and reconciliation see Q4 2023 Unaudited Combined Summary of
Supplemental Data on investor.cpkcr.com          
2.            These measures are Non-GAAP measures, and have no standardized
meanings prescribed by accounting principles generally accepted in the United
States (""GAAP"") and, therefore, may not be comparable to similar measures
presented by other companies. These measures are defined and reconciled in
       Q4 2023 Unaudited Combined Summary of Supplemental Data on our website
at investor.cpkcr.com at investor.cpkcr.com.     
3.            Operating ratio is defined as operating expenses divided by
revenues.
FOUNDED IN PRECISION, BUILT FOR GROWTH,

THE CPKC ADVANTAGE

The CPKC combination has redrawn the North American railroad map and changed
the freight rail industry for the better. Guided by our precision railroading
model, foundations and core values we continue to deliver industry-leading
service. It's a culture of excellence that we adhere to 24/7, 365. Stretching
approximately 20,000 route miles across Canada, the United States and Mexico,
and employing 20,000 railroaders, CPKC provides our customers unparalleled
rail service and network reach to key markets across the continent. While our
playing field has grown, our playbook and commitment to delivering safely and
sustainably for customers and shareholders remains the same.

Welcome to the CPKC Advantage!

2012 - 2016: WE REBUILT THE ENGINE

Streamlined assets

Right-sized resources to optimize our network

Precision railroading

Precision planning and execution to optimize service and control costs

Improved operating performance

Longer, faster trains and less dwell time

Consistent, reliable service

Leveraging our strengths to deliver superior value to our customers

Invested in the network

Upgraded to improve performance and increase capacity

Lowered cost base

Unprecedented margin improvement

Culture of accountability

Railroader attitude:

Do what you said you'll do

Developed the team

Handpicked team.

Best in the business

2017 - 2022: WE LED THE INDUSTRY IN GROWTH

Diversified book of business

Balanced portfolio of industries, regions and markets

Increased capacity

Efficiencies and network investments mean we have the ability to do more

Right culture & team

Accountable, collaborative, passionate team of railroaders

Value driven

Disciplined approach to valuing service. We won't commoditize ourselves

Powerful footprint

Strong network with shortest routes to major centers and ability to extend
reach

 Resilient performance        Service innovation             
 Operating model performs in  Supply chain collaboration to  
 upturns and downturns        enhance our service offering   

Disciplined approach

Pursuing the right customers in the right lanes to grow our business

CPKC: THE NEXT CHAPTER

Unique and unrivaled network

Only North American rail network to connect a continent

Best-in-class team

Proven leadership and experience with deep bench strength

Transformational Merger

Injecting new competition into the rail industry

Capacity to grow

Strategic land holdings in key markets

Environmental benefits

Taking trucks off the road and reducing GHG emissions

Value driven

Same disciplined approach to valuing service, applied to a larger network

Powerful synergies

Leveraging our network to develop new markets and drive profitable growth

Compelling value creation

Using our new network to create shareholder value

SAME PLAYBOOK BIGGER PLAYING FIELD
*            3-countryconnectivity     
*            20,000 track miles          
*            30+ ports & 30+ auto facilities          
*            200+ transloads & 90+ shortlines          
*            Unique, strategic land assets
D I V E RS I F I E D B O O K O F B U S I N ES S

A powerful base to drive sustainable growth

 Combined Business Mix (1)  Combined Geographic Distribution ( 1)  
 % of 2023 Freight Revenue  % of 2023 Combined Freight Revenue     
 CAPITAL                                                           

2023 Combined Freight Revenue Variance (1)

% of 2022 Combined Freight Revenue
*              Uniquely positioned with best- in-class service and capacity to
grow       
*              Leveraging our strengths to grow with existing customers and
bring on new business            
*              Stronger margins allow us to compete for new opportunities     
      
*              Continually innovating with long-term partners to help them win
in the marketplace
INVESTMENTS
*              Reinvesting in the business is the first call on cash.         
  
*              Ongoing investments in replacing
depleted assets ensure the long-term

 Bulk                                                                                                                     34%             Global AR  22%  
                                                                                sustainability of our business.           Asia            19%        
 Grain                                                                                                                    20%             
 Coal                                  • Network upgrades (new track, longer    3%                                        
                                                                                7%                                        Europe          
 Potash                                                                         sidings, CTC) drive further productivity                  
                                                                                4%                                        Cross-Border    41%        
                                                                                and capacity improvements.                
 Fertilizers & Sulphur                 3%                                       Canada to U.S.                            16%             
                                       • Rolling stock investments include      12%                                       
 Merchandise                                                                    47%                                       U.S. to Mexico  
                                                                                locomotive modernization programs and     6%              
 Forest Products                                                                6%                                        U.S. to Canada  
                                       Mexico to U.S.                           5%                                        
                                                                                investment in our grain hopper fleet.                     
 Energy, Chemicals & Plastics          20%                                      Canada to Mexico                          1%              
 Metals, Minerals & Consumer Products  13%                                      
 Mexico to Canada                      1%                                       
 Automotive                                                                                                               8%              
                                                                                                                                          

Grain

Coal

Potash

Fertilizers & Sulphur

Forest Products

Energy, Chemicals &

Plastics

Metals, Minerals &

Consumer Products

Automotive

Intermodal

9%

9%

-3%

9%

4%

5%

12%

30%

-9%

 Intermodal     19%  Domestic      37%  
 Intra-U.S.     19%  
 Domestic       11%  Intra-Canada  15%  
 International  8%   Intra-Mexico  3%   

 -15%  -5%  5%  15%  25%  35%  

Total Change +5% Growth

(1) Represents combined financial information to illustrate the estimated
effects of the acquisition for the year ended December 31, 2023, as if the
acquisition closed on January 1, 2022. For a full description and
reconciliation see Q4 2023 Unaudited Combined Summary of Supplemental Data on
investor.cpkcr.com

Attachments
*           Original Link
(https://s21.q4cdn.com/736796105/files/doc_presentations/2024/May/01/cpkc-investor-presentation_final_may-2024-v2.pdf)
        
*           Original Document
(https://docs.publicnow.com/046E1C7D67D8D936A06382607BEB60044BE786EE)         
*           Permalink
(https://www.publicnow.com/view/046E1C7D67D8D936A06382607BEB60044BE786EE)
Disclaimer

CPKC - Canadian Pacific Kansas City Limited published this content on 01 May
2024 and is solely responsible for the information contained therein.
Distributed by Public (http://www.publicnow.com), unedited and unaltered, on
02 May 2024 10:25:49 UTC.



(C) Copyright 2024 - CPKC - Canadian Pacific Kansas City Limited",urn:newsml:reuters.com:20240502:nNDL596Bbd:1
"CORPORATE OVERVIEW

DELIVERING MORE THAN FREIGHT

 Information as of March 2024

WELCOME TO THE TFI INTERNATIONAL

SUCCESS STORY

In our short history, we have expanded through more than 90 acquisitions to
become a North American leader in the transportation and logistics industry.

In 2023, TFI International generated US$6.4 billion in revenue supported by
approximately 25,000 employees across 600 facilities in the United States and
Canada. Despite this exceptional growth, we have always remained true to our
roots, particularly the communities we serve and the environment we strive to
protect. In the following pages, we will share with you our unique journey and
what distinguishes TFI International from other competitors in the industry.

In a nutshell, the key differentiator revolves around our mission: ""Delivering
more than freight"". I hope you enjoy reading about our remarkable story.

Alain Bédard, FCPA

Chairman of the Board,

President and Chief Executive Officer

2

THE COMPANY HAS A

DIVERSE CUSTOMER BASE

ACROSS A BROAD CROSS-SECTION OF INDUSTRIES

Through strategic acquisitions, we manage a growing network of wholly owned
operating subsidiaries.

Revenue by top customers by industry:

 Retail              24%  
 Manufactured goods  14%  
 Automotive          12%  
 Building materials  12%  
 Food and beverage   8%   
 Metals and mining   7%   
 Services            5%   
 Others              18%  
                          

3

OVERVIEW OF OUR COMPANY

Top 10 transportation and logistics provider in North America.

Revenue by Geography (FY 2023)

 66%            34%     
 United States  Canada  

 25,100+    90+                  
 Employees  Operating Companies  

590+ 34,600+

FacilitiesTrailers

18,900+

Tractors (11,400 owned and 7,500 independent contractors)

4

NYSE AND TSX: TFII

TFI International is listed on the New York Stock Exchange since early 2020,
marking a new chapter in our Company's history. Over the past few years, TFI
has created exceptional value for its stakeholders.

Stock Chart - NYSE: TFII

<$US12 billion

Market Capitalization

$150

$100

$50

$0

 2020  2021  2022  2023  2024  

5

EXPERIENCED LEADERSHIP TEAM WITH EXTENSIVE INDUSTRY EXPERIENCE

 Alain Bedard            David Saperstein         
 Chairman of the Board,  Chief Financial Officer  
 President and CEO                                

 Kal Atwal                      Steven A. Brookshaw                Kristen Fess               Rick Hashie               
 Executive Vice-President       Senior Executive Vice-President    Executive Vice-President   Executive Vice-President  
 Canadian LTL and US Logistics  Truckload and Specialized          Truckload and Specialized  Logistics: Canada and US  
                                Truckload: Canada and US           Truckload: Canada                                    
                                                                                                                        

 Bob McGonigal             Justin Paul                Junior Roy                Christopher Traikos       
 Executive Vice-President  Executive Vice-President   Executive Vice-President  Executive Vice-President  
 LTL: US                   Truckload: Western-Canada  Truckload: Quebec         Package and Courier:      
                           and Western-US                                       Canada and US             
                                                                                LTL: US                   

6

OUR PEOPLE:

PROFESSIONAL,

ATTENTIVE AND

DEDICATED

Our team is united in our dedication to giving the best possible service and
experience. This commitment not only extends to our delivery practices, but
also to our treatment of customers, partners and shareholders. By always
following through with quality care and striving to protect the environment,
we intend to inspire trust in all communication and business activities with
all stakeholders.

7

TFI INTERNATIONAL PLATFORM OVERVIEW

SATISFACTION IN SOLUTION. EXCELLENCE IN EFFICIENCY.

 LESS-THAN-TRUCKLOAD  TRUCKLOAD  LOGISTICS  
                                                

 44%   26%   22%   
 2023  2023  2023  

PACKAGE & COURIER

8%

2023
*              Over-the-roadand asset-light intermodal LTL services       
*              Significant scale in both US and Canada, now with TForce
Freight            
*              Vast facility network spread across the US and Canada in
uniquely located cities            
*              Significant owned real estate portfolio of terminals and hubs  
         
                               *              Dry-vanfull truckload       
*              Flatbed, tanks, dumps, oversized and other specialized services
in US and Canada            
*              Modern fleet            
*              Company owns majority of assets and has long established
partner- carrier relationships            
                               *              Same-dayparcel delivery
nationwide in the United States and Canada       
*              LTL truck brokerage and other asset-light logistics services   
   
*              Expedite shipping and last-mile services create exposure to the
booming eCommerce growth       
                               *              Next-daydelivery in Canada and
globally through partnership with DHL       
*              Specialized supply chain services            
*              Well-positionedin capturing growth from increasing eCommerce
delivery demand
8

LESS-THAN-TRUCKLOAD

BEST-IN-CLASS TECHNOLOGY

We offer clients a web-enhanced experience for facilitating and expediting
their orders and inquiries. Our innovative systems are designed to facilitate
on-time and damage-free transportation of customer freight.

EFFICIENT NETWORK

Leveraging our capabilities in asset-light intermodal activities allows us to
generate higher returns.

BEST-IN-CLASS CAPABILITIES

We provide enhanced management of multiple providers, improved service levels,
and a disciplined approach to adapting supply to demand.

                                                               44%  14                     
 View Companies (https://tfiintl.com/en/less-than-truckload/)       
                                                                    of total 2023 revenue  Operating Companies  
                                                                                                                

9

TRUCKLOAD

MODERNIZED FLEET

Our tractors and trailers are equipped with the latest technology to track and
measure capacity.

CARRIER ACCESS

We have long-established partnerships that enable customers to access more
carriers.

ASSET OPTIMIZATION

Implementing cost-lowering practices and optimization programs, we are able to
maintain our financial strength under challenging conditions.

                                                     26%  49                     
 View Companies (https://tfiintl.com/en/truckload/)       
                                                          of total 2023 revenue  Operating Companies  
                                                                                                      

10

Attachments
*           Original Link
(https://tfiintl.com/wp-content/uploads/2024/05/TFI_corporateOverview_Mar2024.pdf)
        
*           Original Document
(https://docs.publicnow.com/3D946364563EA0B5376C9A81C91672E20937B265)         
*           Permalink
(https://www.publicnow.com/view/3D946364563EA0B5376C9A81C91672E20937B265)
Disclaimer

TFI International Inc. published this content on 03 May 2024 and is solely
responsible for the information contained therein. Distributed by Public
(http://www.publicnow.com), unedited and unaltered, on 03 May 2024 19:03:53
UTC.



(C) Copyright 2024 - TFI International Inc.",urn:newsml:reuters.com:20240503:nNDL362H5:1
"First Quarter Report

For the three months ended

March 31, 2024

CEO's Message

May 6, 2024 marks our 20th anniversary since our first acquisition of
Perimeter Aviation Ltd. I think back to a comment that I had read, ""Reflection
requires looking back so that the view looking forward is even clearer."" In my
message I will look back over the past 20 years and reflect upon how far we
have come as a company. Our history and the wisdom obtained over those years
will provide guideposts to how we move forward as an organization. Since
inception, our strategy has always been purpose built and was based on three
fundamentals:
1.            to provide our shareholders with stable and growing cash
distributions ii) maximize the share value associated with our portfolio of
subsidiaries including through continued investment in those subsidiaries post
acquisition, and iii) employ a disciplined acquisition strategy. We have not
strayed from that purpose in the past 20 years, and I am even more convinced
that our business model will lead us into the next 20 years of successes. But
first let me highlight some of the key performance highlights from the first
quarter:
Highlights from EIC's 2024 First Quarter Financial Performance
*            Record first quarter Revenue of $602 million, an increase of $75
million or 14%.          
*            Adjusted EBITDA of $111 million, representing growth of $14
million over the prior period or 14% and setting another first quarter
benchmark for the Corporation.          
*            Free Cash Flow first quarter record of $62 million compared to
the prior period of $60 million.          
*            Net Earnings of $5 million compared to the prior period of $7
million and Net Earnings per share of $0.10 compared to the prior period of
$0.16.          
*            Adjusted Net Earnings of $10 million compared to the prior period
of $12 million and Adjusted Net Earnings per share of $0.20 compared to the
prior year of $0.27.          
*            Increase in Free Cash flow less Maintenance Capital Expenditures
of $4 million to $23 million, another first quarter record.          
*            Trailing Twelve Month Free Cash Flow less Maintenance Capital
Expenditures Payout Ratio remained consistent with the comparative period at
58%.          
*            Subsequent to quarter end, completed an extension and upsize to
the Corporation's credit facility to $2.2 billion, including the addition of a
new Social Loan tranche of $200 million, containing consistent pricing and
terms with our prior credit facility.
Revenue generated by the Aerospace & Aviation segment increased by $43 million
or 13% to $369 million and Adjusted EBITDA increased by $20 million or 27% to
$94 million over the comparative period. The significant drivers of the
revenue and profitability increases relate to previous Growth Capital
Expenditures related to additional routes, improved load factors and our
previously announced medevac contracts in our Essential Air Services business
line, increased flying on owned aircraft and changes in sales mix within the
Aerospace business line and continued step-based improvements in our Aircraft
Sales & Leasing business line as aircraft and engine leasing continues to
strengthen.

Manufacturing segment revenue increased by $32 million to $233 million for the
quarter and Adjusted EBITDA decreased by $5 million to $27 million. The
increases in revenues were primarily driven by the acquisitions made in 2023
while the decline in segment profitability was expected and primarily due to
the Environmental Access Solutions business line as the prior year comparative
period was characterized by the continuation of the perfect alignment of
price, demand, supply and weather coupled with the seasonal anomaly of having
a number of rental mats deployed on a long, linear project in Western Canada.

We are very pleased with these results, and it sets the foundation for the
remainder of the fiscal year. It demonstrated the importance of our
diversified model as our Aerospace & Aviation segment posted record first
quarter financial metrics and our Manufacturing segment posted strong revenue
growth with an expected level of profitability due to changes in sales mix.
Our business lines are complementary to one another and provide consistency
whilst the world is experiencing significant macroeconomic and geopolitical
uncertainty. This consistency has become a hallmark of EIC and has allowed us
to provide a consistent, dependable, and increasing dividend to our
shareholders. Our structure and model was developed 20 years ago and I would
be remiss if I didn't reminisce about the start of EIC.

The Start of the Story

On May 6, 2004 the units of Exchange Industrial Income Fund began trading on
the Toronto Venture Exchange. The initial public offering raised $8 million
and through some additional financing transactions, Perimeter Aviation Ltd.
was purchased for $18 million. For the 2004 fiscal year the distributions per
unit (share) were 9 cents per month. The purpose of the Company was the same
back in 2004 as it is today, to provide our shareholders with stable and
growing cash distributions, maximize the share value associated with our
portfolio of subsidiaries, and employ a disciplined acquisition strategy.

 First Quarter 2024 Report  -2-  Exchange Income Corporation  

I still remember the employees of Perimeter being very skeptical of EIC being
the buyer, however the attitude changed dramatically with the first aircraft
addition to the Perimeter fleet and with each additional purchase. The
historical Perimeter business was a successful business that was built by its
founder, the late Bill Wehrle. It met all our acquisition requirements as it
was a niche business with strong management and a strong cash flow profile.
However, like most private businesses, their growth was limited by
availability of capital and the willingness to lever an already profitable
company. So when EIC purchased the business I sat with the employees, opened
up the EIC chequebook, gave them a blank cheque in a literal and figurative
sense and asked what they needed to grow. We provided the management team with
the financial capabilities to fund their growth and soon the Company expanded
their fleet and added medevac capabilities. In fact, based on 2023 financial
metrics, Perimeter has increased their revenues by 562% since acquisition. The
growth achieved by Perimeter allowed us to identify and purchase Keewatin Air
Limited. The Keewatin Air employees were aware of the capital deployed into
Perimeter and were excited about the prospect of additional investments. And
thus, the story of EIC began. It is also important to note that EIC's
leadership in the medevac industry existed before the concept of Sustainable
Loans or before the ESG acronym was readily bounded about. Our philosophy at
EIC was always, do the right thing and that philosophy continues to lead us
today.

Our journey has not always been smooth. There were turbulent times. In 2011,
we purchased WesTower Communications in both Canada and the US and in November
of that year WesTower US announced the signing of a contract with AT&T. This
single $500 million contract was approximately 5 times larger than the
historical per annum revenues of WesTower at acquisition. Significant efforts
were required by head office and WesTower management to execute on the
contract. However, we came to quickly realize that diversification, which was
one of our cornerstones of our business model, became impaired and performance
was lagging expectations as the business grew faster than we could
collectively manage. We were able to improve the performance and recognize
this lack of diversification and this enabled the divestiture of WesTower US
at a significant profit. The timing was strategic as we announced the
disposition in October 2014 and used the proceeds for the acquisition of
Provincial Aerospace Ltd. in January 2015. This turn of events set EIC for the
success that we see today and provided some valuable lessons for our
management teams. The lessons included the potential pitfalls of exponential
growth, the importance of cash flows, working capital management and
diversification of our businesses.

We enjoyed successes for the next five years and executed on a number of
transactions that were consistent with our purpose. Then the next turbulent
period hit, the pandemic known as COVID-19. During that time everything
changed. There was no management playbook that someone could navigate. It was
making decisions on real-time basis and pivoting on the fly. But during times
of stress, we would always come back to our purpose and our value of always
doing the right thing. While other companies were cutting dividends and laying
off employees, we pivoted throughout our various businesses. Our manufacturing
companies started to produce medical equipment/supplies and we continued our
increasingly important essential air services by transporting people in need
and medical professionals to communities across Canada. Our medevac operations
adapted and incorporated medical isolation units to transport COVID-19
patients to locations where their acute care needs would be met. In both our
Manufacturing and Aerospace & Aviation segments, the crisis created by the
COVID- 19 pandemic served to highlight the character we have always known
exists across our organization. Our people care deeply about the communities
we serve. We have always respected that spirit in our business practices and
encouraged doing the right thing throughout our organization.

Fast forward to today. Our collective businesses generated $2.5 billion in per
annum revenues and $556 million in Adjusted EBITDA in 2023. Our employee
complement is over 8,000 strong around the world. As of December 31, 2023 we
have had 17 dividend increases over the past 20 years and our average annual
compounded total shareholder return since inception is approximately 19%
significantly surpassing comparable indexed benchmarks. We have made $1.7
billion in Growth Capital Expenditures in addition to $1.6 billion in
acquisition investments. Lastly, to date we have paid $906 million in
dividends and that number is expected to approach approximately $1 billion by
the year's end. All of these achievements are incredible but the thing I am
most proud of is how we have not forgotten our roots of who we are and what
got us here. Our Directors and executives constantly reinforce our values and
the purpose of EIC to our new acquisitions, employees, and recruits. Our
culture and the cultures of our subsidiaries have not changed over the years.
While the numbers may have gotten bigger with more zeros behind them, the
culture, the essence, and the purpose of EIC have remained the same.

Thank you to our shareholders, our employees, our customers and the
communities we serve. Cheers for the last 20 years and looking forward to the
next 20.

Mike Pyle

Chief Executive Officer

 First Quarter 2024 Report  -3-  Exchange Income Corporation  

May 7, 2024

TABLE OF CONTENTS
1.            FINANCIAL HIGHLIGHTS AND SIGNIFICANT EVENTS
___________________________________________________ 9          
2.            RESULTS OF OPERATIONS
_______________________________________________________________________ 10    
     
3.            INVESTING ACTIVITIES
___________________________________________________________________________ 14
         
4.            DIVIDENDS AND PAYOUT
RATIOS__________________________________________________________________ 16   
      
5.            OUTLOOK
______________________________________________________________________________________
18          
6.            LIQUIDITY AND CAPITAL
RESOURCES______________________________________________________________ 21    
     
7.            RELATED PARTY TRANSACTIONS
_________________________________________________________________ 23          
8.            CRITICAL ACCOUNTING ESTIMATES AND JUDGMENTS
_______________________________________________ 23          
9.            ACCOUNTING POLICIES
__________________________________________________________________________ 23 
        
10.            CONTROLS AND PROCEDURES
__________________________________________________________________ 23         

11.            RISK
FACTORS_________________________________________________________________________________
24          
12.            NON-IFRSFINANCIAL MEASURES AND
GLOSSARY__________________________________________________ 24     
13.            QUARTERLY INFORMATION
______________________________________________________________________ 27     
    
14.            FINANCIAL STATEMENTS AND
NOTES_____________________________________________________________ 28
 First Quarter 2024 Report  -4-  Exchange Income Corporation  

Management Discussion & Analysis

of Operating Results and Financial Position for the three months ended March
31, 2024

PREFACE

This Management's Discussion and Analysis (""MD&A"") supplements the unaudited
interim condensed consolidated financial statements and related notes for the
three months ended March 31, 2024 (""Consolidated Financial Statements"") of
Exchange Income Corporation (""EIC"" or ""the Corporation""). All amounts are
stated in thousands of Canadian dollars, except per share information and
share data, unless otherwise stated.

This MD&A should be read in conjunction with the unaudited interim condensed
consolidated financial statements of the Corporation for the three months
ended March 31, 2024, its annual financial statements for the year ended
December 31, 2023, and its annual MD&A for the year ended December 31, 2023.
The unaudited interim condensed consolidated financial statements have been
prepared in accordance with International Financial Reporting Standards
(""IFRS"") applicable to the preparation of the interim financial statements.

FORWARD-LOOKING STATEMENTS

This report and the documents incorporated by reference herein contain
forward-looking statements. All statements other than statements of historical
fact contained in this report and the documents incorporated by reference
herein are forward-looking statements, including, without limitation,
statements regarding the future financial position, business strategy,
completed and potential acquisitions and the potential impact of such
completed and/or potential acquisitions on the operations, financial
condition, capital resources and business of the Corporation and/or its
subsidiaries, the Corporation's policy with respect to the amount and/or
frequency of dividends, budgets, litigation, projected costs and plans and
objectives of or involving the Corporation or its subsidiaries or any
businesses to potentially be acquired by the Corporation. Prospective
investors can identify many of these statements by looking for words such as
""believes"", ""expects"", ""will"", ""may"", ""intends"", ""projects"", ""anticipates"",
""plans"", ""estimates"", ""continues"" and similar words or the negative thereof.

Forward-looking statements are necessarily based upon a number of expectations
or assumptions that, while considered reasonable by management at the time the
statements are made, are inherently subject to significant business, economic
and competitive uncertainties and contingencies. Readers are cautioned to not
place undue reliance on forward-looking statements which only speak as to the
date they are made. Although management believes that the expectations and
assumptions underlying such forward-looking statements are reasonable, there
can be no assurance that such expectations or assumptions will prove to be
correct. A number of factors could cause actual future results, performance,
achievements, and developments of the Corporation and/or its subsidiaries to
differ materially from anticipated results, performance, achievements, and
developments expressed or implied by such forward-looking statements. Such
factors include, but are not limited to: economic and geopolitical conditions;
competition; government funding for Indigenous health care; access to capital;
market trends and innovation; general uninsured loss; climate; acts of
terrorism, armed conflict, labour or social unrest; pandemic; level and timing
of defence spending; government funded defence and security programs;
environmental, social and governance; significant contracts and customers;
operational performance and growth; laws, regulations and standards;
acquisition risk; concentration and diversification risk; maintenance costs;
access to parts and relationships with key suppliers; casualty losses;
environmental liability risks; dependence on information systems and
technology; international operations risks; fluctuations in sales prices of
aviation related assets; fluctuations in purchase prices of aviation related
assets; warranty risk; performance guarantees; global offset risk;
intellectual property risk; availability of future financing; income tax
matters; commodity risk; foreign exchange; interest rates; credit facility and
the trust indentures; dividends; unpredictability and volatility of prices of
securities; dilution risk; credit risk; reliance on key personnel; employees
and labour relations; and conflicts of interest. A further discussion of these
risks is included in Section 11 - Risk Factors.

The information contained or incorporated by reference in this report
identifies additional factors that could affect the operating results and
performance of the Corporation and its subsidiaries. Assumptions about the
performance of the businesses of the Corporation and its subsidiaries are
considered in setting the business plan for the Corporation and its
subsidiaries and in setting financial targets. Should one or more of the risks
materialize or the assumptions prove incorrect, actual results, performance,
or achievements of the Corporation and its subsidiaries may vary materially
from those described in forward-looking statements.

The forward-looking statements contained herein or contained in a document
incorporated by reference herein are expressly qualified in their entirety by
this cautionary statement. The forward-looking statements included or
incorporated by reference in this report are made as of the date of this
report or such other date specified in such statement. Except as required by
law, the Corporation disclaims any obligation to update any forward-looking
information, estimates or opinions, future events or results, or otherwise.

 First Quarter 2024 Report  -5-  Exchange Income Corporation  

Management Discussion & Analysis

of Operating Results and Financial Position for the three months ended March
31, 2024

EXCHANGE INCOME CORPORATION

The Corporation is a diversified, acquisition-oriented corporation focused on
opportunities in aerospace, aviation, and manufacturing. The business plan of
the Corporation is to invest in profitable, well-established companies with
strong cash flows operating in niche markets. The objectives of the
Corporation are:
1.             to provide shareholders with stable and growing dividends;     
     
2.             to maximize shareholder value through ongoing active monitoring
of and investment in its operating subsidiaries; and           
3.             to continue to acquire additional businesses or interests
therein to expand and diversify the Corporation's investments.
Segment Summary

The Corporation's operating segments are strategic business units that offer
different products and services. The Corporation has two operating segments:
Aerospace & Aviation and Manufacturing.

All consolidated revenue percentages noted below have been calculated by
adjusting revenues for acquisitions that were completed in fiscal 2023 to
reflect a full year contribution. Acquisitions completed in the current year
are not included.

Aerospace & Aviation Segment

The Aerospace & Aviation segment is comprised of three lines of business:
Essential Air Services, Aerospace, and Aircraft Sales & Leasing.

Essential Air Services includes both fixed wing and rotary wing operations.
Under various brand names across Canada, our subsidiaries provide essential
services to Canada's northern and remote communities, including medevac,
passenger, charter, freight services, and auxiliary services. The majority of
the communities we serve are not accessible year-round by ground
transportation, meaning our airlines provide a vital link into these
communities. Our operations span across Canada, and more specifically include
operations in Alberta, British Columbia, Manitoba, New Brunswick, Newfoundland
and Labrador, Nova Scotia, Nunavut, Ontario, and Quebec. The Corporation also
operates two flight schools, training pilots both for our own airlines and for
airlines around the world.

Essential Air Services accounted for approximately 32% of the Corporation's
consolidated revenues in fiscal 2023. Items impacting margins within this
business are fuel prices, load factors, weather, and, in the current operating
environment, the ability to source a full complement of pilots and aircraft
mechanics. Labour costs in these areas have increased well above the rate of
inflation and in certain circumstances cannot be immediately flowed through to
the customer.

Essential Air Services includes the operations of Calm Air International LP,
CANLink Aviation Inc. (MFC Training), Carson Air Ltd, Custom Helicopters Ltd.,
Keewatin Air LP, PAL Airlines Ltd., and Perimeter Aviation LP (including its
operating division, Bearskin Airlines).

Aerospace includes our vertically integrated aerospace offerings that provide
customized and integrated special mission aircraft solutions primarily to
governments across the globe. These services encompass mission systems design
and integration, aircraft modifications, intelligence, surveillance,
reconnaissance operations (""ISR""), software development, logistics and
in-service support. Most of these services are provided pursuant to long term
government contracts. In addition, our subsidiaries deliver training solutions
across an array of aviation platforms and have in-depth experience in training
pilots and sensor operators on both manned and unmanned aircraft for
governmental agencies.

Aerospace accounted for approximately 14% of the Corporation's consolidated
revenues in fiscal 2023. Training solutions typically generate lower margins
as there are low capital requirements outside of working capital, whereas ISR
flying operations typically have higher margins as the upfront investment in
the owned assets to perform the ISR flying operations is reflected as an
expense through depreciation.

Aerospace includes the operations of Crew Training International, Inc. and PAL
Aerospace Ltd.

Aircraft Sales & Leasing includes aftermarket aircraft, engine and parts sales
and aircraft and engine leasing along with aircraft management services. Our
subsidiaries specialize in regional and commuter aircraft, and seek to
monetize their portfolio over the full life cycle of the asset. Our
subsidiaries are not typical finance lessors; rather, assets are leased for
shorter durations to consume the available green time on those assets. Once
the green time has been consumed, the assets can then either be overhauled and
leased out again, or torn down into piece parts and sold to airlines around
the world to generate further cash flows. Revenue streams include

 First Quarter 2024 Report  -6-  Exchange Income Corporation  

Management Discussion & Analysis

of Operating Results and Financial Position for the three months ended March
31, 2024

selling whole aircraft, engines and components of those assets, leasing of
aircraft and engines and fee income earned through the provision of services
for third parties such as asset management or consignment sales. Our expertise
in understanding the value of each component of an aircraft and the
anticipated demand for those components, including the next major shop visits
and next major overhaul event for each platform we specialize in, provides a
competitive advantage on what to buy and what to pay.

Aircraft Sales & Leasing accounted for approximately 12% of the Corporation's
consolidated revenues in fiscal 2023. The most significant item impacting
margins in this line of business is sales mix. Leasing contributes very high
margins and therefore variability in leasing revenue has the largest impact on
margin. Within this business line, parts revenue is the most predictable and
stable from both sales and margin perspectives; whereas the sale of aircraft
and engines varies on a period to period basis, both in volume and in price,
but are generally higher dollar and lower margin transactions.

Aircraft Sales & Leasing includes the operations of EIC Aircraft Leasing
Limited and Regional One, Inc.

Manufacturing Segment

The Manufacturing segment is comprised of three lines of business:
Environmental Access Solutions, Multi-Storey Window Solutions and Precision
Manufacturing & Engineering.

Environmental Access Solutions is the largest provider of temporary access
solutions in Canada, providing a turnkey service which includes planning,
consultation, delivery and installation, logistical support, and removal and
washing solutions. Our access solutions and related services provide temporary
ground protection that allow customers to access job sites or use heavy
machinery and equipment on wet, loose, or otherwise unstable or
environmentally sensitive ground. Access mats and bridges provide access to
remote areas in a much more environmentally friendly manner than the
construction of temporary gravel roads and installation of culverts and
water-diversion devices, which are difficult to remove and remediate and can
cause cross-contamination of soil. As the largest operator in this industry,
we provide a one-stop solution for our clients with a vertically integrated
platform including in-house mat manufacturing capabilities, a sizable fleet of
trucks and equipment, and a portable, patented closed-loop mat washing system.

Environmental Access Solutions accounted for approximately 8% of the
Corporation's consolidated revenues in fiscal 2023. Rentals generate higher
margins than other lines of business within Environmental Access Solutions.
Rental activity is influenced by several factors, such as the supply of mats
in the marketplace, the availability and pricing of timber used in mat
production, and weather conditions, including the amount of precipitation and
temperature. In addition to rentals, the sale of mats and the overall sales
mix in a given period can also have a significant impact on margins. These mat
sale transactions are generally higher dollar value and lower margin
transactions when compared to rental revenue.

Environmental Access Solutions includes the operations of Northern Mat and
Bridge LP.

Multi-Storey Window Solutions includes the design, manufacture and
installation of the exteriors of residential and mixed-use high rises which
integrate residential, retail, and office spaces. Our subsidiaries manufacture
an advanced unitized window wall system, curtain wall, and railing solutions.
This provides solutions for the entire façade, including the windows,
operable elements and opaque areas that surround the exterior envelope of a
building. Our vertically integrated offering within the Multi-Storey Window
Solutions includes installation services in both Canada and in the United
States. In the United States, we have the capability to install both our
internally manufactured window solutions and those manufactured by others.

Multi-Storey Window Solutions accounted for approximately 19% of the
Corporation's consolidated revenues in fiscal 2023. The most significant items
impacting margins within this line of business are the cost of raw materials
and product mix. Since our subsidiaries both manufacture and install exteriors
of high-rise buildings, the margins realized in a particular period can vary
based on the type of work performed. Installation, particularly on jobs
completed with non-Quest/BVGlazing product, generate lower margins than for
supply and install projects.

Multi-Storey Window Solutions includes the operations of BVGlazing Systems
Ltd., and Quest Window Systems Inc.

Precision Manufacturing & Engineering provides engineering and precision
manufacturing services throughout North America in a wide variety of
industries. These services include: wireless and wireline construction and
maintenance services; the manufacture of precision parts and components for a
variety of industries; the manufacture of portable hydronic climate control
equipment; the manufacture of specialized stainless steel tanks, vessels, and
processing equipment; electrical and control systems integration focused on
the agricultural material handling segment; and the manufacture of specialized
heavy-duty pressure washing and steam systems, commercial water recycling
systems, and custom tanks.

 First Quarter 2024 Report  -7-  Exchange Income Corporation  

Management Discussion & Analysis

of Operating Results and Financial Position for the three months ended March
31, 2024

Precision Manufacturing & Engineering accounted for approximately 15% of the
Corporation's consolidated revenues in fiscal 2023. Margins in this line of
business are typically stable. While there may be margin pressure in times of
rapid escalation of prices of raw materials, generally our subsidiaries have
the ability to pass on these costs to customers over time due to the specialty
nature of the products that are being provided.

Precision Manufacturing & Engineering includes the operations of Ben Machine
Products Company Incorporated, DryAir Manufacturing Corp., Hansen Industries
Ltd., LV Control Mfg. Ltd., Overlanders Manufacturing LP, Stainless
Fabrication, Inc., Water Blast Manufacturing LP, and WesTower Communications
Ltd.

Management of the Corporation continuously monitors and provides support to
the operating subsidiaries. The operating subsidiaries of the Corporation,
however, operate autonomously and maintain their individual business
identities.

 First Quarter 2024 Report  -8-  Exchange Income Corporation  

Management Discussion & Analysis

of Operating Results and Financial Position for the three months ended March
31, 2024

1. FINANCIAL HIGHLIGHTS AND SIGNIFICANT EVENTS

The financial highlights for the Corporation for the periods indicated are as
follows:

 FINANCIAL PERFORMANCE                                                                                     per share     per share                                         per share     per share  
                                                                                                                                                                        
                                                                                        2024               basic         diluted                            2023           basic         diluted    
 For the three months ended March 31                                                                                                                                                                
 Revenue                                                                $               601,769                                             $               526,844                                 
 Adjusted EBITDA (1)                                                                    111,051                                                             97,117                                  
 Net Earnings                                                                           4,528           $  0.10       $  0.09                               6,861       $  0.16       $  0.16       
 Adjusted Net Earnings (1)                                                              9,574              0.20          0.20                               11,540         0.27          0.27       
 Free Cash Flow (1)                                                                     61,931             1.31          1.19                               59,708         1.40          1.26       
 Free Cash Flow less Maintenance Capital Expenditures (1)                               22,593             0.48          0.47                               18,923         0.44          0.44       
 Dividends declared                                                                     31,171             0.66                                             26,805         0.63                     
 For the Trailing Twelve months as at March 31                                                                                                                                                      
 Adjusted Net Earnings payout ratio (1)                                                                    84%                                                             75%                      
 Free Cash Flow less Maintenance Capital Expenditures payout ratio (1)                                     58%                                                             58%                      
 FINANCIAL POSITION                                                     March 31, 2024                                   December 31, 2023                                 
 Working capital                                                        $               521,333                                             $               540,720                                 
 Capital assets                                                                         1,602,299                                                           1,571,067                               
 Total assets                                                                           4,049,397                                                           4,079,807                               
 Long-term debt                                                                         1,464,463                                                           1,422,642                               
 Equity                                                                                 1,242,195                                                           1,245,473                               
 SHARE INFORMATION                                                                      March 31, 2024                   December 31, 2023                                 
 Common shares outstanding                                                              47,281,753                                                          47,136,625                              
                                                                                        March 31, 2024                                      March 31, 2023                               
 Weighted average shares outstanding during the period - basic                          47,206,228                                                          42,529,459                              

Note 1) As defined in Section 12 - Non-IFRS Financial Measures and Glossary.

SIGNIFICANT EVENTS

Normal Course Issuer Bid (""NCIB"")

On March 14, 2024, the Corporation renewed its NCIB for common shares and
certain series of convertible debentures. Under the renewed NCIB for common
shares, purchases can be made during the period commencing on March 19, 2024,
and ending on March 18, 2025. The Corporation can purchase a maximum of
4,414,853 shares and daily purchases will be limited to 22,369 shares, other
than block purchase exemptions. The Corporation renewed its NCIB because it
believes that from time to time, the market price of the common shares may not
fully reflect the value of the common shares. The Corporation believes that in
such circumstances, the purchase of common shares represents an accretive use
of capital.

Under the NCIB for certain series of convertible debentures, purchases can be
made during the period commencing on March 19, 2024, and ending on March 18,
2025. The Corporation can purchase a maximum of $7,970 principal amount of 7
year 5.35% convertible unsecured subordinated debentures of EIC (June 2018),
$8,607 principal amount of 7 year 5.75% convertible unsecured subordinated
debentures of EIC (March 2019), $14,373 principal amount of 7 year 5.25%
convertible unsecured subordinated debentures of EIC (July 2021), and $11,500
principal amount of 7 year 5.25% convertible unsecured subordinated debentures
of EIC (December 2021), with daily purchases of principal amount, other than
block purchase exceptions, limited to $646, $711, $1,212, and $1,628,
respectively. The Corporation sought the NCIB for debentures to permit
repurchase and cancellation of these securities during times of market
instability where management believes the market price does not reflect the
value of the debentures.

SUBSEQUENT EVENTS

Credit Facility Upsize and Extension

On May 6, 2024, the Corporation amended its credit facility. The enhanced
credit facility increased to approximately $2.2 billion from approximately
$2.0 billion, extended its term to May 6, 2028, and was completed with no
change in pricing. This includes $1.846 billion

 First Quarter 2024 Report  -9-  Exchange Income Corporation  

Management Discussion & Analysis

of Operating Results and Financial Position for the three months ended March
31, 2024

allocated to the Corporation's Canadian head office and US $260 million
allocated to EIIF Management USA, Inc. The amount allocated to the
Corporation's Canadian head office includes a new $200 million social loan
tranche, which will be used to fund the purchase of new King Air aircraft at
Carson Air for the long-term medevac contract with the Province of British
Columbia. The $200 million Social Loan permits the Corporation to draw on that
portion of the facility as the new aircraft are delivered and modified for
medical purposes. As part of the transaction, ISS Corporate provided an
independent Second Party Opinion that concluded the loan is in alignment with
the Social Loan Principles as issued by the Loan Market Association. The
increased size of the facility provides the Corporation capacity to continue
to execute on its core strategy of pursuing accretive growth through
investment in its operating subsidiaries and through acquisition.

2. RESULTS OF OPERATIONS

The following section analyzes the financial results of the Corporation for
the three months ended March 31, 2024, and the comparative 2023 period.

                                                                                       Three Months Ended March 31, 2024  
                                                        Aerospace &                                                                                      
                                                        Aviation        Manufacturing                                     Head Office (2)  Consolidated  
 Revenue                                             $  368,514      $  233,255        $                                  - $              601,769       
 Expenses (1)                                           274,476         206,204                                           10,038           490,718       
 Adjusted EBITDA                                        94,038          27,051                                            (10,038)         111,051       
 Depreciation of capital assets                                                                                                            55,314        
 Amortization of intangible assets                                                                                                         5,578         
 Finance costs - interest                                                                                                                  29,815        
 Depreciation of right of use assets                                                                                                       9,682         
 Interest expense on right of use lease liabilities                                                                                        1,984         
 Acquisition costs                                                                                                                         1,305         
 Earnings before income taxes                                                                                                              7,373         
 Current income tax expense                                                                                                                7,834         
 Deferred income tax recovery                                                                                                              (4,989)       
 Net Earnings                                                                                                             $                4,528         
 Net Earnings per share (basic)                                                                                           $                0.10          
 Adjusted Net Earnings                                                                                                    $                9,574         
 Adjusted Net Earnings per share (basic)                                                                                  $                0.20          

 First Quarter 2024 Report  -10-  Exchange Income Corporation  

Attachments
*           Original Link
(https://www.exchangeincomecorp.ca/wcm-docs/news/eic_package_q1_2024_final_20240507160549.pdf)
        
*           Original Document
(https://docs.publicnow.com/4B4BCACCFDC7D355DEE43B070555CDF21058F033)         
*           Permalink
(https://www.publicnow.com/view/4B4BCACCFDC7D355DEE43B070555CDF21058F033)
Disclaimer

Exchange Income Corporation published this content on 07 May 2024 and is
solely responsible for the information contained therein. Distributed by
Public (http://www.publicnow.com), unedited and unaltered, on 07 May 2024
21:10:45 UTC.



(C) Copyright 2024 - Exchange Income Corporation",urn:newsml:reuters.com:20240507:nNDL2gZzQH:1
"(Adds background on the company)
    By Svea Herbst-Bayliss
       May 9 (Reuters) - Activist hedge fund Ancora Holdings
has secured enough support from Norfolk Southern <NSC.N>
shareholders to win some seats on the U.S. railway operator's
board of directors, people familiar with the matter said on
Thursday.
    Investor votes are still being counted ahead of Norfolk
Southern's annual meeting of shareholders on Thursday, and the
final number of board seats that Ancora will get has not yet
been determined, the sources said.
    Ancora has nominated 7 candidates to Norfolk Southern's
13-member board.
    The sources requested anonymity ahead of an official
announcement. Norfolk Southern and Ancora were not immediately
available for comment.
    Ancora assembled a director slate that includes former
Kansas City Southern executive Sameh Fahmy, Gilbert Lamphere, a
former chairman of the Illinois Central Railway, and William
Clyburn who served on the U.S. Surface Transportation board.
        It has argued new directors are needed to improve
Norfolk Southern's financial performance and reach operational
targets.
  
        Three proxy advisory firms -- Institutional Investor
Services, Glass Lewis and Egan-Jones -- recommended that Norfolk
Southern investors elect at least a handful of Ancora's
nominees. They said the company's board should be refreshed
after a string of safety problems including a derailment in East
Palestine, Ohio in 2023.  
  
        Ancora also argued that Norfolk Southern's chief
executive Alan Shaw should be ousted.
  
        Norfolk Southern has told investors it has taken
appropriate action by refreshing its board and hiring a new
chief operating officer.
  
        Among the new board directors Norfolk Southern tapped
are Richard Anderson, a former head of passenger railway Amtrak,
and former U.S. Senator Heidi Heitkamp. The company also hired
John Orr from Canadian Pacific Kansas City as its chief
operating officer. Norfolk Southern paid the rival railroad $25
million to buy Orr out of his non-competition agreement. 
  
        Ancora won the support of large railroad unions and
steel maker Cleveland-Cliffs <CLF.N>, a big Norfolk Southern
client.
  

 (Reporting by Svea Herbst-Bayliss
Editing by Greg Roumeliotis and Chizu Nomiyama)
 ((svea.herbst@thomsonreuters.com; +617 233 2138; Reuters
Messaging: svea.herbst.thomsonreuters.com@reuters.net))",urn:newsml:reuters.com:20240509:nL1N3HC11M:1
"OTTAWA, May 10 (Reuters) - The Canadian government is
moving to push back the start of a possible strike by railway
workers at Canadian National Railway (CN) and Canadian Pacific
Kansas City (CPKC), an official said on Friday.
    Workers represented by the Teamsters union last week voted
overwhelmingly to strike as early as May 22. Railways are
critical to Canada's economy, due to its vast geography and
exports of grain, potash and coal.
    Late on Thursday, federal Labour Minister Seamus O'Regan
said he had asked the Canada Industrial Relations Board to look
at whether the strike might have safety implications. Until the
board has issued a decision, the strike cannot start.
    In an emailed statement, the Teamsters union said it was
reviewing O'Regan's move and would ""obviously comply with any
order"" from the board. 
    O'Regan acted after stakeholders expressed concern about the
effect of a stoppage on healthcare infrastructure, in particular
shipments of propane, which is used as a back-up generator fuel
for rural hospitals, said the official, who requested anonymity
given the sensitivity of the situation.
    There is no set timeline for the board to issue a decision.
    

 (Reporting by David Ljunggren, Editing by Franklin Paul)
 ((david.ljunggren@tr.com; +1 647 480 7891;))",urn:newsml:reuters.com:20240510:nL1N3HD14J:3
"OTTAWA, May 13 (Reuters) - The western oil- and
grain-producing province of Alberta on Monday urged Canadian
Prime Minister Justin Trudeau to do all he could to head off
potentially devastating strikes by railway and port workers.
    Staff represented by the Teamsters union voted
overwhelmingly this month to strike as early as May 22. Railways
are critical to Canada's economy, due to its vast geography and
exports of grain, potash and coal.
    Further to the west, talks between management and unions at
the port of Vancouver have hit an impasse.
    ""Any work stoppage affecting our railways and ports would be
crippling for our national economy and North American supply
chains,"" Alberta Premier Danielle Smith said in a letter to
Trudeau that was released by her office.
    Smith said Ottawa had to do all it could to help the parties
in both disputes reach negotiated settlements. 
    ""In the event of a work stoppage, your government must be
prepared to use all the tools at its disposal to terminate it
rapidly, including, if necessary, back-to-work legislation,"" 
said Smith, one of Trudeau's main domestic political opponents.
    The ruling center-left Liberals could present a draft law to
force striking workers back to work but in the past have shown
little interest in doing so.
    Asked about a possible Vancouver port strike, the office of
Labour Minister Seamus O'Regan said: ""Our government believes in
collective bargaining."" O'Regan last week asked the Canada
Industrial Relations Board to look at whether a rail strike
might have safety implications.
    Until the board has issued a decision, the strike by workers
at Canadian National Railway and Canadian Pacific Kansas City
cannot start. The board on Monday asked for submissions by the
end of business on May 21 and could take weeks to act.
    The unions are currently negotiating contracts and asking
for better wages and working conditions.

 (Reporting by David Ljunggren; Editing by Josie Kao)
 ((david.ljunggren@tr.com; +1 647 480 7891;))",urn:newsml:reuters.com:20240513:nL1N3HG23E:1
"(Adds background in paragraphs 3-4)
       May 13 (Reuters) - Canadian National Railway <CNR.TO>
suspended service on its network between Fort St. John and Fort
Nelson in British Columbia and north of High Level, Alberta due
to wildfires, the company said on Monday.
    ""We are working with impacted customers as our crews assess
damages and identify any required repairs,"" according to the
company.
    The largely evacuated town of Fort Nelson is in the line of
one of the season's first major wildfires that have spread to
10,000 hectares (24,710 acres) across Western Canada and are
sending smoke plumes over five provinces, as well as parts of
the northern U.S.
    After its worst-ever-wildfire season last year, Canada
experienced one of its warmest winters with low to non-existent
snow in many areas, raising fears of a hot summer triggering
blazes in forests and wild lands amid an ongoing drought.

 (Reporting by Ananta Agarwal in Bengaluru; Editing by Shounak
Dasgupta)
 ((ananta.agarwal@thomsonreuters.com))",urn:newsml:reuters.com:20240513:nL4N3HG4O3:3
"(Adds statement from union in paragraphs 11 to 13)
       May 16 (Reuters) - Canadian Pacific Kansas City (CPKC)
<CP.TO> said on Thursday its leadership, with the assistance of
federal mediators, will resume contract negotiations with the
Teamsters Canada Rail Conference (TCRC) union on May 17.
    CPKC and the union will meet in an effort to achieve a new
collective agreement for the company's train and engine and rail
traffic controller employees.
    Canada heavily relies on its extensive railway network,
given its expansive geography and significant exports such as
grain, potash and coal.
    Earlier this month, workers represented by the Teamsters
union had voted overwhelmingly to strike as early as May 22.
    The Canadian Industrial Relations Board has requested
submissions from the railroad operator, the union and other
interested stakeholders by May 21. The parties have until May 31
to file their replies.
    Federal Labour Minister Seamus O'Regan previously said he
had requested the Canada Industrial Relations Board to assess
whether the strike could pose safety implications. The strike
cannot commence until the board has rendered a decision.
    CPKC made a voluntary offer on Wednesday to engage in a
binding arbitration to prevent a work stoppage, but the union
declined, the railroad operator said in a statement on Thursday.
    The company said it has also proposed to TCRC that both
parties agree on the services that should be maintained in the
event of a strike or lockout.
    A work stoppage could be a major dent to Canada's supply
chain and negatively impact major exports, including wheat and
canola.
    Separately on Thursday, the union received a new offer from
CPKC's peer Canadian National Railway <CNR.TO> that would
include wage increases of 3% in 2024 and 2.5% in 2025 amid other
benefits for its workers.
    However, the union, in a statement sent to Reuters,
criticized the offer saying it is contingent on ""accepting
concessions that would undermine rail safety.""  
        ""(Canadian National) seeks to force trains crews to work
even longer hours, beyond certain 10-hour limits under our
collective agreement,"" said the union. 
        The union added that the offer is also dependent on
union members relocating to remote areas across the country,
which may keep them away from their families for three months at
a time.  

 (Reporting by Shivansh Tiwary and Ananta Agarwal in Bengaluru;
Editing by Shilpi Majumdar and Shailesh Kuber)
 ((Shivansh.Tiwary@thomsonreuters.com; +91 9708363192; X:
@Shivansh_19_;))",urn:newsml:reuters.com:20240516:nL4N3HJ37V:1
"OTTAWA, May 23 (Reuters) - Canadian Pacific Kansas City
(CPKC) said talks with the Teamsters Rail Conference Union have
hit a deadlock, predicting that a legal strike or a lockout
would not likely occur before mid-July.
        In a statement posted on the company's website late on
Wednesday, CPKC said the two sides had met from May 15 to 21
with the aid of federal mediators.
  
        ""Regrettably, and despite our best efforts, no progress
was made. Additional bargaining dates have not been scheduled at
this time,"" it said. 
  
    Earlier this month, workers at CPKC and Canadian National
Railway Co who are represented by the Teamsters voted
overwhelmingly to strike as early as May 22. 
        But Ottawa asked the Canadian Industrial Relations Board
(CIRB) to rule whether a strike would have safety implications,
pushing back the potential start date for a stoppage.
  
        A legal strike or lockout cannot occur until the CIRB
renders a decision.
  
    ""While it remains unclear how long it will take for the CIRB
to issue a decision, based on precedent, it is unlikely the
parties will be in a position to initiate a legal strike or
lockout before mid-July or later,"" it said.
    A work stoppage could be a major dent to Canada's supply
chain and negatively impact major exports, including wheat,
canola, potash and coal.
    The Teamsters were not immediately available for comment.

 (Reporting by David Ljunggren; editing by Diane Craft)
 ((david.ljunggren@tr.com; +1 647 480 7891;))",urn:newsml:reuters.com:20240523:nL1N3HQ32D:3
"(Adds union statement in paragraphs 9, 11; background in 10)
       OTTAWA, May 23 (Reuters) - Canadian Pacific Kansas City
(CPKC) said talks with the Teamsters Rail Conference Union have
hit a deadlock, predicting that a legal strike or a lockout
would not likely occur before mid-July.
    In a statement posted on the company's website late on
Wednesday, CPKC said the two sides had met from May 15 to 21
with the aid of federal mediators.
    ""Regrettably, and despite our best efforts, no progress was
made. Additional bargaining dates have not been scheduled at
this time,"" it said. 
    This month, workers at CPKC and Canadian National Railway Co
who are represented by the Teamsters voted overwhelmingly to
strike as early as May 22. 
    But Ottawa asked the Canadian Industrial Relations Board
(CIRB) to rule whether a strike would have safety implications,
pushing back the potential start date for a stoppage.
    A legal strike or lockout cannot occur until the CIRB
renders a decision.
    ""While it remains unclear how long it will take for the CIRB
to issue a decision, based on precedent, it is unlikely the
parties will be in a position to initiate a legal strike or
lockout before mid-July or later,"" it said.
    A work stoppage could be a major dent to Canada's supply
chain and negatively impact major exports, including wheat,
canola, potash and coal.
    ""A work stoppage and the need for binding arbitration can be
completely avoided if CPKC took fatigue seriously and stopped
demanding concessions that harm workers and undermine rail
safety in Canada,"" the Teamsters said in a statement.
        The union has said the rail companies were trying to
remove rest provisions that are critical to safety.
  
        ""The fact that CPKC views binding arbitration as the
only path forward demonstrates their lack of interest in good
faith negotiations, hurting everyone in the process,"" it said in
an emailed statement.
  

 (Reporting by David Ljunggren; editing by Diane Craft and David
Gregorio)
 ((david.ljunggren@tr.com; +1 647 480 7891;))",urn:newsml:reuters.com:20240523:nL1N3HQ3GG:1
"(Adds details, background throughout)
       May 28 (Reuters) - Norfolk Southern <NSC.N> has named
former Canadian National Railway <CNR.TO> CEO Claude Mongeau as
the new chair of its board, effective immediately, the company
said in a statement on Tuesday. 
        A veteran railroad executive, Mongeau has been on
Norflok's board since 2019 and replaces previous board chair Amy
Miles,  who shareholders ousted earlier this month.
  
        The Atlanta-Georgia-based freight railroad also saw off
an activist investor campaign led by hedge fund Ancora Holdings
at the same shareholder meeting 
    earlier in May
    , winning 10 of 13 seats on the board.
  
        Mongeau has previously served in various executive
positions at Canadian National, where he drove a
customer-centric PSR (precision scheduled railroading) approach.
  
         There is an ""urgency around enhancing service,
improving network operations, and broad-based productivity gains
to close the gap with our peers,"" he said in statement.
  
        The company 
    last week
     agreed to pay $15 million in civil penalties and $57.1
million in past government cleanup costs, related to its
derailment in East Palestine, Ohio, in February last year,
taking the total charges around derailment to $1.7 billion.
  



 (Reporting by Abhinav Parmar in Bengaluru; Editing by Anil
D'Silva and Tasim Zahid)
 ((Abhinav.Parmar@thomsonreuters.com;))",urn:newsml:reuters.com:20240528:nL4N3HV2DI:2
"CPKC ADVANTAGE

INVESTOR PRESENTATION: JUNE 2024

TSX/NYSE: CP

FORWARD LOOKING STATEMENTS

This investor presentation may contain certain forward-looking information and
forward-looking statements (collectively, ""forward-looking information"")
within the meaning of applicable securities laws. Forward-looking information
includes, but is not limited to, statements concerning expectations, beliefs,
targets, plans, goals, objectives, assumptions and statements about possible
future events, conditions, and results of operations or performance.
Forward-looking information may contain statements with words or headings such
as ""financial expectations"", ""key assumptions"", ""anticipate"", ""believe"",
""expect"", ""targets"", ""plan"", ""will"", ""outlook"", ""guidance"", ""should"" or
similar words suggesting future outcomes. This presentation contains
forward-looking information relating, but not limited to statements concerning
financial targets for 2024-2028 and our ability to deliver on financial
guidance for 2024, including estimated growth and capital expenditures, the
success of our business, the realization of anticipated benefits and synergies
of the Canadian Pacific Railway Limited (""CP"")-Kansas City Southern (""KCS"")
transaction and the timing thereof, and the opportunities arising therefrom,
our operations, priorities and plans, including sustainability-related targets
and plans, anticipated financial and operational performance, business
prospects and demand for our services and growth opportunities. The
forward-looking information that may be in this presentation is based on
current expectations, estimates, projections and assumptions, having regard to
Canadian Pacific Kansas City Limited's (""CPKC's"" or the ""Company's"")
experience and its perception of historical trends, and includes, but is not
limited to, expectations, estimates, projections and assumptions relating to:
changes in business strategies, North American and global economic growth and
conditions; commodity demand growth; sustainable industrial and agricultural
production; commodity prices and interest rates; performance of our assets and
equipment; sufficiency of our budgeted capital expenditures in carrying out
our business plan; geopolitical conditions, applicable laws, regulations and
government policies; the availability and cost of labour, services and
infrastructure; the satisfaction by third parties of their obligations to
CPKC; and carbon markets, evolving sustainability strategies, and scientific
or technological developments. Although CPKC believes the expectations,
estimates, projections and assumptions reflected in the forward-looking
information presented herein are reasonable as of the date hereof, there can
be no assurance that they will prove to be correct. Current conditions,
economic and otherwise, render assumptions, although reasonable when made,
subject to greater uncertainty. Undue reliance should not be placed on
forward-looking information as actual results may differ materially from those
expressed or implied by forward-looking information. By its nature, CPKC's
forward-looking information involves inherent risks and uncertainties that
could cause actual results to differ materially from the forward looking
information, including, but not limited to, the following factors: changes in
business strategies and strategic opportunities; general Canadian, U.S.,
Mexican and global social, economic, political, credit and business
conditions; risks associated with agricultural production such as weather
conditions and insect populations; the availability and price of energy
commodities; the effects of competition and pricing pressures, including
competition from other rail carriers, trucking companies and maritime shippers
in Canada, the U.S. and Mexico; North American and global economic growth and
conditions; industry capacity; shifts in market demand; changes in commodity
prices and commodity demand; uncertainty surrounding timing and volumes of
commodities being shipped via CPKC; inflation; geopolitical instability;
changes in laws, regulations and government policies, including regulation of
rates; changes in taxes and tax rates; potential increases in maintenance and
operating costs; changes in fuel prices; disruption in fuel supplies;
uncertainties of investigations, proceedings or other types of claims and
litigation; compliance with environmental regulations; labour disputes;
changes in labour costs and labour difficulties; risks and liabilities arising
from derailments; transportation of dangerous goods; timing of completion of
capital and maintenance projects; sufficiency of budgeted capital expenditures
in carrying out business plans; services and infrastructure; the satisfaction
by third parties of their obligations; currency and interest rate
fluctuations; exchange rates; effects of changes in market conditions and
discount rates on the financial position of pension plans and investments;
trade restrictions or other changes to international trade arrangements; the
effects of current and future multinational trade agreements on the level of
trade among Canada, the U.S. and Mexico; climate change and the market and
regulatory responses to climate change; anticipated in-service dates; success
of hedging activities; operational performance and reliability; customer,
regulatory and other stakeholder approvals and support; regulatory and
legislative decisions and actions; the adverse impact of any termination or
revocation by the Mexican government of Kansas City Southern de México, S.A.
de C.V.'s Concession; public opinion; various events that could disrupt
operations, including severe weather, such as droughts, floods, avalanches and
earthquakes, and cybersecurity attacks, as well as security threats and
governmental response to them, and technological changes; acts of terrorism,
war or other acts of violence or crime or risk of such activities; insurance
coverage limitations; material adverse changes in economic and industry
conditions, including the availability of short and long-term financing; the
demand environment for logistics requirements and energy prices, restrictions
imposed by public health authorities or governments, fiscal and monetary
policy responses by governments and financial institutions, and disruptions to
global supply chains; the realization of anticipated benefits and synergies of
the CP-KCS transaction and the timing thereof; the satisfaction of the
conditions imposed by the U.S. Surface Transportation Board in its March 15,
2023 decision; the success of integration plans for KCS; the focus of
management time and attention on the CP-KCS transaction and other disruptions
arising from the CP-KCS integration; estimated future dividends; financial
strength and flexibility; debt and equity market conditions, including the
ability to access capital markets on favourable terms or at all; cost of debt
and equity capital; improvement in data collection and measuring systems;
industry-driven changes to methodologies; and the ability of the management of
CPKC to execute key priorities, including those in connection with the CP-KCS
transaction. The foregoing list of factors is not exhaustive. These and other
factors are detailed from time to time in reports filed by CPKC with
securities regulators in Canada and the United States. Reference should be
made to ""Item 1A - Risk Factors"" and ""Item 7 - Management's Discussion and
Analysis of Financial Condition and Results of Operations - Forward-Looking
Statements"" in CPKC's annual and interim reports on Form 10-K and 10-Q. Any
forward-looking information contained in this presentation is made as of the
date hereof. Except as required by law, CPKC undertakes no obligation to
update publicly or otherwise revise any forward-looking information, or the
foregoing assumptions and risks affecting such forward-looking information,
whether as a result of new information, future events or otherwise.

BASIS OF PRESENTATION & NON-GAAP MEASURES

Basis of presentation

Except where noted, all figures are in millions of Canadian dollars.

Financial information is prepared in accordance with accounting principles
generally accepted in the United States of America (""U.S. GAAP""), unless
otherwise noted.

Financial and operating results described in this presentation, unless the
context indicates otherwise, represent the financial and operating results of
CP for the period from April 1, 2023, through April 13, 2023, during which
time KCS was held in voting trust and accounted for as an equity investment
under the equity method of accounting, and the financial and operating results
of CPKC for the period beginning on April 14, 2023, and ending on December 31,
2023.

Non-GAAP measures

CPKC presents Non-GAAP measures, including Core adjusted combined operating
income, Core adjusted combined operating ratio, Core adjusted combined diluted
earnings per share (EPS), Adjusted combined free cash, and Adjusted combined
net debt to adjusted combined Earnings before interest, taxes, depreciation
and amortization (""EBITDA"") ratio, to provide an additional basis for
evaluating underlying earnings and liquidity trends in CPKC's current periods'
financial results that can be compared with the results of operations in prior
periods. Management believes these Non-GAAP measures facilitate a multi-period
assessment of long-term profitability, including assessing future
profitability.

These Non-GAAP measures have no standardized meaning and are not defined by
U.S. GAAP and, therefore, may not be comparable to similar measures presented
by other companies. The presentation of these Non-GAAP measures is not
intended to be considered in isolation from, as a substitute for, or as
superior to the financial information presented in accordance with U.S. GAAP.

Although CPKC has provided forward-lookingNon-GAAP measures (Core adjusted
combined diluted EPS, Adjusted net debt to adjusted combined EBITDA)
management is unable to reconcile, without unreasonable efforts, the
forward-looking Core adjusted combined diluted EPS to the most comparable U.S.
GAAP measure, due to unknown variables and uncertainty related to future
results. These unknown variables may include unpredictable transactions of
significant value. In recent years, the Company has recognized
acquisition-related costs, the merger termination payment received, KCS' gain
on unwinding of interest rate hedges (net of CP- associated purchase
accounting basis differences and tax), loss on derecognition of CPKC's
previously held equity method investment in KCS, discrete tax items, changes
in the outside basis tax difference between the carrying amount of the
Company's equity investment in KCS and its tax basis of the investment,
settlement of Mexican taxes relating to prior years, changes in income tax
rates, and changes to an uncertain tax item. Acquisition-related costs include
legal, consulting, financing fees, integration costs including third-party
services and system migration, debt exchange transaction costs, community
investments, fair value gain or loss on foreign exchange (""FX"") forward
contracts and interest rate hedges, FX gain on U.S. dollar-denominated cash on
hand from the issuances of long-term debt to fund the KCS acquisition,
restructuring, employee retention and synergy incentive costs, and transaction
and integration costs incurred by KCS which were recognized within Equity
earnings of KCS in the Company's Consolidated Statements of Income. KCS has
also recognized FX gains and losses. These items may not be non-recurring, and
may include items that are settled in cash. Specifically, due to the magnitude
of the acquisition, its significant impact to the Company's business and
complexity of integrating the acquired business and operations, the Company
expects to incur the acquisition-related costs beyond the year of acquisition.
These or other similar, large unforeseen transactions affect diluted EPS but
may be excluded from CPKC's Core adjusted combined diluted EPS. Additionally,
the Canadian-to-U.S. dollar and Mexican peso-to-U.S. dollar exchange rates are
unpredictable and can have a significant impact on CPKC's

reported results but may be excluded from CPKC's Core adjusted combined
diluted EPS.

For further information regarding Non-GAAP measures, including reconciliations
to the most directly comparable GAAP measures, see the Non-GAAP Measures
supplement to the Q4 2023 Earnings Release on our website at
investor.cpkcr.com and on SEDAR+ at www.sedarplus.caunder CPKC's SEDAR+
profile, and the Q4 2023 and Q1 2024 Unaudited Combined Summary of
Supplemental Data on our website at investor.cpkcr.com.

FINANCIAL PERFORMANCE DATA

 ($ in millions of Canadian dollars, except percentages)           2023     2022     
 (1)                                                               (1)      
                                                                                     
 Total revenues, as reported                                       $12,555  $8,814   
                                                                                     
 Combined total revenues (2)                                       $13,909  $13,217  
                                                                                     
 Operating income, as reported                                     $4,388   $3,329   
                                                                                     
 Core adjusted combined operating income (2)                       $5,281   $5,060   
                                                                                     
 Operating ratio, as reported (3)                                  65.0%    62.2%    
                                                                                     
 Core adjusted combined operating ratio (2)                        62.0%    61.7%    
                                                                                     
 Net income attributable to controlling shareholders, as reported  $3,927   $3,517   
                                                                                     
 Core adjusted combined income (2)                                 $3,582   $3,521   
                                                                                     
 Diluted earnings per share, as reported                           $4.21    $3.77    
                                                                                     
 Core adjusted combined diluted earnings per share (2)             $3.84    $3.77    
                                                                                     
1.            Represents combined financial and operating information to
illustrate the estimated effects of the acquisition for the year ended
December 31, 2023, as if the acquisition closed on January 1, 2022. For a full
description and reconciliation see Q4 2023 Unaudited Combined Summary of
Supplemental Data on investor.cpkcr.com          
2.            These measures are Non-GAAP measures, and have no standardized
meanings prescribed by accounting principles generally accepted in the United
States (""GAAP"") and, therefore, may not be comparable to similar measures
presented by other companies. These measures are defined and reconciled in
       Q4 2023 Unaudited Combined Summary of Supplemental Data on our website
at investor.cpkcr.com at investor.cpkcr.com.     
3.            Operating ratio is defined as operating expenses divided by
revenues.
FOUNDED IN PRECISION, BUILT FOR GROWTH,

THE CPKC ADVANTAGE

The CPKC combination has redrawn the North American railroad map and changed
the freight rail industry for the better. Guided by our precision railroading
model, foundations and core values we continue to deliver industry-leading
service. It's a culture of excellence that we adhere to 24/7, 365. Stretching
approximately 20,000 route miles across Canada, the United States and Mexico,
and employing 20,000 railroaders, CPKC provides our customers unparalleled
rail service and network reach to key markets across the continent. While our
playing field has grown, our playbook and commitment to delivering safely and
sustainably for customers and shareholders remains the same.

Welcome to the CPKC Advantage!

2012 - 2016: WE REBUILT THE ENGINE

Streamlined assets

Right-sized resources to optimize our network

Precision railroading

Precision planning and execution to optimize service and control costs

Improved operating performance

Longer, faster trains and less dwell time

Consistent, reliable service

Leveraging our strengths to deliver superior value to our customers

Invested in the network

Upgraded to improve performance and increase capacity

Lowered cost base

Unprecedented margin improvement

Culture of accountability

Railroader attitude:

Do what you said you'll do

Developed the team

Handpicked team.

Best in the business

2017 - 2022: WE LED THE INDUSTRY IN GROWTH

 Diversified book of             Increased capacity           Right culture & team  
 business                        
 Efficiencies and network        
 Balanced portfolio of           Accountable, collaborative,  
 investments mean we have the    
 passionate team of railroaders  
 industries, regions             
 ability to do more              
                                 
 and markets                                                  
                                                              

Value driven

Disciplined approach to valuing service. We won't commoditize ourselves

 Powerful footprint            Resilient performance            Service innovation  Disciplined approach  
 Strong network with shortest  Pursuing the right customers in  
 Operating model performs in   Supply chain collaboration to    
 routes to major centers and   the right lanes to grow our      
 upturns and downturns         enhance our service offering     
 ability to extend reach       business                         
                                                                                    

CPKC: THE NEXT CHAPTER

Unique and unrivaled network

Only North American rail network to connect a continent

Best-in-class team

Proven leadership and experience with deep bench strength

Transformational Merger

Injecting new competition into the rail industry

Capacity to grow

Strategic land holdings in key markets

Environmental benefits

Taking trucks off the road and reducing GHG emissions

Value driven

Same disciplined approach to valuing service, applied to a larger network

Powerful synergies

Leveraging our network to develop new markets and drive profitable growth

Compelling value creation

Using our new network to create shareholder value

SAME PLAYBOOK BIGGER PLAYING FIELD
*            3-countryconnectivity     
*            20,000 track miles          
*            30+ ports & 30+ auto facilities          
*            200+ transloads & 90+ shortlines          
*            Unique, strategic land assets
DIVERSIFIED BOOK OF BUSINESS

A powerful base to drive sustainable growth

 Combined Business Mix (1)  Combined Geographic Distribution ( 1)  
 % of 2023 Freight Revenue  % of 2023 Combined Freight Revenue     
 CAPITAL                                                           

2023 Combined Freight Revenue Variance (1)

% of 2022 Combined Freight Revenue
*              Uniquely positioned with best- in-class service and capacity to
grow       
*              Leveraging our strengths to grow with existing customers and
bring on new business            
*              Stronger margins allow us to compete for new opportunities     
      
*              Continually innovating with long-term partners to help them win
in the marketplace
INVESTMENTS
*              Reinvesting in the business is the first call on cash.         
  
*              Ongoing investments in replacing
depleted assets ensure the long-term

 Bulk                                                                                                                     34%             Global AR   22%  
                                                                                sustainability of our business.           Asia            19%         
 Grain                                                                                                                    20%             
 Coal                                  • Network upgrades (new track, longer    3%                                        
                                                                                7%                                        Europe          
 Potash                                                                         sidings, CTC) drive further productivity                  
                                                                                4%                                                                    
                                                                                and capacity improvements.                Cross-Border    41%         
 Fertilizers & Sulphur                 3%                                       Canada to U.S.                            16%             
                                                                                                                                          
                                       • Rolling stock investments include      12%                                       
 Merchandise                                                                    47%                                       U.S. to Mexico  
                                                                                locomotive modernization programs and     6%              
 Forest Products                                                                6%                                        U.S. to Canada  
                                       Mexico to U.S.                           5%                                        
                                                                                investment in our grain hopper fleet.                     
 Energy, Chemicals & Plastics          20%                                      Canada to Mexico                          1%              
 Metals, Minerals & Consumer Products  13%                                      
 Mexico to Canada                      1%                                       
 Automotive                                                                                                               8%              
                                                                                                                                          
                                                                                                                                          Domestic    37%  
 Intermodal                                                                                                               19%             Intra-U.S.  19%  

Grain

Coal

Potash

Fertilizers & Sulphur

Forest Products

Energy, Chemicals &

Plastics

Metals, Minerals & Consumer Products

Automotive

Intermodal

9%

9%

-3%

9%

4%

5%

12%

30%

-9%

 -15%  -5%  5%  15%  25%  35%  

 Domestic       11%  Intra-Canada  15%  
 International  8%   Intra-Mexico  3%   

Total Change +5% Growth

(1) Represents combined financial information to illustrate the estimated
effects of the acquisition for the year ended December 31, 2023, as if the
acquisition closed on January 1, 2022. For a full description and
reconciliation see Q4 2023 Unaudited Combined Summary of Supplemental Data on
investor.cpkcr.com

Attachments
*           Original Link
(https://s21.q4cdn.com/736796105/files/doc_presentations/2024/Jun/01/cpkc-investor-presentation_final_june-2024.pdf)
        
*           Original Document
(https://docs.publicnow.com/089224A5B65480737A7281DFA21A0183C2CB3DBA)         
*           Permalink
(https://www.publicnow.com/view/089224A5B65480737A7281DFA21A0183C2CB3DBA)
Disclaimer

CPKC - Canadian Pacific Kansas City Limited published this content on 01 June
2024 and is solely responsible for the information contained therein.
Distributed by Public (http://www.publicnow.com), unedited and unaltered, on
01 June 2024 15:20:19 UTC.



(C) Copyright 2024 - CPKC - Canadian Pacific Kansas City Limited",urn:newsml:reuters.com:20240601:nNDLmtBxJ:1
"OTTAWA, June 7 (Reuters) - The Teamsters union said on
Friday that Canadian National Railway and Canadian Pacific
Kansas City had rejected a proposal to stagger negotiations with
both companies by two weeks, which would reduce the economic
disruption from a strike or lock-out.
    ""(Their) rejection of this proposal is a clear indication of
... their unwillingness to negotiate,"" Teamsters Rail Conference
Union President Paul Boucher said in a statement. The two sides
are at an impasse after more than five months of talks on a new
contract.

 (Reporting by David Ljunggren)
 ((david.ljunggren@tr.com; +1 647 480 7891;))",urn:newsml:reuters.com:20240607:nL1N3I51V0:2
"June 11, 2024 - CN has been in negotiation with the TCRC since November 2023
to reach an agreement that is good for both parties. Unfortunately, we are no
closer to a deal. The uncertainty around the timing of a resolution and the
prospect of a labour disruption are hurting CN, our employees, our customers,
and the Canadian economy. The Minister of Labour's request to the Canadian
Industrial Relations Board (CIRB) on the issue of essential services is adding
to this uncertainty.

The TCRC's proposal for staggered negotiations is not a way forward. It does
not resolve the uncertainty. It only prolongs the risk of a labour disruption
over an extended period of time. It is like suffering ""death by a thousand
cuts"" as we say. So, how can we reach a settlement faster, while respecting
both parties' right to advance their position and avoiding negative impacts on
CN railroaders, customers, and the economy? We think binding arbitration is
the answer. Read below for an explanation on what binding arbitration is, what
it's not and why it is, at this point, the right thing to do.

What is binding arbitration?
*       Binding arbitration is a process where both parties empower a mutually
agreed upon independent arbitrator to resolve the impasse in their
negotiations.     
*       Binding arbitration preserves both parties' ability to advocate for
outstanding issues and perspectives.     
*       The neutral arbitrator then sorts through the arguments and renders a
decision. In simple terms, the arbitrator would determine the terms of a
settlement between CN and the TCRC.     
*       Binding arbitration is routinely used in resolving negotiations
disputes and the arbitrator's decision would be final.
What it is not
*       It is not a way to force a position unto a party. Binding arbitration
allows both parties to advocate for their position, just like they would in
bargaining. In fact, the arbitrator's mandate is to ""replicate"" the outcome
that would have been reached in bargaining.
Why binding arbitration?
*       The parties have been negotiating since November 2023 and we are no
closer to a deal.     
*       CN has now made multiple varied offers to the union. The union has
indicated that they will not present any of those offers to employees.     
*       The parties are at an impasse and further meetings are unlikely to
unlock the issues.     
*       The CIRB process is ongoing and no timelines are available at this
time.     
*       Our proposal is to enter into binding arbitration now, before any
further incremental harm is done to customers and the economy, and before any
wages are lost by employees.
Attachments
*           Original Link
(https://www.cn.ca/en/news/2024/06/20240611-tcrc-update)         
*           Permalink
(https://www.publicnow.com/view/FB6FA16D1656F95B369A3FBF90F8A6FEFC68C286)
Disclaimer

CN - Canadian National Railway Company published this content on 11 June 2024
and is solely responsible for the information contained therein. Distributed
by Public (http://www.publicnow.com), unedited and unaltered, on 11 June 2024
17:03:24 UTC.



(C) Copyright 2024 - CN - Canadian National Railway Company",urn:newsml:reuters.com:20240611:nNDL8c5gN9:1
"By Abhinav Parmar
       June 20 (Reuters) - Canadian transportation services
provider Ryder Systems <R.N> said the trucking market should be
able to handle a jump in freight volume in the event of a rail
strike, though it signaled that the cost of shipping may
increase.
    The Canadian industry is on tenterhooks as talks between the
Teamsters union, which represents more than 9,000 workers, and
the country's two largest railroads - Canadian National <CNR.TO>
and Canadian Pacific Kansas City <CP.TO> - drag on over a new
contract.
    Labor Minister Seamus O'Regan in May referred the dispute to
the Canadian Industrial Relations Board (CPKC) ensuring that a
possible walkout does not occur until it issues a decision on
the safety impacts of a strike.
    In a statement to Reuters on Monday, Ryder said it has the
ability to tap into its dedicated transportation service
offering and contract outsourced capacity within its
transportation management group in case of a volume spike.
    ""Should a strike ultimately occur, the industry as a whole
should expect that there would be a capacity shift primarily to
truckload,"" said Kevin Clonch, group director of customer
logistics at Ryder.
    Shippers remain cautious about the cost attached to a
possible shift from railroad to truckload, Ryder said, as
intermodal shipments, which are most desired by shippers because
of its cost effectiveness, could be largely impacted in the
event of a strike.
    Ryder said it has discussed some alternative strategies with
 its customers to still ship intermodal to nearby border
locations where appropriate to mitigate cost impact, and then
ship by truck for the last mile.
    ""Given concerns about service disruptions ... the
uncertainty could cause some shippers to import freight into
U.S. ports instead of Canadian ports,"" Stephens analyst Daniel
Imbro said. 
    Miami-based Ryder provides logistics services throughout the
United States, Mexico, and Canada, managing nearly 260,000
commercial vehicles and operating about 300 warehouses.

 (Reporting by Abhinav Parmar in Bengaluru; Editing by Maju
Samuel)
 ((Abhinav.Parmar@thomsonreuters.com;))",urn:newsml:reuters.com:20240620:nL4N3IG141:1
"(Adds analyst comments in paragraphs 5,6, 8, 12 and 13, details
on UPS trucking asset sales in paragraph 10)
    By Gokul Pisharody, Ananta Agarwal and Lisa Baertlein
       June 26 (Reuters) - FedEx <FDX.N> shares jumped as much
as 15% on Wednesday after the delivery giant reassured investors
with a bullish annual profit forecast and said it is weighing
whether to sell or spin-off its freight trucking business that
one analyst valued at $30 billion.
    On Tuesday, the company projected fiscal 2025 earnings of
$20 to $22 per share - the midpoint of which was slightly above
analysts' estimates. CEO Raj Subramaniam said the company
benefited from combining its air and land-based delivery units,
slashing jobs, shuttering buildings and parking planes, and it
would continue through this fiscal year ending in May 2025.
    FedEx's massive restructuring aims to improve profitability,
which was lagging that of unionized rival United Parcel Service
<UPS.N>, while also girding against competition from
Amazon.com's <AMZN.O> fast-growing logistics service. 
    As the Memphis-based company enters the next phase of its
strategic plan, it is reviewing its FedEx Freight trucking
business referred to as LTL, or less-than-truckload. That
business is the largest in North America. It generated $2.3
billion in revenue and results-boosting margin in the latest
quarter despite a stubborn two-year slump in the U.S. trucking
market.  
    ""The division has quietly grown from the family outcast to
the most profitable division in the portfolio, and with peer
valuations at nearly double that of FedEx,"" Stifel analyst Bruce
Chan said in a client note. 
    ""There's still a lot of wood to chop, but we feel even
better about being on this ride,"" Chan said of FedEx's corporate
makeover.
    Jefferies analyst Stephanie Moore pegged the value of the
Freight business at $30 billion.
    ""We would expect a significant re-rating of valuation higher
should FDX Freight trade as a standalone company or be sold,"" 
BMO Capital Markets analyst Fadi Chamoun said in a client note.
    UPS <UPS.N> sold its freight business to TFI International
<TFI.TO> for $800 million in 2021, before the trucking market
downturn. This week, UPS announced the sale of its Coyote
freight brokerage that matches drivers with loads to RXO <RXO.N>
for just over $1 billion - nearly $800,000 less than it paid to
buy the business about a decade ago. 
               
  
        Fedx's shares touched a session and 52-week high of
$294.75 and were up 14% at midday on Wednesday. Shares of rival
United Parcel Service <UPS.N> were up 2.6%. .
        At the close of trading on Tuesday, FedEx shares had
notched a 12-month gain of 10%, versus the 20% decline for UPS. 
    
    Morgan Stanley analyst Ravi Shanker said Wednesday's share
gain may have been amplified by buying to cover bets that FedEx
shares would fall after Tuesday's earnings announcement.  
    It is likely that the Freight business review is ""driving
short-covering of the stock,"" he said.     
      



    <^^^^^^^^^^^^^^^^^^^^^^^^^^^^^^^^^^^^^^^^^^^^^^^^^^^^^^^^^^^
FedEx earnings per share for the past three fiscal years    https://reut.rs/3RNHnA3
FedEx shares have outperformed those of UPS in the past 12
months    https://reut.rs/4cDieQI
    ^^^^^^^^^^^^^^^^^^^^^^^^^^^^^^^^^^^^^^^^^^^^^^^^^^^^^^^^^^^>
 (Reporting by Gokul Pisharody and Ananta Agarwal in Bengaluru
and Lisa Baertlein in Los Angeles; Editing by Sriraj Kalluvila
and Aurora Ellis)
 ((Lisa.Baertlein@thomsonreuters.com))",urn:newsml:reuters.com:20240626:nL4N3IO0Y9:1
"By Svea Herbst-Bayliss
       July 9 (Reuters) - 
    Hedge fund manager Bill Ackman kicked off fundraising for a
new U.S.-listed closed-end fund on Tuesday, an effort people
familiar with the matter say could bring in as much as $20
billion, more than double his assets under management, some of
that from retail investors.
  
    Last month, Ackman sold 10% of his firm, Pershing Square
Capital Management, which has posted mostly strong double digit
returns since 2019 after a spell of losses.
    The new fund, Pershing Square USA Ltd, will offer lower fees
for investors and quicker access to capital than traditional
hedge funds, regulatory filings show. There will be no
management fee charged for the first year after the fund's
initial public offering and no performance fees ever.
     It will be listed on the New York Stock Exchange and be
available to anyone who can invest in the U.S., including
pension funds, endowments and retail investors. Roughly 80% is
expected to be raised by institutions, with retail investors
making up the rest, a filing made Tuesday shows.    
    Ackman, a heavy user of social media platform X, referenced
the fundraising on Tuesday when he messaged his 1.3 million
followers ""I am going to be busy for the next few weeks.
$PSUS!!""
    Investors, including ones unable to write the
multimillion-dollar checks Wall Street hedge funds traditionally
demand, can pay $50 a share for the new vehicle. At the end of
June, Pershing Square Capital Management oversaw $18.7 billion
in assets, according to a company document. This includes some
$15 billion in assets in Pershing Square Holdings, the 10-year
old closed-end fund listed in Amsterdam and London.
    Ackman built his reputation as an activist investor with
noisy campaigns at companies ranging from railway Canadian
Pacific <CP.TO> to payroll and tax services company ADP <ADP.O>.
He owned stakes in Chipotle Mexican Grill <CMG.N>, Hilton
Worldwide Holdings <HLT.N> and Restaurant Brands International
<QSR.TO> at the end of the first quarter.
    Citigroup, UBS Investment Bank, BofA Securities and
Jefferies are global coordinators and bookrunners for the
initial public offering.
    Ackman's recent string of strong returns -- Pershing Square
Holdings earned 27% last year, 27% in 2021, 70% in 2020 and 58%
in 2019 (It dropped 8.8% in 2022 when the market tumbled) --
follow a reorganization of the firm.
    Taking the advice he usually gives to companies to perform
better personally, Ackman re-engineered the way he invests and
reversed double-digit losses in 2015 and 2016 followed by
smaller declines in 2017 and 2018.

 (Reporting by Svea Herbst-Bayliss in Rhode Island; Editing by
David Gregorio)
 ((svea.herbst@thomsonreuters.com; +617 233 2138; Reuters
Messaging: svea.herbst.thomsonreuters.com@reuters.net))",urn:newsml:reuters.com:20240709:nL1N3J10TK:3
"CPKC ADVANTAGE

INVESTOR PRESENTATION: JULY 2024

TSX/NYSE: CP

BASIS OF PRESENTATION & NON-GAAP MEASURES

Basis of presentation

Except where noted, all figures are in millions of Canadian dollars.

Financial information is prepared in accordance with accounting principles
generally accepted in the United States of America (""U.S. GAAP""), unless
otherwise noted.

Financial and operating results described in this presentation, unless the
context indicates otherwise, represent the financial and operating results of
CP for the period from April 1, 2023, through April 13, 2023, during which
time KCS was held in voting trust and accounted for as an equity investment
under the equity method of accounting, and the financial and operating results
of CPKC for the period beginning on April 14, 2023, and ending on December 31,
2023.

Non-GAAP measures

CPKC presents Non-GAAP measures, including Core adjusted combined operating
income, Core adjusted combined operating ratio, Core adjusted combined diluted
earnings per share (EPS), Adjusted combined free cash, and Adjusted combined
net debt to adjusted combined Earnings before interest, taxes, depreciation
and amortization (""EBITDA"") ratio, to provide an additional basis for
evaluating underlying earnings and liquidity trends in CPKC's current periods'
financial results that can be compared with the results of operations in prior
periods. Management believes these Non-GAAP measures facilitate a multi-period
assessment of long-term profitability, including assessing future
profitability.

These Non-GAAP measures have no standardized meaning and are not defined by
U.S. GAAP and, therefore, may not be comparable to similar measures presented
by other companies. The presentation of these Non-GAAP measures is not
intended to be considered in isolation from, as a substitute for, or as
superior to the financial information presented in accordance with U.S. GAAP.

Although CPKC has provided forward-lookingNon-GAAP measures (Core adjusted
combined diluted EPS, Adjusted net debt to adjusted combined EBITDA)
management is unable to reconcile, without unreasonable efforts, the
forward-looking Core adjusted combined diluted EPS to the most comparable U.S.
GAAP measure, due to unknown variables and uncertainty related to future
results. These unknown variables may include unpredictable transactions of
significant value. In recent years, the Company has recognized
acquisition-related costs, the merger termination payment received, KCS' gain
on unwinding of interest rate hedges (net of CP- associated purchase
accounting basis differences and tax), loss on derecognition of CPKC's
previously held equity method investment in KCS, discrete tax items, changes
in the outside basis tax difference between the carrying amount of the
Company's equity investment in KCS and its tax basis of the investment,
settlement of Mexican taxes relating to prior years, changes in income tax
rates, and changes to an uncertain tax item. Acquisition-related costs include
legal, consulting, financing fees, integration costs including third-party
services and system migration, debt exchange transaction costs, community
investments, fair value gain or loss on foreign exchange (""FX"") forward
contracts and interest rate hedges, FX gain on U.S. dollar-denominated cash on
hand from the issuances of long-term debt to fund the KCS acquisition,
restructuring, employee retention and synergy incentive costs, and transaction
and integration costs incurred by KCS which were recognized within Equity
earnings of KCS in the Company's Consolidated Statements of Income. KCS has
also recognized FX gains and losses. These items may not be non-recurring, and
may include items that are settled in cash. Specifically, due to the magnitude
of the acquisition, its significant impact to the Company's business and
complexity of integrating the acquired business and operations, the Company
expects to incur the acquisition-related costs beyond the year of acquisition.
These or other similar, large unforeseen transactions affect diluted EPS but
may be excluded from CPKC's Core adjusted combined diluted EPS. Additionally,
the Canadian-to-U.S. dollar and Mexican peso-to-U.S. dollar exchange rates are
unpredictable and can have a significant impact on CPKC's

reported results but may be excluded from CPKC's Core adjusted combined
diluted EPS.

For further information regarding Non-GAAP measures, including reconciliations
to the most directly comparable GAAP measures, see the Non-GAAP Measures
supplement to the Q4 2023 Earnings Release on our website at
investor.cpkcr.com and on SEDAR+ at www.sedarplus.caunder CPKC's SEDAR+
profile, and the Q4 2023 and Q1 2024 Unaudited Combined Summary of
Supplemental Data on our website at investor.cpkcr.com.

FINANCIAL PERFORMANCE DATA

 ($ in millions of Canadian dollars, except percentages)           2023     2022     
 (1)                                                               (1)      
                                                                                     
 Total revenues, as reported                                       $12,555  $8,814   
                                                                                     
 Combined total revenues (2)                                       $13,909  $13,217  
                                                                                     
 Operating income, as reported                                     $4,388   $3,329   
                                                                                     
 Core adjusted combined operating income (2)                       $5,281   $5,060   
                                                                                     
 Operating ratio, as reported (3)                                  65.0%    62.2%    
                                                                                     
 Core adjusted combined operating ratio (2)                        62.0%    61.7%    
                                                                                     
 Net income attributable to controlling shareholders, as reported  $3,927   $3,517   
                                                                                     
 Core adjusted combined income (2)                                 $3,582   $3,521   
                                                                                     
 Diluted earnings per share, as reported                           $4.21    $3.77    
                                                                                     
 Core adjusted combined diluted earnings per share (2)             $3.84    $3.77    
                                                                                     
1.            Represents combined financial and operating information to
illustrate the estimated effects of the acquisition for the year ended
December 31, 2023, as if the acquisition closed on January 1, 2022. For a full
description and reconciliation see Q4 2023 Unaudited Combined Summary of
Supplemental Data on investor.cpkcr.com          
2.            These measures are Non-GAAP measures, and have no standardized
meanings prescribed by accounting principles generally accepted in the United
States (""GAAP"") and, therefore, may not be comparable to similar measures
presented by other companies. These measures are defined and reconciled in
       Q4 2023 Unaudited Combined Summary of Supplemental Data on our website
at investor.cpkcr.com at investor.cpkcr.com.     
3.            Operating ratio is defined as operating expenses divided by
revenues.
FOUNDED IN PRECISION, BUILT FOR GROWTH,

THE CPKC ADVANTAGE

The CPKC combination has redrawn the North American railroad map and changed
the freight rail industry for the better. Guided by our precision railroading
model, foundations and core values we continue to deliver industry-leading
service. It's a culture of excellence that we adhere to 24/7, 365. Stretching
approximately 20,000 route miles across Canada, the United States and Mexico,
and employing 20,000 railroaders, CPKC provides our customers unparalleled
rail service and network reach to key markets across the continent. While our
playing field has grown, our playbook and commitment to delivering safely and
sustainably for customers and shareholders remains the same.

Welcome to the CPKC Advantage!

2012 - 2016: WE REBUILT THE ENGINE

Streamlined assets

Right-sized resources to optimize our network

Precision railroading

Precision planning and execution to optimize service and control costs

Improved operating performance

Longer, faster trains and less dwell time

Consistent, reliable service

Leveraging our strengths to deliver superior value to our customers

Invested in the network

Upgraded to improve performance and increase capacity

Lowered cost base

Unprecedented margin improvement

Culture of accountability

Railroader attitude:

Do what you said you'll do

Developed the team

Handpicked team.

Best in the business

2017 - 2022: WE LED THE INDUSTRY IN GROWTH

 Diversified book of             Increased capacity           Right culture & team  
 business                        
 Efficiencies and network        
 Balanced portfolio of           Accountable, collaborative,  
 investments mean we have the    
 passionate team of railroaders  
 industries, regions             
 ability to do more              
                                 
 and markets                                                  
                                                              

Value driven

Disciplined approach to valuing service. We won't commoditize ourselves

Powerful footprint

Strong network with shortest routes to major centers and ability to extend
reach

 Resilient performance        Service innovation             
 Operating model performs in  Supply chain collaboration to  
 upturns and downturns        enhance our service offering   

Disciplined approach

Pursuing the right customers in the right lanes to grow our business

CPKC: THE NEXT CHAPTER

Unique and unrivaled network

Only North American rail network to connect a continent

Best-in-class team

Proven leadership and experience with deep bench strength

Transformational Merger

Injecting new competition into the rail industry

Capacity to grow

Strategic land holdings in key markets

Environmental benefits

Taking trucks off the road and reducing GHG emissions

Value driven

Same disciplined approach to valuing service, applied to a larger network

Powerful synergies

Leveraging our network to develop new markets and drive profitable growth

Compelling value creation

Using our new network to create shareholder value

SAME PLAYBOOK BIGGER PLAYING FIELD
*            3-countryconnectivity     
*            20,000 track miles          
*            30+ ports & 30+ auto facilities          
*            200+ transloads & 90+ shortlines          
*            Unique, strategic land assets
DIVERSIFIED BOOK OF BUSINESS

A powerful base to drive sustainable growth

 Combined Business Mix (1)  Combined Geographic Distribution ( 1)  
 % of 2023 Freight Revenue  % of 2023 Combined Freight Revenue     
 CAPITAL                                                           

2023 Combined Freight Revenue Variance (1)

% of 2022 Combined Freight Revenue
*              Uniquely positioned with best- in-class service and capacity to
grow       
*              Leveraging our strengths to grow with existing customers and
bring on new business            
*              Stronger margins allow us to compete for new opportunities     
      
*              Continually innovating with long-term partners to help them win
in the marketplace
INVESTMENTS
*              Reinvesting in the business is the first call on cash.         
  
*              Ongoing investments in replacing
depleted assets ensure the long-term

 Bulk                                                                                                                     34%             Global AR   22%  
                                                                                sustainability of our business.           Asia            19%         
 Grain                                                                                                                    20%             
 Coal                                  • Network upgrades (new track, longer    3%                                        
                                                                                7%                                        Europe          
 Potash                                                                         sidings, CTC) drive further productivity                  
                                                                                4%                                                                    
                                                                                and capacity improvements.                Cross-Border    41%         
 Fertilizers & Sulphur                 3%                                       Canada to U.S.                            16%             
                                                                                                                                          
                                       • Rolling stock investments include      12%                                       
 Merchandise                                                                    47%                                       U.S. to Mexico  
                                                                                locomotive modernization programs and     6%              
 Forest Products                                                                6%                                        U.S. to Canada  
                                       Mexico to U.S.                           5%                                        
                                                                                investment in our grain hopper fleet.                     
 Energy, Chemicals & Plastics          20%                                      Canada to Mexico                          1%              
 Metals, Minerals & Consumer Products  13%                                      
 Mexico to Canada                      1%                                       
 Automotive                                                                                                               8%              
                                                                                                                                          
                                                                                                                                          Domestic    37%  
 Intermodal                                                                                                               19%             Intra-U.S.  19%  

Grain

Coal

Potash

Fertilizers & Sulphur

Forest Products

Energy, Chemicals &

Plastics

Metals, Minerals & Consumer Products

Automotive

Intermodal

9%

9%

-3%

9%

4%

5%

12%

30%

-9%

 -15%  -5%  5%  15%  25%  35%  

 Domestic       11%  Intra-Canada  15%  
 International  8%   Intra-Mexico  3%   

Total Change +5% Growth

(1) Represents combined financial information to illustrate the estimated
effects of the acquisition for the year ended December 31, 2023, as if the
acquisition closed on January 1, 2022. For a full description and
reconciliation see Q4 2023 Unaudited Combined Summary of Supplemental Data on
investor.cpkcr.com

 Attention : This is an excerpt of the original content. To continue reading it, access the original document here (https://docs.publicnow.com/FCEB5F2B3DAF2904761C75CEB5D66C4145D85EAD).  

Attachments
*           Original Link
(https://s21.q4cdn.com/736796105/files/doc_presentations/2024/Jul/10/cpkc-investor-presentation_july-2024_vf.pdf)
        
*           Original Document
(https://docs.publicnow.com/FCEB5F2B3DAF2904761C75CEB5D66C4145D85EAD)         
*           Permalink
(https://www.publicnow.com/view/FCEB5F2B3DAF2904761C75CEB5D66C4145D85EAD)
Disclaimer

CPKC - Canadian Pacific Kansas City Limited published this content on 10 July
2024 and is solely responsible for the information contained therein.
Distributed by Public (http://www.publicnow.com), unedited and unaltered, on
10 July 2024 17:29:06 UTC.



(C) Copyright 2024 - CPKC - Canadian Pacific Kansas City Limited",urn:newsml:reuters.com:20240710:nNDL4JWjZs:1
"* 
      TSX ends down 0.8% at 22,639.57
    

        * 
      Tech sector declines 2.2%
    

        * 
      BoC cuts policy rate to 4.50%
    

        * 
      Bausch Health tumbles 23.1%
    

  
 (Updates at market close)
    By Fergal Smith
       July 24 (Reuters) - Canada's main stock index fell to a
near two-week low on Wednesday as pressure on high-flying
technology shares outweighed support for the market from the
latest Bank of Canada interest rate cut.
    The S&P/TSX composite index <.GSPTSE> ended down 174.18
points, or 0.8%, at 22,639.57, extending its pullback from a
record closing high last week and marking its lowest closing
level since July 11.
    ""It's largely profit taking ... What you've generally been
seeing over the past few weeks is those stocks that have done
the best now doing the worst,"" said Joseph Abramson, co-chief
investment officer at Northland Wealth Management.
    The S&P 500 and Nasdaq slumped to multi-week lows after
Tesla and Alphabet disappointed with lackluster earnings,
prompting investors to question if the Big Tech- and AI-fueled
2024 equity rally was sustainable in the long run.
    The Toronto market's technology sector was down 2.2%, while
heavily weighted financials lost 0.7% and industrials ended 1.3%
lower.
    Canadian National Railway <CNR.TO> shares fell 3.2% after
the company's second-quarter results missed estimates.    
    ""The moves are countertrend in nature because both monetary
and fiscal policy remain supportive of accelerating growth and
earnings,"" Abramson said.
    The Bank of Canada cut its key interest rate by 25 basis
points for the second month in a row, bringing it to 4.5%, and
said more reductions in borrowing costs were likely if inflation
continued to cool in line with forecasts.
    The utilities group, which is dominated by high-dividend
paying stocks which could particularly benefit from lower
interest rates, was one of just two sectors to gain ground,
adding 0.6%.
    Bausch Health Companies Inc <BHC.TO> was the biggest
decliner, tumbling 23.1%, as the company said it was not
considering a bankruptcy or insolvency proceeding of any kind.

 (Reporting by Fergal Smith in Toronto and Nikhil Sharma in
Bengaluru; Editing by Shreya Biswas and Aurora Ellis)
 ((fergal.smith@thomsonreuters.com; +1 647 480 7446))",urn:newsml:reuters.com:20240724:nL4N3JG1U1:3
"(Adds Trudeau convening an emergency meeting in paragraphs
17-18)
    By David Ljunggren and Nia Williams
       July 25 (Reuters) - A raging wildfire has devastated the
western Canadian tourist town of Jasper, potentially destroying
up to 50% of structures, and firefighters were trying Thursday
to save as many buildings as possible, authorities said.
    Jasper is in the middle of mountainous Jasper National Park,
in the province of Alberta. The town and the park, which draw
more than 2 million tourists a year, were evacuated on Monday,
when officials estimated there were up to 10,000 people in the
town and a further 15,000 visitors in the park.
    ""There is no denying that this is the worst nightmare for
any community,"" Alberta premier Danielle Smith told reporters,
while choking back tears. 
    ""We're seeing potentially 30% to 50% structural damage ...
that's going to be a significant rebuild,"" she said, adding the
fire was still out of control.
    Parks Canada said there had been a ""significant loss"" of
buildings inside the town but added it could not give specific
details of the damage, or which areas had been burned and it
urged residents not to return.
    Video from the town showed vehicles and entire blocks burned
to the ground, including a historic Anglican church.
    Jasper resident Eva Korduliakova heard the news that her
home was burning from thousands of kilometers (miles) away on
Thursday morning, while visiting family in the Czech Republic
with her seven-year-old son.
    ""I am a single mum who became homeless and jobless
overnight,"" she wrote in an email. ""Our house is gone. I didn't
get a chance to grab any of my belongings.""
    Jasper Mayor Richard Ireland said the town was beginning to
come to terms with ""the devastating impact"" of the fire.
    ""Last night's wildfires have simply ravaged our small
tight-knit mountain community, the destruction and the loss that
so many of our residents are facing simply defies description,""
he told a press conference, his voice breaking.
 One major concern for responders is if the fire damages the
Trans Mountain oil pipeline, which can carry 890,000 barrels per
day (bpd) of oil from Edmonton to Vancouver.
    ""At this time there is no indication of damage to our
infrastructure, and the pipelines continue to operate safely,""
pipeline operator Trans Mountain said in a statement.
    CN Rail <CNR.TO> said it suspended rail operations through
the town on Wednesday afternoon as the wildfire conditions
worsened.
    The Port of Vancouver, Canada's largest, said it expected to
see delays to the movement of goods through the port in the
coming days due to the events in Jasper.
    The federal government and other cities in Alberta are
sending emergency crews. In addition, a total of 400
firefighters from Mexico, South Africa, Australia and New
Zealand are due to arrive in the coming days.
 
    'WALL OF FLAMES'
    There are currently 176 wildfires burning in Alberta, more
than 50 of which are out of control. Around 10 of those blazes
are close to the border with British Columbia, where there are
423 wildfires burning and dozens of evacuation orders and
alerts.
    Prime Minister Justin Trudeau said on Thursday afternoon he
had convened a meeting of the Incident Response Group to discuss
the Alberta wildfires.
    ""Every federal agency is coordinated, sending resources to
Jasper, deploying evacuations support to the area, and
reinforcing firefighting efforts on the ground,"" Trudeau said in
a post on X.
    The federal government said in April that high temperatures
and tinder-dry forests meant this could be a catastrophic year
for wildfires in Canada.
    The Jasper fire was caused by a lightning strike on Monday
afternoon and fuelled by strong winds, according to Parks
Canada.
    Flames from the blaze rose 100 meters (328 feet) high, and
strong wind gusts on Wednesday afternoon pushed the fire 5 km(3
miles ) in less than 30 minutes, said Alberta Public Safety and
Emergency Services Minister Mike Ellis.
    ""Any firefighter will tell you there's little to nothing you
can do when you have a wall of flames coming at you like that,""
Ellis said.
    Environment Canada is forecasting 10 mm to 20 mm (0.4 to 0.8
inch) of rain for Thursday, which might help firefighters.
    The Jasper Park Lodge, one of the largest hotels in town,
said the fire had reached its grounds. The 400-room residence is
run by Fairmont, a group owned by France's Accor <ACCP.PA>.
    The Jasper fire could be one of the most damaging in Alberta
since a 2016 conflagration that hit the oil town of Fort
McMurray, forcing the evacuation of all 90,000 residents and
destroying 10% of all structures in the city.

 (Reporting by David Ljunggren in Ottawa, Nia Williams in
British Columbia and Anna Mehler Paperny in Toronto; Additional
reporting by Ismail Shakil in Ottawa; Editing by Angus MacSwan,
Aurora Ellis and Sandra Maler)
 ((mailto:david.ljunggren@tr.com; +1 647 480 7891;))",urn:newsml:reuters.com:20240725:nL1N3JH0V2:1
"July 26 (Reuters) - CN Rail <CNR.TO> resumed the
movement of goods through Jasper, Alberta, on Friday morning,
the company said in a statement, following a devastating
wildfire that ripped through the town earlier this week and
forced the railway to suspend operations.
    CN remains in regular contact with officials and is
monitoring weather and fire movements, the company said.

    

 (Reporting by Nia Williams in British Columbia; Editing by Mark
Porter)
 ((nia.williams@thomsonreuters.com; +1 403 531 1624; Reuters
Messaging: nia.williams.thomsonreuters.com@reuters.net))",urn:newsml:reuters.com:20240726:nL1N3JI0VX:1
"(Adds comments from mayor in paragraph 7, business owner in 9
and 10, details on tourism impact in 11)
    By David Ljunggren and Anna Mehler Paperny
       July 26 (Reuters) - A massive wildfire that destroyed
about a third of the western Canadian tourist town of Jasper is
still out of control but rain and cooler conditions are helping
firefighters, authorities said on Friday.
    Jasper, located in the middle of Alberta's picturesque
Jasper National Park, is a major tourist destination. The town
and park, which draw more than 2 million tourists a year to this
area of the Rocky Mountains, were evacuated on Monday.
    ""Rain and cooler temperatures and the incredibly hard work
of firefighters have resulted in fire activity that is
significantly subdued,"" said Alberta premier Danielle Smith.
    ""It is important to note that the fire is still out of
control, and it remains unsafe for people to return,"" she told a
press conference.
    Parks Canada said between 10 mm and 15 mm (0.39 and 0.59
inch) of rain had fallen on Thursday and would most likely keep
fire behavior low until into the weekend.
    Jasper town council said that out of a total of 1,113
structures in the town, 358 - or over 32% - had been destroyed.
    ""It's going to be difficult. The pain that will be felt
almost defies description. It is beyond comprehension,"" said
Jasper Mayor Richard Ireland.
    Residents and business owners have been combing through
images that have begun to emerge from the town to assess the
extent of the devastation. 
    Brett Ireland, who co-owns the Jasper Brew Pub is anxious to
get back and assess the damage to his business. He thinks it is
still standing, but does not know the extent of the water and
smoke damage. Ireland knows the building next door burned and
that his parents' house is gone.
    ""It's actually mind-blowing how bad it is,"" Ireland said.
    Some estimate that the cleanup and rebuild could take years,
and fear that severe wildfire seasons are increasingly hurting
western Canada's lucrative tourism industry that is responsible
for bringing in billions of dollars in revenue each year.  
    
    RAIL TRAFFIC RESUMES
    CN Rail, one of the country's two largest rail companies,
resumed the movement of goods through Jasper National Park on
Friday after the fire forced it to suspend operations.
    CN remains in regular contact with officials and is
monitoring weather and fire movements, it said in a statement.
    Officials estimated that when the evacuation order was
given, there were up to 10,000 people in the town and a further
15,000 visitors in the park.
    Late on Thursday, authorities said crews had managed to
protect all of Jasper's critical infrastructure, including the
hospital, schools and a wastewater treatment plant.
    The blaze however, has damaged a number of bridges around
the town and in the park, they added.
    The Jasper Park Lodge, one of the largest hotels in town,
said it had suffered some damage but most structures remained
standing and intact. The 400-room residence is run by Fairmont,
a group owned by France's Accor <ACCP.PA>.
    The Trans Mountain oil pipeline, which can carry 890,000
barrels per day (bpd) of oil from Edmonton to Vancouver, runs
through the park. The operator said on Thursday there were no
signs of damage.
    The federal government said in April that high temperatures
and tinder-dry forests meant this could be a catastrophic year
for wildfires in Canada.
    The current fire could be one of the most damaging in
Alberta since a 2016 blaze that hit the oil town of Fort
McMurray, forcing the evacuation of all 90,000 residents and
destroying 10% of all structures there.

 (Additional reporting by Nia Williams in British Columbia and
Ismail Shakil in Ottawa; Editing by Mark Heinrich, Ros Russell
and Sandra Maler)
 ((david.ljunggren@tr.com; +1 647 480 7891;))",urn:newsml:reuters.com:20240726:nL1N3JI0W9:1
"* 
      TSX ends up 0.9% at 22,814.81
    

        * 
      Posts fifth straight weekly gain
    

        * 
      All 10 major sectors end higher
    

        * 
      Technology sector rises 1.6%
    

  
 (Updates at market close)
    By Fergal Smith
       July 26 (Reuters) - Canada's main stock index notched
broad-based gains on Friday to extend its weekly winning streak,
as investors cheered U.S. inflation data that could clinch the
start of Federal Reserve interest-rate cuts in the coming
months.
    The Toronto Stock Exchange's S&P/TSX composite index
<.GSPTSE> ended up 206.78 points, or 0.9%, at 22,814.81, after
three straight days of declines. For the week, the index was up
0.6%, its fifth-straight weekly incline.    
    ""Markets are rebounding sharply today following the release
of core PCE (price index data) which came in tame,"" said Brandon
Michael, senior investment analyst at ABC Funds.
    Wall Street's major stock indexes also rose as tech megacaps
recovered and the inflation data supported bets that the Fed
would begin cutting interest rates in September.
    ""Market breadth is strong today. There's green across the
board, which is always a great sign,"" Michael said.
    All 10 major sectors gained ground, led by technology, which
climbed 1.6%. Industrials rose 1% and heavily weighted
financials added nearly 1%.
     Bank of Nova Scotia <BNS.TO> said it has resolved a
technical issue that affected thousands of its clients in
Canada, with several complaining about missing paychecks and
other problems. Scotiabank's shares ended 0.7% higher.
    Canadian National Railway Co <CNR.TO>, one of the country's
two largest rail companies, resumed the movement of goods
through Jasper National Park after a major wildfire forced it to
suspend operations. Shares of CN Rail were up 1.8%.
    Packaging & containers company Winpak <WPK.TO> was a
standout. Its shares jumped 7.7% after analysts at BMO and CIBC
raised their price targets on the stock.

 (Reporting by Fergal Smith in Toronto and Shubham Batra and
Purvi Agarwal in Bengaluru; Editing by Shreya Biswas, Vijay
Kishore and Rod Nickel)
 ((fergal.smith@thomsonreuters.com; +1 647 480 7446))",urn:newsml:reuters.com:20240726:nL4N3JI1Q1:2
"* 
      TSX down 0.15%, several triggers seen this week
    

        * 
      Week has three major monetary policy decisions 
    

        * 
      Host of heavyweight earnings from U.S., Canada
    

  
 (Updates with market close data, comments)
    By Promit Mukherjee and Shubham  Batra
       July 29 (Reuters) - Canada's main stock index edged
lower on Monday ahead of a busy earnings week and a raft of
central bank data that could set the stage for interest rate
actions in the coming months.
        As of 1700 ET (2100 GMT), the S&P/TSX composite index
<.GSPTSE> was down 35.24 points, or 0.15%, at 22,779.57.
  
        ""It was a little bit of a breather today ahead of a busy
week,"" said Martin Pelletier, senior portfolio manager at
Wellington-Altus Private Counsel, an investment dealer for high
net worth individuals.
  
        Investors will be closely tracking the Federal Reserve's
meeting on Wednesday for signals on when the U.S. central bank
is likely to lower interest rates.
  
        This week the Bank of Japan is likely to weigh a rate
hike, sources have told Reuters, while the Bank of England's
meeting is being watched for signs on when it might ease rates.
  
        Monetary policy will influence the TSX and earnings
could provide further triggers, Pelletier said.
  
        The benchmark index scaled an all-time high in mid-June
as long-term borrowing costs started to come down in Canada and
other major central banks were also expected to reduce rates.
  
        The index logged its fifth weekly gain on Friday, driven
by a deceleration in monthly U.S. inflation. Year-to-date the
index has risen by almost 10%.
  
        Several heavyweight U.S. and Canadian companies report
earnings this week, which could set the course for the TSX in
the coming months, said Elvis Picardo, senior portfolio manager,
iA Private Wealth, a wealth management firm.
  
        ""There are a lot of unloved sectors in Canada like
utilities and telecoms, which are catching up,"" he said, noting
that strong earnings and a robust outlook could boost the TSX
further.
  
        U.S. tech giants Microsoft <MSFT.O>, Meta <META.O>,
Amazon <AMZN.O>, and Apple <AAPL.O> report earnings this week,
along with some major Canadian companies such as BCE <BCE.TO>,
Canadian Natural Resources <CNQ.TO>, Canadian Pacific Kansas
City <CP.TO> and Enbridge <ENB.TO>.
        The latest U.S. jobs report is due on Friday, along with
Canada's gross domestic product for May on Wednesday.
  
        The GDP number would be the first economic report after
the Bank of Canada's rate cut last week. Weaker economic growth
could start building a case for yet another easing in September.
  
        The index's decline was broad-based, with energy
<.SPTTEN> and technology stocks <.SPTTTK> falling the most. 
  

 (Reporting by Promit Mukherjee in Ottawa and Shubham Batra in
Bengaluru; Editing by Maju Samuel, Shreya Biswas and Richard
Chang)
 ((Shubham.Batra@thomsonreuters.com))",urn:newsml:reuters.com:20240729:nL4N3JL1H1:2
"Aug 5 (Reuters) - Teamsters Canada, Canadian National
Railway <CNR.TO> and Canadian Pacific Kansas City <CP.TO> have
agreed to restart stalled contract negotiations along with
federal mediators, Minister of Labor Steven MacKinnon said on
Monday.
    ""The meetings were frank, constructive discussions that
reflected the gravity of the situation before Canada's railways,
workforce and entire economy,"" MacKinnon said in a statement,
posted on X, after a discussion with the leadership of the union
and the rail companies. 
    The goal of the meeting was to discuss increasing the pace
and frequency of discussions at both companies, which had slowed
down after the federal government temporarily suspended workers'
right to strike, Teamsters Canada said in a separate statement.
    All parties would meet again on Wednesday in Montreal and
Calgary, the union added. 
    In May, workers represented by the Teamsters union had voted
overwhelmingly to strike. 
    ""A work stoppage can be avoided, provided both companies are
willing to return with fair and equitable proposals,"" Teamsters
Canada said.
    Canada relies heavily on its extensive railway network,
given its expansive geography and significant exports such as
grain, potash and coal.

 (Reporting by Aishwarya Jain in Bengaluru; Editing by Pooja
Desai)
 ((Aishwarya.Jain@thomsonreuters.com;))",urn:newsml:reuters.com:20240805:nL4N3JS28I:2
"CPKC ADVANTAGE

Investor Presentation: August 2024

TSX/NYSE: CP

BASIS OF PRESENTATION & NON-GAAP MEASURES

Basis of presentation

Except where noted, all figures are in millions of Canadian dollars.

Financial information is prepared in accordance with accounting principles
generally accepted in the United States of America (""U.S. GAAP""), unless
otherwise noted.

Financial and operating results described in this presentation, unless the
context indicates otherwise, represent the financial and operating results of
CP for the period from April 1, 2023, through April 13, 2023, during which
time KCS was held in voting trust and accounted for as an equity investment
under the equity method of accounting, and the financial and operating results
of CPKC for the period beginning on April 14, 2023, and ending on December 31,
2023.

Non-GAAP measures

CPKC presents Non-GAAP measures, including Core adjusted combined operating
income, Core adjusted combined operating ratio, Core adjusted combined diluted
earnings per share (EPS), Adjusted combined free cash, and Adjusted combined
net debt to adjusted combined Earnings before interest, taxes, depreciation
and amortization (""EBITDA"") ratio, to provide an additional basis for
evaluating underlying earnings and liquidity trends in CPKC's current periods'
financial results that can be compared with the results of operations in prior
periods. Management believes these Non-GAAP measures facilitate a multi-period
assessment of long-term profitability, including assessing future
profitability.

These Non-GAAP measures have no standardized meaning and are not defined by
U.S. GAAP and, therefore, may not be comparable to similar measures presented
by other companies. The presentation of these Non-GAAP measures is not
intended to be considered in isolation from, as a substitute for, or as
superior to the financial information presented in accordance with U.S. GAAP.

Although CPKC has provided forward-lookingNon-GAAP measures (Core adjusted
combined diluted EPS, Adjusted net debt to adjusted combined EBITDA)
management is unable to reconcile, without unreasonable efforts, the
forward-looking Core adjusted combined diluted EPS to the most comparable U.S.
GAAP measure, due to unknown variables and uncertainty related to future
results. These unknown variables may include unpredictable transactions of
significant value. In recent years, the Company has recognized
acquisition-related costs, the merger termination payment received, KCS' gain
on unwinding of interest rate hedges (net of CP- associated purchase
accounting basis differences and tax), loss on derecognition of CPKC's
previously held equity method investment in KCS, discrete tax items, changes
in the outside basis tax difference between the carrying amount of the
Company's equity investment in KCS and its tax basis of the investment,
settlement of Mexican taxes relating to prior years, changes in income tax
rates, and changes to an uncertain tax item. Acquisition-related costs include
legal, consulting, financing fees, integration costs including third-party
services and system migration, debt exchange transaction costs, community
investments, fair value gain or loss on foreign exchange (""FX"") forward
contracts and interest rate hedges, FX gain on U.S. dollar-denominated cash on
hand from the issuances of long-term debt to fund the KCS acquisition,
restructuring, employee retention and synergy incentive costs, and transaction
and integration costs incurred by KCS which were recognized within Equity
earnings of KCS in the Company's Consolidated Statements of Income. KCS has
also recognized FX gains and losses. These items may not be non-recurring, and
may include items that are settled in cash. Specifically, due to the magnitude
of the acquisition, its significant impact to the Company's business and
complexity of integrating the acquired business and operations, the Company
expects to incur the acquisition-related costs beyond the year of acquisition.
These or other similar, large unforeseen transactions affect diluted EPS but
may be excluded from CPKC's Core adjusted combined diluted EPS. Additionally,
the Canadian-to-U.S. dollar and Mexican peso-to-U.S. dollar exchange rates are
unpredictable and can have a significant impact on CPKC's

reported results but may be excluded from CPKC's Core adjusted combined
diluted EPS.

For further information regarding Non-GAAP measures, including reconciliations
to the most directly comparable GAAP measures, see the Non-GAAP Measures
supplement to the Q4 2023 Earnings Release on our website at
investor.cpkcr.com and on SEDAR+ at www.sedarplus.caunder CPKC's SEDAR+
profile, and the Q4 2023 and Q1 2024 Unaudited Combined Summary of
Supplemental Data on our website at investor.cpkcr.com.

FINANCIAL PERFORMANCE DATA

 ($ in millions of Canadian dollars, except percentages)           2023     2022     
 (1)                                                               (1)      
                                                                                     
 Total revenues, as reported                                       $12,555  $8,814   
                                                                                     
 Combined total revenues (2)                                       $13,909  $13,217  
                                                                                     
 Operating income, as reported                                     $4,388   $3,329   
                                                                                     
 Core adjusted combined operating income (2)                       $5,281   $5,060   
                                                                                     
 Operating ratio, as reported (3)                                  65.0%    62.2%    
                                                                                     
 Core adjusted combined operating ratio (2)                        62.0%    61.7%    
                                                                                     
 Net income attributable to controlling shareholders, as reported  $3,927   $3,517   
                                                                                     
 Core adjusted combined income (2)                                 $3,582   $3,521   
                                                                                     
 Diluted earnings per share, as reported                           $4.21    $3.77    
                                                                                     
 Core adjusted combined diluted earnings per share (2)             $3.84    $3.77    
                                                                                     
1.            Represents combined financial and operating information to
illustrate the estimated effects of the acquisition for the year ended
December 31, 2023, as if the acquisition closed on January 1, 2022. For a full
description and reconciliation see Q4 2023 Unaudited Combined Summary of
Supplemental Data on investor.cpkcr.com          
2.            These measures are Non-GAAP measures, and have no standardized
meanings prescribed by accounting principles generally accepted in the United
States (""GAAP"") and, therefore, may not be comparable to similar measures
presented by other companies. These measures are defined and reconciled in
       Q4 2023 Unaudited Combined Summary of Supplemental Data on our website
at investor.cpkcr.com at investor.cpkcr.com.     
3.            Operating ratio is defined as operating expenses divided by
revenues.
FOUNDED IN PRECISION, BUILT FOR GROWTH,

THE CPKC ADVANTAGE

The CPKC combination has redrawn the North American railroad map and changed
the freight rail industry for the better. Guided by our precision railroading
model, foundations and core values we continue to deliver industry-leading
service. It's a culture of excellence that we adhere to 24/7, 365. Stretching
approximately 20,000 route miles across Canada, the United States and Mexico,
and employing 20,000 railroaders, CPKC provides our customers unparalleled
rail service and network reach to key markets across the continent. While our
playing field has grown, our playbook and commitment to delivering safely and
sustainably for customers and shareholders remains the same.

Welcome to the CPKC Advantage!

2012 - 2016: WE REBUILT THE ENGINE

Streamlined assets

Right-sized resources to optimize our network

Precision railroading

Precision planning and execution to optimize service and control costs

Improved operating performance

Longer, faster trains and less dwell time

Consistent, reliable service

Leveraging our strengths to deliver superior value to our customers

Invested in the network

Upgraded to improve performance and increase capacity

Lowered cost base

Unprecedented margin improvement

Culture of accountability

Railroader attitude:

Do what you said you'll do

Developed the team

Handpicked team.

Best in the business

2017 - 2022: WE LED THE INDUSTRY IN GROWTH

 Diversified book of             Increased capacity           Right culture & team  
 business                        
 Efficiencies and network        
 Balanced portfolio of           Accountable, collaborative,  
 investments mean we have the    
 passionate team of railroaders  
 industries, regions             
 ability to do more              
                                 
 and markets                                                  
                                                              

Value driven

Disciplined approach to valuing service. We won't commoditize ourselves

 Powerful footprint            Resilient performance            Service innovation  Disciplined approach  
 Strong network with shortest  Pursuing the right customers in  
 Operating model performs in   Supply chain collaboration to    
 routes to major centers and   the right lanes to grow our      
 upturns and downturns         enhance our service offering     
 ability to extend reach       business                         
                                                                                    

CPKC: THE NEXT CHAPTER

Unique and unrivaled network

Only North American rail network to connect a continent

Best-in-class team

Proven leadership and experience with deep bench strength

Transformational Merger

Injecting new competition into the rail industry

Capacity to grow

Strategic land holdings in key markets

Environmental benefits

Taking trucks off the road and reducing GHG emissions

Value driven

Same disciplined approach to valuing service, applied to a larger network

Powerful synergies

Leveraging our network to develop new markets and drive profitable growth

Compelling value creation

Using our new network to create shareholder value

SAME PLAYBOOK BIGGER PLAYING FIELD
*            3-countryconnectivity     
*            20,000 track miles          
*            30+ ports & 30+ auto facilities          
*            200+ transloads & 90+ shortlines          
*            Unique, strategic land assets
DIVERSIFIED BOOK OF BUSINESS

A powerful base to drive sustainable growth

 Combined Business Mix (1)  Combined Geographic Distribution ( 1)  
 % of 2023 Freight Revenue  % of 2023 Combined Freight Revenue     
 CAPITAL                                                           

2023 Combined Freight Revenue Variance (1)

% of 2022 Combined Freight Revenue
*              Uniquely positioned with best- in-class service and capacity to
grow       
*              Leveraging our strengths to grow with existing customers and
bring on new business            
*              Stronger margins allow us to compete for new opportunities     
      
*              Continually innovating with long-term partners to help them win
in the marketplace
INVESTMENTS
*              Reinvesting in the business is the first call on cash.         
  
*              Ongoing investments in replacing
depleted assets ensure the long-term

 Bulk                                                                                                                     34%             Global AR   22%  
                                                                                sustainability of our business.           Asia            19%         
 Grain                                                                                                                    20%             
 Coal                                  • Network upgrades (new track, longer    3%                                        
                                                                                7%                                        Europe          
 Potash                                                                         sidings, CTC) drive further productivity                  
                                                                                4%                                                                    
                                                                                and capacity improvements.                Cross-Border    41%         
 Fertilizers & Sulphur                 3%                                       Canada to U.S.                            16%             
                                                                                                                                          
                                       • Rolling stock investments include      12%                                       
 Merchandise                                                                    47%                                       U.S. to Mexico  
                                                                                locomotive modernization programs and     6%              
 Forest Products                                                                6%                                        U.S. to Canada  
                                       Mexico to U.S.                           5%                                        
                                                                                investment in our grain hopper fleet.                     
 Energy, Chemicals & Plastics          20%                                      Canada to Mexico                          1%              
 Metals, Minerals & Consumer Products  13%                                      
 Mexico to Canada                      1%                                       
 Automotive                                                                                                               8%              
                                                                                                                                          
                                                                                                                                          Domestic    37%  
 Intermodal                                                                                                               19%             Intra-U.S.  19%  

Grain

Coal

Potash

Fertilizers & Sulphur

Forest Products

Energy, Chemicals &

Plastics

Metals, Minerals & Consumer Products

Automotive

Intermodal

9%

9%

-3%

9%

4%

5%

12%

30%

-9%

 -15%  -5%  5%  15%  25%  35%  

 Domestic       11%  Intra-Canada  15%  
 International  8%   Intra-Mexico  3%   

Total Change +5% Growth

(1) Represents combined financial information to illustrate the estimated
effects of the acquisition for the year ended December 31, 2023, as if the
acquisition closed on January 1, 2022. For a full description and
reconciliation see Q4 2023 Unaudited Combined Summary of Supplemental Data on
investor.cpkcr.com

 Attention : This is an excerpt of the original content. To continue reading it, access the original document here (https://docs.publicnow.com/827E92B40E19D908EA408C77CF5FD13A73C2F8CB).  

Attachments
*           Original Link
(https://s21.q4cdn.com/736796105/files/doc_presentations/2024/Aug/01/cpkc-investor-presentation_august-2024_vf.pdf)
        
*           Original Document
(https://docs.publicnow.com/5ABC6394E5FD6ED580772EFB8BB06D18416A46EB)         
*           Permalink
(https://www.publicnow.com/view/5ABC6394E5FD6ED580772EFB8BB06D18416A46EB)
Disclaimer

CPKC - Canadian Pacific Kansas City Limited published this content on 05
August 2024 and is solely responsible for the information contained therein.
Distributed by Public (http://www.publicnow.com), unedited and unaltered, on
05 August 2024 13:56:54 UTC.



(C) Copyright 2024 - CPKC - Canadian Pacific Kansas City Limited",urn:newsml:reuters.com:20240805:nNDL5Bx0d8:1
"August 6, 2024 - On Monday, August 5, CN met with the Minister of Labour,
Steven MacKinnon and Minister of Transport, Pablo Rodriguez to discuss the
impact of a work stoppage on Canadian supply chains. CN reiterated the desire
to reach a negotiated outcome that is good for employees, for the Company, and
for its customers, and reinforced that we have made many offers to the Union
since bargaining started at the end of November 2023.

Negotiations have been on hold since former Minister of Labour Seamus O'Regan,
requested clarity from the Canada Industrial Relations Board (CIRB) regarding
essential services during a work stoppage. The response from the CIRB is
expected by August 9.

Since the beginning of negotiations, CN's goal has always been and continues
to be to negotiate in good faith with the Union to reach a mutually beneficial
agreement that maintains safety and stability for its team, customers, and
North American supply chains. CN has made multiple offers to the TCRC that we
believe address employee issues.

We also believe that a negotiated outcome is best for all involved and are
eager to get back to the bargaining table. CN appreciated the government's
presence at Monday's meeting and we look forward to resuming negotiations with
the TCRC on Wednesday, August 7.

Attachments
*           Original Link
(https://www.cn.ca/en/news/2024/08/20240806-tcrc-update)         
*           Permalink
(https://www.publicnow.com/view/43F8867FC0245168C88853A965299BB13D02C554)
Disclaimer

CN - Canadian National Railway Company published this content on 06 August
2024 and is solely responsible for the information contained therein.
Distributed by Public (http://www.publicnow.com), unedited and unaltered, on
06 August 2024 22:31:26 UTC.



(C) Copyright 2024 - CN - Canadian National Railway Company",urn:newsml:reuters.com:20240806:nNDL7ssc41:1
"UPDATE

ACCELERATING

SUSTAINABLE, PROFITABLE GROWTH

2 02 4 I N V E S TO R FAC T B O O K

MOVING FORWARD TOGETHER

CN powers the economy by safely transporting more than 300 million tons of
natural resources, manufactured products, and finished goods throughout North
America every year for its customers. With its 18,800-mile rail network and
related transportation services, CN connects Canada's Eastern and Western
coasts with the U.S. Midwest and the Gulf of Mexico, contributing to
sustainable trade and the prosperity of the communities in which it operates
since 1919.

As used herein, ""Company"" or ""CN"" refers to Canadian National Railway Company
and, as the context requires, its wholly owned subsidiaries.

FORWARD-LOOKING STATEMENTS

Certain statements included in the CN 2024 Investor Fact Book Update
constitute ""forward-looking statements"" within the meaning of the United
States Private Securities Litigation Reform Act of 1995 and under Canadian
securities laws, including statements based on management's assessment and
assumptions and publicly available information with respect to CN. This
forward-looking information also includes, but is not limited to, statements
with respect to CN's operations, business and revenue growth opportunities,
including those referring to general economic and business conditions; and
statements relating to our environmental, social and governance (ESG)
strategies and targets, including our climate goals and sustainability
commitments. By their nature, forward-looking statements involve risks,
uncertainties and assumptions. CN cautions that its assumptions may not
materialize and that current economic conditions render such assumptions,
although reasonable at the time they were made, subject to greater
uncertainty. Forward-looking statements may be identified by the use of
terminology such as ""believes,"" ""expects,"" ""anticipates,"" ""assumes,""
""outlook,"" ""plans,"" ""targets"" or other similar words.

2024-2026            Key Assumptions: CN has made a number of economic and
market assumptions in preparing its three-year financial perspective. CN
assumes that the North American industrial production will increase by at
least two percent CAGR over the 2024 to 2026 period. CN assumes continued
pricing above rail inflation. CN assumes that the value of the Canadian dollar
in U.S. currency will be approximately $0.75 and that the average price of
crude oil (West Texas Intermediate) will be approximately US$80 per barrel
during this period.

Forward-looking statements are not guarantees of future performance and
involve risks, uncertainties and other factors, which may cause actual
results, performance or achievements of CN to be materially different from the
outlook or any future results, performance or achievements implied by such
statements. Accordingly, readers are advised not to place undue reliance on
forward-looking statements. Important risk factors that could affect the
forward-looking statements include, but are not

Contents

 |                                         &nbsp;       
 1     OVERVIEW                            &nbsp;       
 Delivering Value for Our Shareholders     02      
 Competitive Strengths                     04      
 Demonstrating the Power of Our Plan       06      
 Financial and Operating Measures          08      
 |                                         &nbsp;       
 2     MARKETS                             &nbsp;       
 Market Overview                           10      
 Intermodal                                12      
 Forest Products                           14      
 Metals and Minerals                       16      
 Grain and Fertilizers                     18      
 Coal                                      20      
 Petroleum and Chemicals                   22      
 Automotive                                24      
 |                                         &nbsp;       
 3    FINANCIALS                           &nbsp;       
 Financial Overview                        26      
 Quarterly Consolidated                    27      
 Statements of Income                      &nbsp;       
 Quarterly Consolidated Balance Sheets     28      
 Quarterly Consolidated                    29      
 Statements of Cash Flows                  &nbsp;       
 Quarterly Financial and Statistical Data  31      
 Non-GAAP Measures                         32      
 Shareholder and Investor Information      40      

LEARN MORE

limited to, general economic and business conditions including factors
impacting global supply chains such as pandemics and geopolitical conflicts
and tensions; the business opportunities referred to in the 2024 Investor Fact
Book Update not fully materializing; industry competition; inflation, currency
and interest rate fluctuations; changes in fuel prices; legislative and/or
regulatory developments; compliance with environmental laws and regulations;
actions by regulators; increases in maintenance and operating costs; security
threats; reliance on technology and related cybersecurity risk; trade
restrictions or other changes to international trade arrangements;
transportation of hazardous materials; various events that could disrupt
operations, including illegal blockades of rail networks and natural events
such as severe weather, droughts, fires, floods and earthquakes; climate
change; labor negotiations and disruptions; environmental claims;
uncertainties of investigations, proceedings and other types of claims and
litigation; risks and liabilities arising from derailments; timing and
completion of capital programs; the availability of and cost competitiveness
of renewable fuels and the development of new locomotive propulsion
technology; reputational risks; supplier concentration; pension funding
requirements and volatility; and other risks detailed from time to time in
reports filed by CN with securities regulators in Canada and the United
States. Reference should also be made to ""Management's Discussion and
Analysis"" in CN's annual and interim reports, Annual Information Form and Form
40-F, filed with Canadian and U.S. securities regulators and available on CN's
website (www.cn.ca) for a description of major risk factors relating to CN.

Forward-looking statements reflect information as of the date on which they
are made. CN assumes no obligation to update or revise forward-looking
statements to reflect future events, changes in circumstances, or changes in
beliefs, unless required by applicable securities laws. In the event CN does
update any forward-looking statement, no inference should be made that CN will
make additional updates with respect to that statement, related matters, or
any other forward-looking statement. Information contained on, or accessible
through, our website is not incorporated by reference into the 2024 Investor
Fact Book Update.

TICKER SYMBOLS

CNR: Toronto Stock Exchange

CNI: New York Stock Exchange

Except where otherwise indicated, all financial information reflected in this
document is presented as at December 31, 2023 or for the applicable year ended
on December 31, and is expressed in Canadian dollars and determined on the
basis of United States generally accepted accounting principles (GAAP).

PICTURED:

(ABOVE): Snaring, AB. Photo by CN Employee Tim Stevens

(COVER): Alexis Vezina, Conductor, Joffre, QC Chyle Christie, Mechanical
Supervisor, Edmonton, AB

ACCELERATING

SUSTAINABLE, PROFITABLE GROWTH

2 02 3 I NVE S TO R FAC T BOO K

This 2024 Investor Fact Book Update includes updated financial and statistical
data and supplements the

2023 complete edition, which is published biennially and contains additional
information about CN's business, strategy, markets, and operations. It is
available at: www.cn.ca/investors/reports-and-archives.

CN  |2024 INVESTOR FACT BOOK UPDATE 01

 1       Overview  Overview  Markets  Financials  
 &nbsp;       &nbsp;         &nbsp;         &nbsp;        &nbsp;           

DELIVERING VALUE

FOR OUR SHAREHOLDERS

2023 Highlights

 TOTAL REVENUES            DILUTED EARNINGS PER SHARE  ADJUSTED DILUTED EPS (1)           
 &nbsp;                         (EPS)                       &nbsp;                                  
 $ 16.8 B                  $ 8.53                      $ 7.28                             
 FREE CASH FLOW   (1)      OPERATING RATIO  (2)        ADJUSTED RETURN ON                 
 &nbsp;                         &nbsp;                           INVESTED CAPITAL (ROIC)   (1)      
 $ 3.9 B                   60.8 %                      14.5 %                             

65%

TOTAL SHARE PRICE RETURN SINCE JANUARY 2019

CN's share price on the TSX (CNR) has increased at a compound annual growth
rate (CAGR) of 13% over the last five years.

CN'S STOCK PERFORMANCE *

(Index: Closing price on December 3•, 20•8 = •00)

 -€€        CNR (TSX)   
 •ˆ‰        CNI (NYSE)  
 S&P 500    
 •‰€        TSX         
 &nbsp;          
 •-‰        &nbsp;           
 •€€        &nbsp;           
 ˆ‰         &nbsp;           

Source: FactSet

‰€

 -€•'      -€-€      -€-•      -€--    -€-ƒ     

* Data extracted on December 31, 2023

SHAREHOLDER DISTRIBUTION ($ millions)

 W Share Repurchases      
 W Dividends          
                        
 &nbsp;                    

         &nbsp;               &nbsp;       &nbsp;       
                         &nbsp;       &nbsp;       
 &nbsp;       &nbsp;       &nbsp;       &nbsp;       
                                         
         &nbsp;       &nbsp;       
                                         

$22B

RETURNED TO SHAREHOLDERS OVER THE LAST FIVE YEARS

CN's strong financial position allowed us to return $6.6 billion to our
shareholders in 2023. With an 8% increase in 2023, we have raised our dividend
every year since our IPO in 1995 at an average CAGR of 10% since 2019.
1.              These non-GAAP measures do not have any standardized meaning
prescribed by GAAP and, therefore, may not be comparable to similar measures
presented by other companies. See section entitled Non-GAAP Measures for an
explanation of these non-GAAP measures.       
2.              Operating ratio is defined as operating expenses as a
percentage of revenues.
02 CN  |2024 INVESTOR FACT BOOK UPDATE

PICTURED:

CN's high-capacity grain cars move through Fitzwilliam, BC, to market. Photo
by CN Employee Tim Stevens

CN  |2024 INVESTOR FACT BOOK UPDATE 03

 1 Overview   Overview Markets  Financials   &nbsp;            &nbsp;                        &nbsp;              &nbsp;        
 &nbsp;            &nbsp;                 &nbsp;            &nbsp;            2023 KEY STATISTICS (1)  &nbsp;              
 COMPETITIVE  &nbsp;                 &nbsp;            18,800       5.4 M                    >300 M         
 STRENGTHS    &nbsp;                 Hay River    ROUTE MILES  CARLOADS                 TONS OF CARGO  
 &nbsp;            &nbsp;                 &nbsp;            &nbsp;            
 &nbsp;            &nbsp;                 Fort Nelson  &nbsp;            $3.1 B                   $52.7 B        ~25,000  
 &nbsp;            &nbsp;                 &nbsp;            &nbsp;            &nbsp;                        &nbsp;              

 A FAR-REACHING AND DIVERSIFIED BUSINESS                                                                      Prince Rupert                                                    &nbsp;                                           &nbsp;                        &nbsp;              &nbsp;                                               &nbsp;                          &nbsp;                     &nbsp;           &nbsp;              &nbsp;                   &nbsp;                           
 &nbsp;                                                                                                            &nbsp;                                                                Fort McMurray                               CAPITAL INVESTMENTS (2)  ASSETS         &nbsp;                                               EMPLOYEES (end of period)  
 &nbsp;                                                                                                            &nbsp;                                                                &nbsp;                                           &nbsp;                        (1)            As at or for the year ending December 31, 2023  &nbsp;                          &nbsp;                     &nbsp;           &nbsp;              
 CN is an engine of North American economic growth and prosperity. We deliver reliable, efficient and         Prince George                                                    &nbsp;                                           &nbsp;                        &nbsp;              &nbsp;                                               &nbsp;                          &nbsp;                     
 &nbsp;                                                                                                            &nbsp;                                                                (2) Net of amounts reimbursed by customers  &nbsp;                        &nbsp;              &nbsp;                                               &nbsp;                          
 &nbsp;                                                                                                            &nbsp;                                                                &nbsp;                                           &nbsp;                        &nbsp;              &nbsp;                                               &nbsp;                          &nbsp;                     &nbsp;           
 cost-effective transportation services with a focus on service, productivity and safety. CN's role as a key  &nbsp;                                                                &nbsp;                                           Edmonton                 &nbsp;              &nbsp;                                               &nbsp;                          &nbsp;                     &nbsp;           &nbsp;              &nbsp;                   &nbsp;                           
 &nbsp;                                                                                                            &nbsp;                                                                &nbsp;                                           &nbsp;                        &nbsp;              &nbsp;                                               &nbsp;                          &nbsp;                     &nbsp;           &nbsp;              &nbsp;                   
 participant in end-to-end supply chains aims to generate long-term, profitable growth.                       Kamloops                                                         &nbsp;                                           Saskatoon                &nbsp;              &nbsp;                                               &nbsp;                          &nbsp;                     Sept-Îles   
 &nbsp;                                                                                                            &nbsp;                                                                &nbsp;                                           &nbsp;                        &nbsp;              &nbsp;                                               &nbsp;                          &nbsp;                     &nbsp;           Baie-Comeau    
 &nbsp;                                                                                                            &nbsp;                                                                &nbsp;                                           Calgary                  &nbsp;              &nbsp;                                               &nbsp;                          &nbsp;                     &nbsp;           &nbsp;              &nbsp;                   Matane                      
 &nbsp;                                                                                                            &nbsp;                                                                Vancouver                                   &nbsp;                        &nbsp;              &nbsp;                                               &nbsp;                          &nbsp;                     &nbsp;           &nbsp;              &nbsp;                   
 &nbsp;                                                                                                            &nbsp;                                                                &nbsp;                                           &nbsp;                        &nbsp;              &nbsp;                                               Winnipeg                   &nbsp;                     &nbsp;           &nbsp;              &nbsp;                   Moncton                     
 Advantaged Network                                                                                           Robust Balance Sheet                                             &nbsp;                                           &nbsp;                        &nbsp;              Regina                                          &nbsp;                          &nbsp;                     &nbsp;           &nbsp;              
 &nbsp;                                                                                                            &nbsp;                                                                &nbsp;                                           Thunder Bay              &nbsp;              &nbsp;                                               &nbsp;                          
 CN spans the continent, reaching from coast to coast                                                         CN aims to generate sustainable value for our shareholders.      &nbsp;                                           &nbsp;                        &nbsp;              &nbsp;                                               &nbsp;                          &nbsp;                     Quebec      Halifax        
 &nbsp;                                                                                                            &nbsp;                                                                &nbsp;                                           &nbsp;                        &nbsp;              &nbsp;                                               &nbsp;                          &nbsp;                     &nbsp;           
 &nbsp;                                                                                                            &nbsp;                                                                &nbsp;                                           &nbsp;                        &nbsp;              &nbsp;                                               &nbsp;                          &nbsp;                     Sault       Montreal       Saint John          
 to coast. Our network was built through key acquisitions                                                     Our first use of cash is to reinvest in the business to help     &nbsp;                                           &nbsp;                        &nbsp;              &nbsp;                                               &nbsp;                          &nbsp;                     &nbsp;           &nbsp;              
 &nbsp;                                                                                                            &nbsp;                                                                &nbsp;                                           &nbsp;                        &nbsp;              &nbsp;                                               &nbsp;                          &nbsp;                     Ste. Marie  
 &nbsp;                                                                                                            &nbsp;                                                                &nbsp;                                           &nbsp;                        &nbsp;              Duluth                                          &nbsp;                          &nbsp;                     &nbsp;           &nbsp;              
 across Canada and in the U.S., and includes the former                                                       ensure the safety and efficiency of our network and to           &nbsp;                                           &nbsp;                        &nbsp;              &nbsp;                                               &nbsp;                          &nbsp;                     &nbsp;           &nbsp;              &nbsp;                   Auburn                      
 &nbsp;                                                                                                            &nbsp;                                                                &nbsp;                                           &nbsp;                        &nbsp;              &nbsp;                                               Stevens                    &nbsp;                     &nbsp;           &nbsp;              
 Elgin, Joliet and Eastern Railway (EJ&E) that provides                                                       enable growth. Second, we are focused on maintaining a           &nbsp;                                           &nbsp;                        &nbsp;              &nbsp;                                               &nbsp;                          &nbsp;                     Green       Toronto        &nbsp;                   
 &nbsp;                                                                                                            &nbsp;                                                                &nbsp;                                           &nbsp;                        &nbsp;              Chippewa Falls                                  Point                      &nbsp;                     
 &nbsp;                                                                                                            &nbsp;                                                                &nbsp;                                           &nbsp;                        &nbsp;              &nbsp;                                               &nbsp;                          &nbsp;                     &nbsp;           &nbsp;              &nbsp;                   
 our fluidity advantage around Chicago. CN's exceptional                                                      strong balance sheet with the aim of keeping a stable            &nbsp;                                           &nbsp;                        &nbsp;              &nbsp;                                               &nbsp;                          Minneapolis/St. Paul  &nbsp;           Bay            &nbsp;                   Syracuse                    Worcester           
 &nbsp;                                                                                                            Waukegan                                                         &nbsp;                                           &nbsp;                        Arcadia        Fond                                            Sarnia                     
 &nbsp;                                                                                                            &nbsp;                                                                &nbsp;                                           &nbsp;                        Buffalo        &nbsp;                                               
 footprint provides our customers with optionality that                                                       investor grade and credit rating to facilitate liquidity in the  &nbsp;                                           &nbsp;                        &nbsp;              &nbsp;                                               &nbsp;                          &nbsp;                     du Lac      &nbsp;              &nbsp;                   New London                  
 &nbsp;                                                                                                            &nbsp;                                                                &nbsp;                                           &nbsp;                        &nbsp;              &nbsp;                                               &nbsp;                          Detroit               &nbsp;           
 Leithton                                                                                                     &nbsp;                                                                FASTEST                                     &nbsp;                        &nbsp;              &nbsp;                                               &nbsp;                          &nbsp;                     Conneaut    &nbsp;              
 is of increasing importance in a world of emerging                                                           event of an economic downturn. CN also returns value to          &nbsp;                                           &nbsp;                        &nbsp;              &nbsp;                                               &nbsp;                          &nbsp;                     &nbsp;           &nbsp;              &nbsp;                   
 &nbsp;                                                                                                            &nbsp;                                                                &nbsp;                                           &nbsp;                        &nbsp;              &nbsp;                                               &nbsp;                          Toledo                &nbsp;           
 and shifting trade patterns.                                                                                 shareholders through dividends and share repurchases.            ILLINOIS                                    &nbsp;                        RAIL ROUTE IN  &nbsp;                                               &nbsp;                          &nbsp;                     Chicago     Pittsburgh     &nbsp;                   
 &nbsp;                                                                                                            AND AROUND                                                       &nbsp;                                           &nbsp;                        &nbsp;              &nbsp;                                               &nbsp;                          
 &nbsp;                                                                                                            &nbsp;                                                                &nbsp;                                           &nbsp;                        &nbsp;              &nbsp;                                               &nbsp;                          &nbsp;                     &nbsp;           &nbsp;              
 &nbsp;                                                                                                            &nbsp;                                                                Munger                                      &nbsp;                        CHICAGO        &nbsp;                                               &nbsp;                          &nbsp;                     &nbsp;           &nbsp;              Indianapolis        &nbsp;                           
 Scheduled Railroad                                                                                           Strong Team of Railroaders                                       &nbsp;                                           &nbsp;                        &nbsp;              &nbsp;                                               &nbsp;                          &nbsp;                     Decatur     &nbsp;              &nbsp;                   
 West                                                                                                         &nbsp;                                                                Chicago                                     &nbsp;                        &nbsp;              St. Louis                                       &nbsp;                          &nbsp;                     &nbsp;           &nbsp;              
 &nbsp;                                                                                                            &nbsp;                                                                &nbsp;                                           &nbsp;                        &nbsp;              &nbsp;                                               &nbsp;                          &nbsp;                     &nbsp;           &nbsp;              &nbsp;                   
 CN's focus on scheduled railroading benefits customers                                                       Our team of talented and dedicated railroaders is a key          Chicago                                     &nbsp;                        &nbsp;              &nbsp;                                               &nbsp;                          &nbsp;                     &nbsp;           &nbsp;              &nbsp;                   &nbsp;                           &nbsp;                   
 &nbsp;                                                                                                            &nbsp;                                                                South Chicago                               &nbsp;                        &nbsp;              &nbsp;                                               &nbsp;                          &nbsp;                     &nbsp;           &nbsp;              &nbsp;                   
 and shareholders alike. Disciplined adherence to                                                             strength of our Company. We are evolving our workplace           &nbsp;                                           &nbsp;                        &nbsp;              &nbsp;                                               &nbsp;                          &nbsp;                     &nbsp;           &nbsp;              &nbsp;                   &nbsp;                           
 Chicago                                                                                                      &nbsp;                                                                Gary                                        &nbsp;                        &nbsp;              &nbsp;                                               &nbsp;                          &nbsp;                     &nbsp;           &nbsp;              LEGEND              
 our operating plan allows us to optimize capacity and                                                        culture to be more modern, innovative, inclusive and             &nbsp;                                           &nbsp;                        &nbsp;              &nbsp;                                               &nbsp;                          &nbsp;                     &nbsp;           &nbsp;              
 Outer Belt                                                                                                   Markham                                                          &nbsp;                                           &nbsp;                        &nbsp;              &nbsp;                                               Memphis                    &nbsp;                     &nbsp;           
 drive car velocity and fluidity across the network.                                                          reflective of the future we want for our Company. We are         (former EJ&E)                               Matteson                 &nbsp;              &nbsp;                                               &nbsp;                          &nbsp;                     &nbsp;           CN main lines  
 Griffith                                                                                                     &nbsp;                                                                &nbsp;                                           &nbsp;                        &nbsp;              &nbsp;                                               &nbsp;                          &nbsp;                     
 Joliet                                                                                                       &nbsp;                                                                &nbsp;                                           &nbsp;                        &nbsp;              &nbsp;                                               &nbsp;                          &nbsp;                     &nbsp;           
 This helps us meet our customers' expectations, unlock                                                       investing in the development of our people, attracting           &nbsp;                                           Chic ago                 &nbsp;              &nbsp;                                               &nbsp;                          &nbsp;                     &nbsp;           &nbsp;              &nbsp;                   Secondary and feeder lines  
 &nbsp;                                                                                                            &nbsp;                                                                Heights                                     &nbsp;                        &nbsp;              &nbsp;                                               &nbsp;                          &nbsp;                     &nbsp;           &nbsp;              
 additional capacity, and helps position us for sustainable,                                                  the right talent, and empowering them to act in line with        Goose Lake                                  INDIANA                  &nbsp;              &nbsp;                                               &nbsp;                          Jackson               &nbsp;           &nbsp;              Shortline partners  
 &nbsp;                                                                                                            &nbsp;                                                                &nbsp;                                           &nbsp;                        &nbsp;              &nbsp;                                               &nbsp;                          &nbsp;                     
 profitable growth.                                                                                           our values and strategic priorities.                             &nbsp;                                           &nbsp;                        &nbsp;              &nbsp;                                               &nbsp;                          &nbsp;                     &nbsp;           &nbsp;              Mobile              &nbsp;                           Ports served by CN  
 &nbsp;                                                                                                            &nbsp;                                                                &nbsp;                                           &nbsp;                        &nbsp;              &nbsp;                                               &nbsp;                          Baton Rouge           &nbsp;           &nbsp;              &nbsp;                   &nbsp;                           
 &nbsp;                                                                                                            &nbsp;                                                                &nbsp;                                           &nbsp;                        &nbsp;              &nbsp;                                               &nbsp;                          &nbsp;                     Pascagoula  &nbsp;              &nbsp;                   
 &nbsp;                                                                                                            &nbsp;                                                                &nbsp;                                           &nbsp;                        &nbsp;              &nbsp;                                               &nbsp;                          &nbsp;                     &nbsp;           &nbsp;              &nbsp;                   
 &nbsp;                                                                                                            &nbsp;                                                                &nbsp;                                           &nbsp;                        &nbsp;              &nbsp;                                               &nbsp;                          New Orleans Gulfport  &nbsp;           &nbsp;              

 Broad Geographic Exposure    Balanced and Diverse Portfolio  Disciplined Capital Investment         Decoupling Carbon Emissions from Growth              
 REVENUES BY GEOGRAPHIC FLOW  REVENUES BY COMMODITY GROUP     CAPITAL INVESTMENTS VS. ADJUSTED ROIC  CARBON EMISSIONS INTENSITY VS. GROSS TON MILES GTMs  
 (% of freight revenues)      (% of total revenues)           &nbsp;                                      &nbsp;                                                    &nbsp;       &nbsp;       Capital Investments ($ millions)          &nbsp;       &nbsp;       &nbsp;       &nbsp;       Locomotive Emissions Intensity (Tonnes CO₂e/Million GTMs)    
 &nbsp;                            &nbsp;                               &nbsp;                                      &nbsp;                                                    &nbsp;       &nbsp;       &nbsp;                                         
 &nbsp;                            &nbsp;                               &nbsp;                                      &nbsp;                                                    &nbsp;       &nbsp;       Adjusted Return on Invested Capital (%)*  &nbsp;       &nbsp;       &nbsp;       &nbsp;       Gross Ton Miles (Billions)                                   
 &nbsp;                            &nbsp;                               &nbsp;                                      &nbsp;                                                    &nbsp;       &nbsp;       &nbsp;                                         &nbsp;       &nbsp;       

 W % Overseas            W % Intermodal               ••          &nbsp;             &nbsp;           &nbsp;       &nbsp;       &nbsp;                  &nbsp;                                                          &nbsp;           
 &nbsp;                       &nbsp;                            &nbsp;           &nbsp;             &nbsp;           &nbsp;       &nbsp;       &nbsp;          &nbsp;       &nbsp;                                                  
 W % Transborder         W % Petroleum and chemicals  &nbsp;           &nbsp;             &nbsp;           &nbsp;       &nbsp;       &nbsp;          &nbsp;       45 %                                               &nbsp;       &nbsp;           
 W 8% Canadian domestic  W % Grain and fertilizers    &nbsp;           •             •           &nbsp;               GTMs                                                                  &nbsp;       
 W % U.S. domestic       W % Forest products          &nbsp;           ••            &nbsp;           &nbsp;       &nbsp;       GTMs       
 &nbsp;                       W % Automotive               &nbsp;           &nbsp;             &nbsp;           &nbsp;       &nbsp;       e/Million  &nbsp;       &nbsp;                                                  &nbsp;       
 &nbsp;                       W % Metals and minerals      &nbsp;           &nbsp;             &nbsp;           &nbsp;       &nbsp;       COTonnes           reduction since 1993                                       (Billions)  
 &nbsp;                       W % Coal                     &nbsp;           COVID impact  &nbsp;           &nbsp;       &nbsp;       &nbsp;          &nbsp;       
 &nbsp;                       &nbsp;                            •••%        &nbsp;             2           &nbsp;       &nbsp;       &nbsp;          &nbsp;       
 &nbsp;                       ••%                          &nbsp;           &nbsp;             •••%        &nbsp;               &nbsp;                  &nbsp;                                                  
 &nbsp;                       W % Other revenues           &nbsp;           ••%           &nbsp;           &nbsp;       &nbsp;       &nbsp;          
 &nbsp;                       &nbsp;                            •%          &nbsp;             &nbsp;           &nbsp;       &nbsp;       &nbsp;          &nbsp;       
 &nbsp;                       &nbsp;                            &nbsp;           &nbsp;             &nbsp;           &nbsp;       &nbsp;       &nbsp;          &nbsp;       &nbsp;                                                  &nbsp;       
 &nbsp;                       &nbsp;                            &nbsp;           &nbsp;             &nbsp;           &nbsp;       &nbsp;       &nbsp;                  &nbsp;                                                          &nbsp;           
 &nbsp;                       &nbsp;                            &nbsp;           &nbsp;             &nbsp;           &nbsp;       &nbsp;       &nbsp;                  &nbsp;                                                          &nbsp;           
 &nbsp;                       &nbsp;                            ••          ••            •           •       •       &nbsp;          &nbsp;       • • • • •• • •• • • • •                            &nbsp;       &nbsp;           

 CN's freight revenues are derived from seven main commodity groups representing a diversified and balanced portfolio of goods transported between  CN has a strong track record of capital investment. Over the past                    Since 1993, CN has reduced locomotive emissions intensity by 45%,  &nbsp;       
 a wide range of origins and destinations. This product and geographic diversity better position the Company to face economic fluctuations and      five years we have invested over $15.5 billion to improve network                    while continuing to grow our volumes and consuming approximately   &nbsp;       
 enhance its potential for growth opportunities.                                                                                                    safety and fluidity and enable growth.                                               15% less fuel per gross ton mile than the industry average.        &nbsp;       
 &nbsp;                                                                                                                                                  * See section titled Non-GAAP Measures for an explanation of this non-GAAP measure.  &nbsp;                                                                  &nbsp;       
 04 CN   | 2024 INVESTOR FACT BOOK UPDATE                                                                                                           &nbsp;                                                                                    CN   | 2024 INVESTOR FACT BOOK UPDATE                              05      

 1       Overview  Overview  Markets  Financials  
 &nbsp;       &nbsp;         &nbsp;         &nbsp;        &nbsp;           

DEMONSTRATING

THE POWER OF OUR PLAN

CN'S SCHEDULED OPERATING MODEL

Our disciplined approach to scheduled railroading - ""Make the Plan, Run the
Plan, Sell the Plan"" - is driving velocity and fluidity across the network,
helping us to meet the expectations of our customers and creating the winning
conditions for sustainable, profitable growth.

Everyone understands their role in the Plan. Network Operations makes a plan
that optimizes volumes for the entire rail network, and Field Operations runs
that plan. Together, they monitor the Plan's effectiveness and make any
necessary adjustments to meet our customers' needs while ensuring the safety
and efficiency of our operations. Our Commercial team sells to our available
capacity, which ensures we are aligned with our ability to deliver, and works
with the Network Operations team to ensure future capacity expansions are
timed to support growth.

PERFORMANCE (2023 vs. 2022)

Run the Plan

FIELD OPERATIONS:

Ensuring consistent execution of the Plan in the field, focusing on safety,
train speed, and dwell time.

Monitoring that trains depart on time and make their scheduled connections
with the correct blocks of cars.

Improving asset velocity, ensuring power and crew utilization, and driving
consistent execution in the field.

Working with Network Operations to identify and resolve network-level issues
and continuously refining the Plan.

Cory Klashinsky, Watchman/Engine Hostler, keeping trains on schedule at
Chappell Yard in Saskatoon, SK.

+9%

CAR VELOCITY

213 miles per day (average)

- 8%

THROUGH DWELL

7.0 hours across all yards

-17%

TRAIN ACCIDENT RATE(1)

1.74 per million train miles

-13%

PERSONAL INJURY RATE (1)

0.96 per 200,000 person-hours

(1) Based on Federal Railroad Administration (FRA) reporting criteria.

06 CN  |2024 INVESTOR FACT BOOK UPDATE

Jeff Anderson, Rail Traffic Controller, Homewood, IL, coordinates safe and
efficient train traffic across our network.

Make the Plan

NETWORK OPERATIONS:

Analyzing network volumes to create an optimal train plan that meets customer
demand.

Assessing train movements, volumes, and performance to adapt to fluctuations
ensures network resiliency.

Optimizing assets such as crews, locomotives, rolling stock, and rail
infrastructure to maximize capacity.

Collaborating with Mechanical and Engineering teams to coordinate projects
while maintaining network fluidity.

Sell the Plan

COMMERCIAL TEAM:

Aligning sales with our available capacity to deliver.

Collaborating with customers to determine the best investments to expand our
network and build capabilities.

Analyzing customer trade flows and growth plans to expand capacity, onboard
new business, and grow the business.

CN's Commercial teams engage with customers at their operations to understand
their business cycles, trade flows and growth plans.

CN  |2024 INVESTOR FACT BOOK UPDATE 07

 1       Overview  Overview  Markets  Financials  
 &nbsp;       &nbsp;         &nbsp;         &nbsp;        &nbsp;           

 FINANCIAL AND       &nbsp;                                                      &nbsp;                                                                                                                                                                                 &nbsp;       &nbsp;                                   &nbsp;                                  &nbsp;       STATISTICAL OPERATING DATA       &nbsp;                                           &nbsp;                                                  &nbsp;       &nbsp;       &nbsp;       
 &nbsp;                   &nbsp;                                                      &nbsp;                                                                                                                                                                                 &nbsp;       &nbsp;                                   &nbsp;                                  &nbsp;       &nbsp;                                &nbsp;                                           Operating Measures (3)                             2019    2020    2021    2022    2023    
 &nbsp;                   &nbsp;                                                      &nbsp;                                                                                                                                                                                 &nbsp;       &nbsp;                                   &nbsp;                                  &nbsp;       &nbsp;                                &nbsp;                                           &nbsp;                                                  
 OPERATING MEASURES  &nbsp;                                                      &nbsp;                                                                                                                                                                                 &nbsp;       &nbsp;                                   Gross ton miles (GTMs) (billions)  482.9   455.4                            458.4                                       463.7                                              452.0   
 &nbsp;                   &nbsp;                                                      &nbsp;                                                                                                                                                                                 &nbsp;       &nbsp;                                   &nbsp;                                  &nbsp;       &nbsp;                                &nbsp;                                           
 &nbsp;                   &nbsp;                                                      &nbsp;                                                                                                                                                                                 &nbsp;       &nbsp;                                   &nbsp;                                  &nbsp;       &nbsp;                                &nbsp;                                           Revenue ton miles (RTMs) (billions)                242.0   230.4   233.1   235.8   232.6   
 &nbsp;                   &nbsp;                                                      &nbsp;                                                                                                                                                                                 &nbsp;       &nbsp;                                   &nbsp;                                  &nbsp;       &nbsp;                                &nbsp;                                           Carloads (thousands)                               5,912   5,595   5,701   5,697   5,436   
 &nbsp;                   Financial Measures                                     &nbsp;                                                                                                                                                                                 &nbsp;       &nbsp;                                   &nbsp;                                  &nbsp;       &nbsp;                                Route miles (includes Canada and the U.S.)  19,500                                             19,500  19,500  18,600  18,800  
 &nbsp;                   2019                                                   2020                                                                                                                                                                              2021    2022                                2023 (1)                           &nbsp;       Employees (end of period)        25,975                                      24,381                                             22,604  23,971  24,987  
 &nbsp;                   &nbsp;                                                      &nbsp;                                                                                                                                                                                 &nbsp;       Employees (average for the period)  26,733                             23,786  24,084                           23,396                                      24,920                                             
 &nbsp;                   KEY FINANCIAL PERFORMANCE INDICATORS                   &nbsp;                                                                                                                                                                                 &nbsp;       &nbsp;                                   &nbsp;                                  &nbsp;       &nbsp;                                &nbsp;                                           &nbsp;                                                  &nbsp;       &nbsp;       &nbsp;       &nbsp;       
 &nbsp;                   &nbsp;                                                      &nbsp;                                                                                                                                                                                 &nbsp;       &nbsp;                                   16,828                             &nbsp;       KEY OPERATING MEASURES           &nbsp;                                           &nbsp;                                                  &nbsp;       &nbsp;       &nbsp;       
 &nbsp;                   Total revenues ($ millions)                            14,917                                                                                                                                                                            13,819  14,477                              17,107                             &nbsp;       Freight revenue per RTM (cents)  5.87                                        5.74                                               5.96    7.03    6.98    
 &nbsp;                   Freight revenues ($ millions)                          14,198                                                                                                                                                                            13,218  13,888                              16,569                             16,236  &nbsp;                                &nbsp;                                           &nbsp;                                                  &nbsp;       &nbsp;       &nbsp;       &nbsp;       
 &nbsp;                   &nbsp;                                                      Freight revenue per carload ($)                                                                                                                                                   2,402   2,362                               2,436                              2,908   2,987                            
 &nbsp;                   Operating income ($ millions)                          5,593                                                                                                                                                                             4,777   5,616                               6,840                              6,597   &nbsp;                                &nbsp;                                           &nbsp;                                                  &nbsp;       &nbsp;       &nbsp;       &nbsp;       
 &nbsp;                   &nbsp;                                                      GTMs per average number of employees (thousands)                                                                                                                                  18,063  19,144                              19,033                             19,820  18,140                           
 &nbsp;                   Adjusted operating income ($ millions) (2)             5,708                                                                                                                                                                             5,263   5,622                               6,862                              6,597   &nbsp;                                &nbsp;                                           &nbsp;                                                  &nbsp;       &nbsp;       &nbsp;       &nbsp;       
 &nbsp;                   &nbsp;                                                      Operating expenses per GTM (cents)                                                                                                                                                1.93    1.99                                1.93                               2.21    2.26                             
 &nbsp;                   Net income ($ millions)                                                                                                                                                                                                                  4,198   3,545                               4,899                              5,118   5,625                            &nbsp;                                           Labor and fringe benefits expense per GTM (cents)  &nbsp;       &nbsp;       &nbsp;       &nbsp;       &nbsp;       
 &nbsp;                   &nbsp;                                                      0.61                                                                                                                                                                              0.60    0.63                                0.63                               0.70    
 &nbsp;                   &nbsp;                                                      &nbsp;                                                                                                                                                                                 &nbsp;       &nbsp;                                   &nbsp;                                  &nbsp;       &nbsp;                                &nbsp;                                           &nbsp;                                                  &nbsp;       &nbsp;       &nbsp;       &nbsp;       
 &nbsp;                   &nbsp;                                                      &nbsp;                                                                                                                                                                                 &nbsp;       &nbsp;                                   &nbsp;                                  &nbsp;       &nbsp;                                &nbsp;                                           &nbsp;                                                  &nbsp;       &nbsp;       &nbsp;       &nbsp;       
 &nbsp;                   Adjusted net income ($ millions) (2)                   4,171                                                                                                                                                                             3,767   4,225                               5,134                              4,800   &nbsp;                                &nbsp;                                           &nbsp;                                                  &nbsp;       &nbsp;       &nbsp;       &nbsp;       
 &nbsp;                   &nbsp;                                                      Diesel fuel consumed (US gallons in millions)                                                                                                                                     451.4   407.5                               405.2                              402.2   395.2                            
 &nbsp;                   Diluted earnings per share ($)                         5.81                                                                                                                                                                              4.97    6.90                                7.44                               8.53    &nbsp;                                &nbsp;                                           &nbsp;                                                  &nbsp;       &nbsp;       &nbsp;       &nbsp;       
 &nbsp;                   &nbsp;                                                      Average fuel price ($/US gallon)                                                                                                                                                  3.17    2.42                                3.28                               5.42    4.62                             
 &nbsp;                   Adjusted diluted earnings per share ($) (2)            5.78                                                                                                                                                                              5.28    5.95                                7.46                               7.28    &nbsp;                                &nbsp;                                           &nbsp;                                                  &nbsp;       &nbsp;       &nbsp;       &nbsp;       
 &nbsp;                   &nbsp;                                                      Fuel efficiency (US gallons of locomotive fuel consumed per 1,000 GTMs)                                                                                                           0.935   0.895                               0.884                              0.867   0.874                            
 &nbsp;                   Free cash flow ($ millions) (2)                        1,992                                                                                                                                                                             3,227   3,296                               4,259                              3,887   &nbsp;                                &nbsp;                                           &nbsp;                                                  &nbsp;       &nbsp;       &nbsp;       &nbsp;       
 &nbsp;                   &nbsp;                                                      OPERATING METRICS                                                                                                                                                                 &nbsp;       &nbsp;                                   &nbsp;                                  &nbsp;       &nbsp;                                
 &nbsp;                   Gross property additions ($ millions)                  4,079                                                                                                                                                                             2,863   2,897                               2,757                              3,217   &nbsp;                                &nbsp;                                           &nbsp;                                                  &nbsp;       &nbsp;       213     
 &nbsp;                   &nbsp;                                                      Car velocity (car miles per day)                                                                                                                                                  194     185                                 195                                196     
 &nbsp;                   Share repurchases ($ millions)                         1,700                                                                                                                                                                             379     1,582                               4,709                              4,551   &nbsp;                                
 &nbsp;                   &nbsp;                                                      Locomotive utilization (trailing GTMs per total horsepower)                                                                                                                       198     196                                 198                                197     191                              
 &nbsp;                   Dividends per share ($)                                2.15                                                                                                                                                                              2.30    2.46                                2.93                               3.16    &nbsp;                                
 &nbsp;                   &nbsp;                                                      Train weight (tons)                                                                                                                                                               9,125   9,501                               9,658                              9,324   9,186                            
 &nbsp;                   FINANCIAL POSITION                                     &nbsp;                                                                                                                                                                                 &nbsp;       &nbsp;                                   &nbsp;                                  &nbsp;       &nbsp;                                
 &nbsp;                   &nbsp;                                                      &nbsp;                                                                                                                                                                                 &nbsp;       &nbsp;                                   &nbsp;                                  &nbsp;       Train length (feet)              8,232                                       8,572                                              8,559   8,160   7,891   
 &nbsp;                   Total assets ($ millions)                              43,784                                                                                                                                                                            44,804  48,538                              50,662                             52,666  &nbsp;                                Through dwell (entire railroad, hours)      7.9                                                8.6     7.9     7.6     7.0     
 &nbsp;                   Total liabilities ($ millions)                         25,743                                                                                                                                                                            25,153  25,794                              29,278                             32,549  &nbsp;                                &nbsp;                                           &nbsp;                                                  &nbsp;       &nbsp;       &nbsp;       &nbsp;       
 &nbsp;                   &nbsp;                                                      Through network train speed (miles per hour)                                                                                                                                      18.5    18.5                                19.2                               18.9    19.8                             
 &nbsp;                   Shareholders' equity ($ millions)                      18,041                                                                                                                                                                            19,651  22,744                              21,384                             20,117  &nbsp;                                &nbsp;                                           &nbsp;                                                  &nbsp;       &nbsp;       &nbsp;       &nbsp;       
 &nbsp;                   &nbsp;                                                      CN ROLLING STOCK                                                                                                                                                                  &nbsp;       &nbsp;                                   &nbsp;                                  &nbsp;       &nbsp;                                
 &nbsp;                   FINANCIAL RATIOS                                       &nbsp;                                                                                                                                                                                 &nbsp;       &nbsp;                                   &nbsp;                                  &nbsp;       &nbsp;                                &nbsp;                                           &nbsp;                                                  &nbsp;       &nbsp;       &nbsp;       2,300   
 &nbsp;                   &nbsp;                                                      &nbsp;                                                                                                                                                                                 &nbsp;       &nbsp;                                   &nbsp;                                  &nbsp;       &nbsp;                                Diesel locomotives (end of period)          2,398                                              2,382   2,302   2,351   
 &nbsp;                   Operating ratio (%)                                    &nbsp;                                                                                                                                                                                 62.5    65.4                                61.2                               60.0    60.8                             &nbsp;                                           Freight cars (end of period)                       64,607  62,857  56,730  56,469  54,155  
 &nbsp;                   Adjusted operating ratio (%) (2)                       61.7                                                                                                                                                                              61.9    61.2                                59.9                               60.8    &nbsp;                                &nbsp;                                           &nbsp;                                                  &nbsp;       &nbsp;       &nbsp;       &nbsp;       
 &nbsp;                   &nbsp;                                                      (3) Statistical operating data, key operating measures, operating metrics and rolling stock information are unaudited and based on estimated data available at such time and are  
 &nbsp;                   Adjusted debt-to-adjusted EBITDA multiple (times) (2)  2.01                                                                                                                                                                              1.98    1.82                                1.86                               2.25    &nbsp;                                
 &nbsp;                   &nbsp;                                                      subject to change as more complete information becomes available. Definitions of these indicators are provided on our website, www.cn.ca/glossary .                               &nbsp;       &nbsp;                                   
 &nbsp;                   Return on invested capital (ROIC) (%) (2)              15.2                                                                                                                                                                              12.7    16.4                                15.8                               16.8    &nbsp;                                &nbsp;                                           &nbsp;                                                  &nbsp;       &nbsp;       &nbsp;       &nbsp;       
 &nbsp;                   Adjusted ROIC (%) (2)                                  &nbsp;                                                                                                                                                                                 15.1    13.3                                14.1                               15.9    14.5                             &nbsp;                                           &nbsp;                                                  &nbsp;       &nbsp;       &nbsp;       &nbsp;       &nbsp;       
1.             Financial data for full years ending on December 31.           
2.             These non-GAAP measures do not have any standardized meaning
prescribed by GAAP and, therefore, may not be comparable to similar measures
presented by other companies. See section entitled Non-GAAP Measures for an
explanation of these non-GAAP measures.
 Financial Highlights  &nbsp;                           &nbsp;                &nbsp;                                       &nbsp;             &nbsp;                    &nbsp;                            Operational Highlights  &nbsp;       &nbsp;       
 TOTAL REVENUES        DILUTED EARNINGS PER SHARE  OPERATING RATIO  FREIGHT REVENUE PER RTM                 CAR VELOCITY  THROUGH DWELL        
 ($ millions)          ($)                         &nbsp;                (%)                                     (cents)       (car miles per day)  (entire railroad, hours)     
 &nbsp;                     &nbsp;                           &nbsp;                Adjusted Diluted Earnings Per Share ()  &nbsp;             &nbsp;                    Adjusted Operating Ratio ()  &nbsp;                       &nbsp;       &nbsp;       
 &nbsp;                     &nbsp;                           &nbsp;                &nbsp;                                       &nbsp;             &nbsp;                    &nbsp;                            

 &nbsp;               &nbsp;       &nbsp;       &nbsp;       &nbsp;                               &nbsp;       &nbsp;       &nbsp;       &nbsp;       &nbsp;       &nbsp;                       &nbsp;       &nbsp;                                                       &nbsp;       &nbsp;       
 &nbsp;       &nbsp;       &nbsp;       &nbsp;       &nbsp;                               &nbsp;       &nbsp;       &nbsp;                       &nbsp;       &nbsp;               &nbsp;       
         &nbsp;       &nbsp;       &nbsp;                       &nbsp;       &nbsp;                               &nbsp;       &nbsp;       &nbsp;       &nbsp;               
 &nbsp;       &nbsp;       &nbsp;       &nbsp;       &nbsp;       &nbsp;       &nbsp;       &nbsp;       &nbsp;       &nbsp;       &nbsp;       &nbsp;       &nbsp;       &nbsp;       &nbsp;       &nbsp;       &nbsp;       &nbsp;       &nbsp;       &nbsp;       
 &nbsp;       &nbsp;               &nbsp;       &nbsp;       &nbsp;       &nbsp;       &nbsp;       &nbsp;       &nbsp;       &nbsp;       &nbsp;       &nbsp;       &nbsp;       &nbsp;       &nbsp;       &nbsp;       &nbsp;       &nbsp;       &nbsp;       &nbsp;       &nbsp;       &nbsp;       &nbsp;       &nbsp;       &nbsp;       &nbsp;       
 &nbsp;       &nbsp;       &nbsp;               &nbsp;       &nbsp;       &nbsp;       &nbsp;       &nbsp;       &nbsp;       &nbsp;       &nbsp;       &nbsp;       &nbsp;       &nbsp;       &nbsp;       &nbsp;       &nbsp;       &nbsp;       &nbsp;       &nbsp;       &nbsp;       &nbsp;       &nbsp;       &nbsp;       &nbsp;       &nbsp;       
                                                                                                                                                                                                                         

 CAGR ( 2023 VS. 2019)  &nbsp;       CAGR ( 2023 VS. 2019)  &nbsp;       VARIANCE ( 2023 VS. 2019)  &nbsp;             CAGR ( 2023 VS. 2019)  &nbsp;       CAGR ( 2023 VS. 2019)  &nbsp;       CAGR ( 2023 VS. 2019)  &nbsp;             
 &nbsp;                      &nbsp;       &nbsp;                      &nbsp;       &nbsp;                          &nbsp;             
 +3.1 %                 &nbsp;       +10.1 %                &nbsp;       -170 BPS                   (Favourable)  +4.4 %                 &nbsp;       +2.4 %                 &nbsp;       -3.0 %                 (Favourable)  

08 CN  |2024 INVESTOR FACT BOOK UPDATE

CN  |2024 INVESTOR FACT BOOK UPDATE 09

 2 Markets  Overview  Markets  Financials  

MARKET

OVERVIEW

GROWING TOGETHER WITH OUR CUSTOMERS

Meeting our customers' needs is at the heart of our drive for operational
excellence. Excluding other revenue, CN's freight revenues are derived from
seven main commodity groups representing a balanced and diversified portfolio
of 180 product types. This diversity helps position CN to better weather
economic fluctuations and enhances our potential for growth. All our business
units collaborate with their customers and supply chain partners to understand
their market cycles and anticipate future demand to unlock long-term,
profitable growth.

A Diversified Portfolio Helps Well-Position Us for Growth

Performance

Summary

 &nbsp;                        &nbsp;       &nbsp;       &nbsp;       &nbsp;       REVENUES         &nbsp;         &nbsp;       &nbsp;       &nbsp;       CARLOADS         
 &nbsp;                        &nbsp;       &nbsp;       &nbsp;       &nbsp;       $                millions  &nbsp;       &nbsp;       &nbsp;       &nbsp;                thousands  
 &nbsp;                        &nbsp;       &nbsp;       &nbsp;       &nbsp;       &nbsp;                %         &nbsp;       &nbsp;       &nbsp;       &nbsp;                &nbsp;          %       
 &nbsp;                        2019    2020    2021    2022    2023 Change (1)  2019      2020    2021    2022    2023 Change (1)  
 Petroleum and chemicals  3,052   2,631   2,816   3,229   3,195            (1%)      688     597     596     636              634        0%      
 Metals and minerals      1,643   1,409   1,548   1,911   2,048            7%        1,008   935     969     956              1,002      5%      
 Forest products          1,808   1,700   1,740   2,006   1,943            (3%)      375     342     339     330              309        (6%)    
 Coal                     658     527     618     937     1,017            9%        335     289     379     503              511        2%      
 Grain and fertilizers    2,392   2,609   2,475   2,783   3,265            17%       619     663     628     614              670        9%      
 Intermodal               3,787   3,751   4,115   4,906   3,823            (22%)     2,618   2,582   2,611   2,450            2,078      (15%)   
 Automotive               858     591     576     797     945              19%       269     187     179     208              232        12%     
 Total rail freight       14,198  13,218  13,888  16,569  16,236           (2%)      5,912   5,595   5,701   5,697            5,436      (5%)    
 Other                    719     601     589     538     592              10%       &nbsp;       &nbsp;       &nbsp;       &nbsp;                &nbsp;          &nbsp;       
 Total                    14,917  13,819  14,477  17,107  16,828           (2%)      &nbsp;       &nbsp;       &nbsp;       &nbsp;                &nbsp;          &nbsp;       

 2023 REVENUES BY COMMODITY GROUP  &nbsp;       &nbsp;              
 (% of total revenues)             3 %     &nbsp;              
 6 %                               14 %    
 REVENUES                          
 &nbsp;                                 OTHER   &nbsp;              
 AUTOMOTIVE                        &nbsp;       INTERNATIONAL  
 &nbsp;                                 &nbsp;       INTERMODAL     

 19 %       &nbsp;         9 %         
 PETROLEUM  &nbsp;         DOMESTIC    
 AND        $16.8B    INTERMODAL  
 CHEMICALS  12 %      
 &nbsp;          
 6 %        TOTAL     
 &nbsp;          REVENUES  &nbsp;           
 COAL       &nbsp;         FOREST      
 &nbsp;          &nbsp;         PRODUCTS    
19%12%
 GRAIN AND    METALS AND  
 FERTILIZERS  MINERALS    

 Intermodal (23%)           Bulk Products (25%)            Automotive (6%)  
 Industrial Products (24%)  Petroleum and Chemicals (19%)  Other (3%)       

10,000+

ORIGIN-DESTINATION PAIRS

Over

85%

OF TRAFFIC ORIGINATES ON CN'S NETWORK AND OVER 65% ORIGINATES AND TERMINATES
ON CN'S NETWORK

7major ports

SERVED ACROSS

NORTH AMERICA

 &nbsp;                        &nbsp;        &nbsp;        &nbsp;        &nbsp;        &nbsp;                RTMs      &nbsp;       &nbsp;       FREIGHT REVENUE PER RTM  
 &nbsp;                        &nbsp;        &nbsp;        &nbsp;        &nbsp;        &nbsp;                millions  &nbsp;       &nbsp;       &nbsp;                        &nbsp;                &nbsp;       cents  
 &nbsp;                        &nbsp;        &nbsp;        &nbsp;        &nbsp;        &nbsp;                %         &nbsp;       &nbsp;       &nbsp;                        &nbsp;                &nbsp;       %      
 &nbsp;                        2019     2020     2021     2022     2023 Change (1)  2019      2020    2021    2022                     2023 Change (1)  
 Petroleum and chemicals  53,989   43,556   42,436   46,273   43,846           (5%)      5.65    6.04    6.64                     6.98             7.29    4%     
 Metals and minerals      25,449   21,561   26,743   27,606   28,444           3%        6.46    6.53    5.79                     6.92             7.20    4%     
 Forest products          27,187   25,602   25,948   25,020   23,141           (8%)      6.65    6.64    6.71                     8.02             8.40    5%     
 Coal                     17,653   16,173   18,471   22,679   22,682           0%        3.73    3.26    3.35                     4.13             4.48    8%     
 Grain and fertilizers    55,597   61,736   58,733   55,359   63,479           15%       4.30    4.23    4.21                     5.03             5.14    2%     
 Intermodal               58,344   59,165   58,412   56,029   47,886           (15%)     6.49    6.34    7.04                     8.76             7.98    (9%)   
 Automotive               3,735    2,597    2,395    2,822    3,136            11%       22.97   22.76   24.05                    28.24            30.13   7%     
 Total                    241,954  230,390  233,138  235,788  232,614          (1%)      5.87    5.74    5.96                     7.03             6.98    (1%)   

(1) % change from 2022 to 2023.

2023 PERFORMANCE TOTALS

 $16.8 B 5.4 M  &nbsp;       233 B     &nbsp;       6.98 cents         &nbsp;       722 miles        
 REVENUES       &nbsp;       CARLOADS  &nbsp;       REVENUE TON MILES  &nbsp;       FREIGHT REVENUE  &nbsp;       AVERAGE LENGTH  
 &nbsp;              &nbsp;       &nbsp;         &nbsp;       (RTMs)             &nbsp;       PER RTM          &nbsp;       OF HAUL         

10 CN  |2024 INVESTOR FACT BOOK UPDATE

CN  |2024 INVESTOR FACT BOOK UPDATE 11

 2       Markets  Overview  Markets  Financials  
 &nbsp;       &nbsp;        &nbsp;         &nbsp;        &nbsp;           

INTERMODAL

GLOBAL CONNECTIVITY - MOVING GOODS ACROSS THE CONTINENT

International Intermodal, one of our largest segments, handles import and
export container traffic in collaboration with ocean carriers. With rail
access to key exclusive ports in Prince Rupert and Halifax, alongside serving
other vital ports including Vancouver, Mobile, New Orleans, and Montreal, we
facilitate seamless global trade connections. Our Domestic Intermodal segment
focuses on transporting consumer products and manufactured goods within and
between Canada, the U.S., and Mexico.

BUSINESS UNIT OVERVIEW AND MARKET DRIVERS

202 COMMODITY BREAKDOWN (% of revenues)

 W % International  $3,823 M       
 W % Domestic       &nbsp;              
 &nbsp;                  2023 REVENUES  

 Prince Rupert  &nbsp;        
 Prince George  &nbsp;        
 Edmonton       &nbsp;        
 Saskatoon      &nbsp;        
 Vancouver      &nbsp;        
 Calgary        Moncton  
 Winnipeg       
 Regina         &nbsp;        

Halifax

 Montreal        Saint John  
 &nbsp;               
 Duluth          &nbsp;           
 Chippewa Falls  &nbsp;           

KEY FACTS
*              Supply chain collaboration agreements with key ports           

*              CargoCool             ®, CN's temperature- controlled
transport business, has one of Canada's largest reefer fleets       
*              With CN-owned TransX and CNTL, one of Canada's largest trucking
companies, CN provides rail and trucking services from the first mile to the
last mile       
*              Full membership in the Equipment Management Pool (EMP)         
  
*              Dedicated customer service desk
 COMMODITIES                                        MARKET DRIVERS                 
 INTERNATIONAL                                      INTERNATIONAL                  
 • Ocean-borne import and export dry and            • North American economic      
 temperature-controlled containerized traffic       and trade conditions           
 DOMESTIC                                           • Global trade patterns        
 &nbsp;                                                  
 • Consumer products for large retailers            DOMESTIC                       
 • Raw materials, manufactured goods and            • North American economy       
 consumer products for wholesale trucking           and consumer spending          
 and logistics clients                              • North American industrial    
 &nbsp;                                                  
 • International to domestic container transload    production                     
 conversion options for shippers                    &nbsp;                              

 &nbsp;                             Arcadia                 &nbsp;                         Toronto                 
 &nbsp;                             &nbsp;                       Detroit                   &nbsp;                       
 &nbsp;                             &nbsp;                       Joliet                    &nbsp;                       
 CN'S INTERMODAL SUPPLY CHAIN  Chicago                 EXPANDING ACCESS THROUGH  
 &nbsp;                             &nbsp;                       &nbsp;                         
 International                 P Intermodal terminals  Indianapolis              INTERLINE PARTNERSHIPS  
 &nbsp;                             
 Domestic                      P Logistics parks       &nbsp;                         &nbsp;                       

 REVENUES      CARLOADS     &nbsp;       RTMs     &nbsp;           FREIGHT REVENUE  
 ($ millions)  (thousands)  &nbsp;       &nbsp;        (millions)  &nbsp;                PER RTM  
 &nbsp;             &nbsp;            &nbsp;       (cents)  
 &nbsp;             &nbsp;            &nbsp;       &nbsp;        &nbsp;           &nbsp;                
                                    &nbsp;                                     &nbsp;          
               &nbsp;                    &nbsp;        &nbsp;           &nbsp;                         
               &nbsp;                    &nbsp;                    &nbsp;                         
               &nbsp;            &nbsp;                
 &nbsp;             &nbsp;            &nbsp;                
 &nbsp;             &nbsp;            &nbsp;       &nbsp;        &nbsp;           &nbsp;                

Intermodal ports served by CN

MEXICO

 Prince     Edmonton   &nbsp;         &nbsp;        
 George     &nbsp;          &nbsp;         &nbsp;        
 &nbsp;          Saskatoon  &nbsp;         &nbsp;        
 Memphis    Calgary    Winnipeg  Moncton  
 Vancouver  &nbsp;          &nbsp;         
 &nbsp;          Regina     &nbsp;         &nbsp;        

 &nbsp;                      &nbsp;                 Duluth        Montreal  Halifax     
 &nbsp;                      CN line           Toronto       &nbsp;         
 Jackson                Chippawa Falls    &nbsp;             
 Shortline partners     &nbsp;                 
 Detroit                &nbsp;                 
 Arcadia                &nbsp;                 
 &nbsp;                      Union Pacific     &nbsp;             
 &nbsp;                      Chicago           Cleveland     New York  
 Mobile                 Ferromex          
 &nbsp;                      &nbsp;                 Philadelphia  
 &nbsp;                      Norfolk Southern  &nbsp;             Columbus  Wilmington  
 &nbsp;                      CSX               &nbsp;             
 &nbsp;                      &nbsp;                 &nbsp;             
 New Orleans            &nbsp;                 &nbsp;             &nbsp;         
 Interline partnership  Kansas City       Cincinnati    &nbsp;         
 &nbsp;                      Indianapolis      &nbsp;             
 &nbsp;                      &nbsp;                 &nbsp;             
 &nbsp;                      destinations      &nbsp;             &nbsp;         &nbsp;           
 &nbsp;                      &nbsp;                 &nbsp;             Atlanta   &nbsp;           

         

CAGR            ( 2023 vs. 2019)

 +0.2 %  -5.6 %  -4.8 %                           +5.3 %  
 &nbsp;       &nbsp;       AVERAGE LENGTH OF HAUL ( 2023 )  1,760   

MEXICO

Monterrey

 miles  

 For more information, please visit  Silao  
 www.cn.ca/our-services/intermodal   
 &nbsp;                                   

12 CN  |2024 INVESTOR FACT BOOK UPDATE

CN  |2024 INVESTOR FACT BOOK UPDATE 13

 2       Markets  Overview  Markets  Financials  
 &nbsp;       &nbsp;        &nbsp;         &nbsp;        &nbsp;           

FOREST PRODUCTS

TAPPING INTO ONE OF CANADA'S MAJOR NATURAL RESOURCES

CN operates North America's largest forest products railcar fleet with
extensive access to Western and Eastern Canadian fibre-rich producing regions.
It is also strategically located to serve both the Midwest and Southern U.S.
corridors with interline connections to other Class I railroads. CN serves the
U.S. housing market by transporting high-quality Canadian lumber, panels and
siding. CN also enables customers to move forest products to offshore markets,
with its direct access to West Coast ports.

BUSINESS UNIT OVERVIEW AND MARKET DRIVERS

202 COMMODITY BREAKDOWN (% of revenues)

 W % Lumber and Panels  $1,943 M       
 W % Pulp and Paper     &nbsp;              &nbsp;       
 &nbsp;                      2023 REVENUES  

KEY FACTS

 • Largest rail carrier of forest products    
 in North America                             

COMMODITIES

LUMBER AND PANELS

MARKET DRIVERS

LUMBER AND PANELS

Prince Rupert

Prince George

 &nbsp;          &nbsp;       &nbsp;        Edmonton          
 &nbsp;          &nbsp;       Edson    North Battleford  
 &nbsp;          &nbsp;       &nbsp;        
 Vancouver  &nbsp;       Calgary  Saskatoon         
 &nbsp;          Surrey  &nbsp;        
 &nbsp;          &nbsp;       &nbsp;        

 Winnipeg  &nbsp;            &nbsp;         Moncton     
 &nbsp;         &nbsp;            &nbsp;         
 Atikokan  Thunder Bay  Quebec    Halifax     
 &nbsp;         &nbsp;            
 &nbsp;         &nbsp;            Montreal  Saint John  
 &nbsp;         &nbsp;            &nbsp;         

 • Upgraded fleet of approximately     
 20,000 premium cars, including        
 centrebeams and box cars for lumber,  
 panels, pulp and paper                
*              Lumber, oriented strand board (OSB) panels, plywood, siding,
engineered wood products, timber mats
PULP AND PAPER
*              Woodpulp, newsprint, printing paper, paperboard,
containerboard, logs, wood chips, wood pellets            
                               *              Residential construction, repair
and remodelling activity, industrial activity
PULP AND PAPER
*              Global consumption of pulp, paper, tissue, packaging and coal
substitution for offshore power generation requirements
Brockville

 &nbsp;                                  &nbsp;                        Toronto  
 CN'S FOREST PRODUCTS SUPPLY CHAIN  Detroit                  
 Lumber and panels                  P CN forest products     Chicago  
 &nbsp;                                  
 Pulp and paper                     distribution centres     &nbsp;        
 Wood pellets                       P Wood pellet producers  &nbsp;        

Ports served by CN

Memphis

Mobile

New Orleans

For more information, please visit www.cn.ca/your-industry/forest-products

14 CN  |2024 INVESTOR FACT BOOK UPDATE

 REVENUES      &nbsp;       &nbsp;       CARLOADS  &nbsp;            &nbsp;       RTMs    &nbsp;       &nbsp;           FREIGHT REVENUE  &nbsp;       
 ($ millions)  &nbsp;       &nbsp;       &nbsp;         (thousands)  &nbsp;       &nbsp;       &nbsp;       (millions)  &nbsp;                &nbsp;       PER RTM  &nbsp;       &nbsp;        &nbsp;       
 &nbsp;             &nbsp;       &nbsp;       &nbsp;         &nbsp;            &nbsp;       &nbsp;       &nbsp;       &nbsp;           &nbsp;                &nbsp;       &nbsp;        &nbsp;       (cents)  &nbsp;       &nbsp;       &nbsp;       
 &nbsp;             &nbsp;       &nbsp;                                      &nbsp;       &nbsp;       &nbsp;                                    &nbsp;        &nbsp;       &nbsp;        &nbsp;                       
                               &nbsp;         &nbsp;                                    &nbsp;           &nbsp;                        &nbsp;        &nbsp;       &nbsp;        &nbsp;       
 &nbsp;             &nbsp;       &nbsp;                 &nbsp;            &nbsp;       &nbsp;                                            &nbsp;       &nbsp;        
 &nbsp;             &nbsp;       &nbsp;       &nbsp;         &nbsp;            &nbsp;       &nbsp;       &nbsp;       &nbsp;           &nbsp;                &nbsp;       &nbsp;        &nbsp;       &nbsp;        
 &nbsp;             &nbsp;       &nbsp;       &nbsp;         &nbsp;            &nbsp;       &nbsp;       &nbsp;       &nbsp;           &nbsp;                &nbsp;       &nbsp;        &nbsp;       &nbsp;        &nbsp;       
                                                                                                                                                                       

CAGR            ( 2023 vs. 2019)

 +1.8 %  -4.7 %  -3.9 %  +6.0 %  

 &nbsp;       &nbsp;       AVERAGE LENGTH OF HAUL ( 2023 )  854 miles  
 &nbsp;       &nbsp;       &nbsp;                                
 &nbsp;       &nbsp;       &nbsp;                                
 &nbsp;       &nbsp;       &nbsp;                                &nbsp;          

CN  |2024 INVESTOR FACT BOOK UPDATE 15

 2       Markets  Overview  Markets  Financials  
 &nbsp;       &nbsp;        &nbsp;         &nbsp;        &nbsp;           

METALS AND MINERALS

MATCHMAKING BY CONNECTING PRODUCERS WITH END MARKETS

The Metals and Minerals commodity group consists of a wide variety of raw and
semi-finished products related to steel, non-ferrous ores and base metals,
construction materials, machinery, railway equipment, and dimensional
(oversize) loads. Our rail access reaches deep into mining regions rich in
metals, minerals, iron ore, and frac sand. With our advantaged origin
franchise and our access to key important end markets, CN is one of the top
movers of aluminum, iron ore and base metal ore in North America.

BUSINESS UNIT OVERVIEW AND MARKET DRIVERS

202 COMMODITY BREAKDOWN (% of revenues)

 W % Metals            &nbsp;              $2,048 M  
 W % Minerals          &nbsp;              
 W % Energy Materials  &nbsp;              
 W % Iron Ore          2023 REVENUES  
 &nbsp;                     

Prince Rupert

Fort McMurray

Prince George

Edmonton

Scotford

 North      Saskatoon  Sept-Îles   
 Vancouver  &nbsp;          

 &nbsp;          &nbsp;       &nbsp;        &nbsp;         &nbsp;            Baie-Comeau  &nbsp;        
 Vancouver  Surrey  Calgary  &nbsp;         &nbsp;            Saguenay     &nbsp;        
 &nbsp;          &nbsp;       &nbsp;        Moncton   
 &nbsp;          &nbsp;       &nbsp;        &nbsp;         &nbsp;            
 &nbsp;          &nbsp;       &nbsp;        &nbsp;         Winnipeg     &nbsp;            
 &nbsp;          &nbsp;       &nbsp;        &nbsp;         &nbsp;            &nbsp;            
 &nbsp;          &nbsp;       &nbsp;        Bienfait  Thunder Bay  Quebec       Halifax  
 &nbsp;          &nbsp;       &nbsp;        &nbsp;         
 &nbsp;          &nbsp;       &nbsp;        &nbsp;         &nbsp;            

 Two Harbors  Sault       Montreal  Saint John  
 &nbsp;            Ste. Marie  &nbsp;         &nbsp;           

KEY FACTS
*              Serves 10 aluminum smelters, more than any other railroad in
North America            
*              CN is one of the top movers of aluminum, iron ore and base
metal ore in North America            
*              Reaches all the top shale plays in             
         Canada, including the Western Canada Sedimentary Basin
COMMODITIES

METALS AND MINERALS
*              Steel, non-ferrous ore and base metals such as aluminum,
spodumene
         (raw lithium), copper, nickel, and zinc       
*              Construction materials, machinery, railway equipment and large
loads
ENERGY MATERIALS

• Frac sand and pipe

IRON ORE

MARKET DRIVERS
*              Oil and gas production            
*              Manufacturing production             
         (e.g., automobiles, railcars, heavy equipment, aerospace)       
*              Non-residentialconstruction activity       
*              Large infrastructure projects            
*              World demand for ores and metals            
*              Consumer goods production
Duluth

CN'S METALS AND MINERALS SUPPLY CHAIN

 Metals    E Aluminum smelters               
 Minerals  P CN metals distribution centres  
 Iron ore  P CN iron ore docks               

Escanaba

 Chippewa Falls        Toronto    &nbsp;           
 Minneapolis/St. Paul  &nbsp;          
 &nbsp;                     Hamilton   
 Arcadia               &nbsp;          
 &nbsp;                     &nbsp;          
 &nbsp;                     Detroit    &nbsp;           
 &nbsp;                     Flat Rock  Conneaut    
 &nbsp;                     &nbsp;          
 Joliet                Toledo     Pittsburgh  
 Chicago               
 &nbsp;                     
 &nbsp;                     &nbsp;          
 Decatur               &nbsp;          &nbsp;           

Ports served by CN

Memphis

Jackson

Mobile

New Orleans

For more information, please visit www.cn.ca/your-industry/metals-minerals

16 CN  |2024 INVESTOR FACT BOOK UPDATE

 REVENUES      &nbsp;       &nbsp;       CARLOADS  &nbsp;            &nbsp;       RTMs    &nbsp;       &nbsp;           &nbsp;       FREIGHT REVENUE  &nbsp;       
 ($ millions)  &nbsp;       &nbsp;       &nbsp;         (thousands)  &nbsp;       &nbsp;       &nbsp;       (millions)  &nbsp;       &nbsp;                &nbsp;       PER RTM  &nbsp;        &nbsp;       &nbsp;       
 &nbsp;             &nbsp;       &nbsp;       &nbsp;         &nbsp;            &nbsp;       &nbsp;       &nbsp;       &nbsp;           &nbsp;       &nbsp;                &nbsp;       &nbsp;        (cents)  &nbsp;       &nbsp;       &nbsp;       
 &nbsp;             &nbsp;                                                                                                                    &nbsp;                        
 &nbsp;             &nbsp;       &nbsp;       &nbsp;         &nbsp;            &nbsp;       &nbsp;       &nbsp;       &nbsp;           &nbsp;       &nbsp;                &nbsp;       &nbsp;        &nbsp;        &nbsp;       
                       &nbsp;       &nbsp;         &nbsp;            &nbsp;       &nbsp;       &nbsp;       &nbsp;                   &nbsp;                &nbsp;       &nbsp;        &nbsp;                &nbsp;       &nbsp;       
               &nbsp;       &nbsp;       &nbsp;         &nbsp;            &nbsp;       &nbsp;       &nbsp;       &nbsp;           &nbsp;       &nbsp;                &nbsp;       &nbsp;        &nbsp;        &nbsp;       
 &nbsp;             &nbsp;       &nbsp;       &nbsp;         &nbsp;            &nbsp;       &nbsp;       &nbsp;       &nbsp;           &nbsp;       &nbsp;                &nbsp;       &nbsp;        &nbsp;        &nbsp;       &nbsp;       &nbsp;       
                                                                                                                                                                       

CAGR            ( 2023 vs. 2019)

 +5.7%  -0.1%  +2.8%  +2.7%  

 &nbsp;       &nbsp;       AVERAGE LENGTH OF HAUL ( 2023 )  353 miles  
 &nbsp;       &nbsp;       &nbsp;                                
 &nbsp;       &nbsp;       &nbsp;                                
 &nbsp;       &nbsp;       &nbsp;                                &nbsp;          

CN  |2024 INVESTOR FACT BOOK UPDATE 17

Attachments
*           Original Link
(https://www.cn.ca/-/media/files/investors/investor-fact-book/2024-investor-fact-book-update-en.pdf)
        
*           Original Document
(https://docs.publicnow.com/8CD33068D649FD8F1AFC8BC95DB62E65C7661F14)         
*           Permalink
(https://www.publicnow.com/view/8CD33068D649FD8F1AFC8BC95DB62E65C7661F14)
Disclaimer

CN - Canadian National Railway Company published this content on 08 August
2024 and is solely responsible for the information contained therein.
Distributed by Public (http://www.publicnow.com), unedited and unaltered, on
08 August 2024 23:33:02 UTC.



(C) Copyright 2024 - CN - Canadian National Railway Company",urn:newsml:reuters.com:20240808:nNDL7QPBkS:1
"(Adds request by CN for federal intervention, comments from
union paragraphs 1, 4-5, 8)
       OTTAWA, Aug 9 (Reuters) - Canada's two main rail
companies said on Friday they would lock out employees on Aug.
22 if talks to negotiate a labor contract fail, a move that
would bring the country's transport of goods to a halt.
    A strike or lockout could cause significant economic damage
in Canada, which relies heavily on its railway network, given
its expansive geography and exports of grain, potash and coal.
    Canadian Pacific Kansas City <CP.TO>, Canadian National
Railway <CNR.TO> and the Teamsters union agreed last week to
restart stalled contract talks with the aid of a federal
mediator.
    Canadian National said in a statement it had lost faith in
the negotiating process, citing what it said was the Teamsters'
unwillingness to engage in meaningful talks, and formally
requested Labour Minister Steven MacKinnon to intervene.
        MacKinnon, who had earlier urged both sides to continue
talking, was not immediately available to comment.
  
    The Teamsters, unhappy about rail company proposals they say
could jeopardize safety, said they would give 72 hours advance
notice of any strike action.
    CPKC said earlier it would start locking out workers on Aug.
22 to protect Canada's supply chains from the more widespread
disruption that would be created should a work stoppage occur
during the fall peak shipping period.
        Teamsters spokesperson Christopher Monette said the CPKC
announcement was ""unexpected and needlessly antagonizing"", given
there were 13 days of negotiations left before Aug. 22.
  

 (Reporting by David Ljunggren; Edited by Rod Nickel
Editing by Chris Reese, Frances Kerry, David Gregorio and Rod
Nickel)
 ((david.ljunggren@tr.com; +1 647 480 7891;))",urn:newsml:reuters.com:20240809:nL1N3JW0ST:9
"OTTAWA, Aug 9 (Reuters) - The Canadian Teamsters union,
which is negotiating a contract with the country's two largest
rail companies, on Friday said a work stoppage could start on
Aug. 22 if a deal is not reached.
    ""The Teamsters will provide 72 hours advance notice in the
event of any strike action,"" it said in a statement.
    The union, Canadian National Railway <CNR.TO> and Canadian
Pacific Kansas City <CP.TO> agreed last week to restart stalled
contact talks with the aid of a federal mediator.

 (Reporting by David Ljunggren
Editing by Chris Reese)
 ((david.ljunggren@tr.com; +1 647 480 7891;))",urn:newsml:reuters.com:20240809:nT5N3GR022:1
"* 
      Talks between rail companies and Teamsters deadlocked,
each side
accuses other of bad faith
    

        * 
      Industry groups urge Trudeau's government to prevent
stoppage,
citing economic impact
    

        * 
      U.S. rail operator Norfolk Southern embargoes hazardous
cargoes
to/from CN and CPKC networks
    

  
    By David Ljunggren, Promit Mukherjee
       OTTAWA, Aug 14 (Reuters) - North American industry
groups and shippers are bracing for an unprecedented
simultaneous stoppage at both of Canada's main railway companies
that could inflict billions of dollars' worth of economic
damage.
    Canada is the world's second-largest country by area and
relies heavily on trains to transport grain, beans and other
dried seeds of legume plants, potash, coal, automobiles and
other goods.
    ""It's a catastrophe. Literally nothing would move,"" said
Greg Northey, vice president of public affairs at Pulse Canada.
    Talks between Canadian National Railway <CNR.TO> and
Canadian Pacific Kansas City <CP.TO> on one hand and the
Teamsters union on the other have deadlocked, with each side
accusing the other of bad faith.
The rail companies say they will start locking out workers on
Aug. 22 if they cannot reach a labor deal while the union says
it is ready to call a strike for that date.
    Industry groups want the Liberal government of Prime
Minister Justin Trudeau to prevent a stoppage, noting Canada's
railways transport around C$380 billion ($277 billion) worth of
goods annually.
    ""Factoring in the millions of Canadian jobs that would be
impacted, the magnitude of the disruption is daunting,"" the
Business Council of Canada lobby organization said in an open
letter to Trudeau and Labour Minister Steven MacKinnon.
    A stoppage would also hit the United States, given the
degree of integration between the two economies. Canada sends
around 75% of all goods exports south of the border. The
networks of the two Canadian rail operators, CN and CPKC,
connect with several key U.S. rail and shipping hubs such as
Chicago, New Orleans, Minneapolis and Memphis.
    CN said on Tuesday it was putting in place an embargo on any
new reservations for movement of hazardous materials,
security-sensitive cargoes or refrigerated containers
originating in Canada, starting on  Thursday.
    In anticipation of a potential lockout, it also announced it
was embargoing all intermodal traffic originating from over half
a dozen U.S. hubs with which its network connects, starting on
Friday. 
    Separately, U.S. rail operator Norfolk Southern <NSC.N> on
Tuesday advised all customers that it was embargoing all
hazardous and security-sensitive cargoes to or from CN and
CPKC's networks effective immediately. It also said additional
embargoes may be issued in case of any work stoppages at the
Canadian rail operators.
    ($1 = 1.3721 Canadian dollars)

(Reporting by David Ljunggren and Promit Mukherjee in Ottawa,
Editing by Matthew Lewis)
((mailto:david.ljunggren@tr.com; +1 647 480 7891;))",urn:newsml:reuters.com:20240814:nL1N3K10L7:3
"* 
      Talks between rail companies and Teamsters deadlocked,
each side
accuses other of bad faith
    

        * 
      Industry groups urge Trudeau's government to prevent
stoppage,
citing economic impact
    

        * 
      U.S. rail operator Norfolk Southern embargoes hazardous
cargoes
to/from CN and CPKC networks
    

  
 (Add details from logistics firms, lobby associations, details
on impact)
    By David Ljunggren and Promit Mukherjee
       OTTAWA, Aug 14 (Reuters) - North American industry
groups and shippers are bracing for an unprecedented
simultaneous stoppage at both of Canada's main railway companies
that could inflict billions of dollars' worth of economic
damage.
    Canada is the world's second-largest country by area and
relies heavily on trains to transport grain, beans, automobiles,
potash, coal and other goods.
    ""It's a catastrophe. Literally nothing would move,"" said
Greg Northey, vice president of public affairs at Pulse Canada.
    Talks between Canadian National Railway <CNR.TO> and
Canadian Pacific Kansas City <CP.TO> on one hand and the
Teamsters union on the other have deadlocked, with each side
accusing the other of bad faith.
    The rail companies say they will start locking out workers
on Aug. 22  if they cannot reach a labor deal, while the union
says it is ready to call a strike for that date.
    Industry groups want the Liberal government of Prime
Minister Justin Trudeau to prevent a stoppage, noting Canada's
railways transport around C$380 billion ($277 billion) worth of
goods annually.
    ""Factoring in the millions of Canadian jobs that would be
impacted, the magnitude of the disruption is daunting,"" the
Business Council of Canada lobby organization said in an open
letter to Trudeau and Labour Minister Steven MacKinnon.
    
    U.S. FREIGHT TRAFFIC IMPACTED
    A stoppage would also hit the United States, given the
degree of integration between the two economies. Canada sends
around 75% of all goods exports south of the border. 
    The networks of the two Canadian rail operators, CN and
CPKC, connect with several key U.S. rail and shipping hubs such
as Chicago, New Orleans, Minneapolis and Memphis. CPKC's network
also extends further south connecting with ports on both the
east and west coast of Mexico.
    CN said on Tuesday it was putting in place an embargo on any
new reservations for movement of hazardous materials,
security-sensitive cargoes or refrigerated containers
originating in Canada, starting on Thursday.    
    It also announced it was embargoing all intermodal traffic
originating from over half a dozen U.S. hubs with which its
network connects, starting on Friday. 
    Separately, U.S. rail operator Norfolk Southern <NSC.N> on
Tuesday advised customers that it was embargoing all hazardous
and security-sensitive cargoes to or from CN and CPKC's networks
effective immediately. It said additional embargoes may come in
case of any work stoppages at the Canadian rail operators.
    Some U.S. companies find it more efficient to use Montreal
or Vancouver for imports and exports.
        U.S. logistics firm C.H. Robinson <CHRW.O>, which
manages more than 650,000 loads across the border a year, said
it was lining up extra trucking capacity on both sides of the
border. 
  
        ""When all trains serving the entire country could
literally be stopped on their tracks, that's another whole level
of disruption,"" said Scott Shannon, a senior executive at C.H.
Robinson.
  
        
  
        PRESSURE MOUNTS
  
        Industry groups say MacKinnon has the power to refer the
dispute to the country's labor relations board and thereby head
off a stoppage.
  
        MacKinnon has so far said he wants the two sides to
strike a deal at the negotiating table.
  
        Pressure on Ottawa looks set to mount in the coming days
as industry groups hammer home the potential costs of a
stoppage.
  
        Earlier this week, Morgan Stanley in a note to clients
said that each week of shipment disruptions could dent the
earnings before taxes of mining giant Glencore <GLEN.L> by an
estimated $100 million, or more, as a rail shutdown would
disrupt coal shipments from its majority-owned unit, Elk Valley
Resources.  
  
        The Chemistry Industry Association of Canada said
chlorine shipments would soon become unavailable, hitting the
quality of drinking water within two weeks.
  
        ""There are very large municipalities that - if the
strike goes on - are going to be under boil water advisories,""
CEO Bob Masterson said by phone, noting that the industry moved
more than 500 rail cars a day.
  
        ""There is no plan B ... to transport this kind of volume
you will need 2,000 trucks, roughly. There aren't 2,000 trucks,
and there aren't 2,000 drivers,"" he said.
  
        ($1 = 1.3721 Canadian dollars)

 (Reporting by David Ljunggren and Promit Mukherjee in Ottawa,
Editing by Matthew Lewis and Nick Zieminski)
 ((mailto:david.ljunggren@tr.com; +1 647 480 7891;))",urn:newsml:reuters.com:20240814:nL1N3K10UF:6
"(Adds reaction from CN Rail paragraph 4, background paragraphs
3, 5)
       OTTAWA, Aug 15 (Reuters) - Canadian Labour Minister
Steven MacKinnon has rejected a request by Canadian National
Railway to initiate binding arbitration in a labor dispute with
the Teamsters union, a spokesman for the minister said on
Thursday.
    In a letter to CN Rail's lawyers, MacKinnon said it was the
shared responsibility of the company and the union to negotiate
in good faith. The letter, sent on Wednesday, was released by
the Teamsters.
    Talks between CN Railway and Canadian Pacific Kansas City -
the country's two largest rail companies - and the Teamsters are
deadlocked, with each side blaming the other. 
    CN Rail said it was disappointed by MacKinnon's decision,
saying he would have to reconsider if the union did not ""get
serious and engage meaningfully at the negotiating table"".
    The companies say they will start locking out workers on
Aug. 22 if they cannot reach a labor deal, while the union says
it is ready to call a strike for that date. A simultaneous
stoppage at both companies could inflict billions of dollars'
worth of economic damage.

 (Reporting by David Ljunggren; Editing by Diane Craft and
Jonathan Oatis)
 ((david.ljunggren@tr.com; +1 647 480 7891;))",urn:newsml:reuters.com:20240815:nL1N3K20ZA:6
"* 
      TSX ends up 1.2% at 23,032.72
    

        * 
      Posts sixth straight day of gains
    

        * 
      Tech sector adds 2.7%
    

        * 
      Energy adds 1.7%; oil settles 1.5% higher
    

  
 (Updates at market close)
    By Nikhil Sharma and Fergal Smith
       Aug 15 (Reuters) - Canada's main stock index rose for a
sixth straight day on Thursday, with resource and technology
stocks leading a broad-based rally as U.S. economic data
bolstered hopes of a soft landing for the economy.
    The S&P/TSX composite index <.GSPTSE> ended up 272.71
points, or 1.2%, at 23,032.72, stopping just short of its record
closing high on July 31. The daily winning streak was the
longest since July 2023.    
    The number of Americans filing new applications for
unemployment benefits dropped to a one month-low last week and
retail sales jumped 1.0% in July, which was the largest increase
since January 2023.
    The data indicates that ""we still have resilient economic
growth,"" said Angelo Kourkafas, a senior investment strategist
at Edward Jones. ""And when you combine that with moderating
inflation, that is the recipe for a soft landing.""
    The latest U.S. consumer price index data, released on
Wednesday, showed the annual increase in inflation slowing to
below 3% for the first time since early 2021.
    All 10 major sectors moved higher, including a gain of 2.7%
for technology as shares of Celestica Inc <CLS.TO> and Shopify
Inc <SHOP.TO> climbed.
    Energy added 1.7% as U.S. crude oil futures <CLc1> settled
1.5% higher at $78.16 a barrel.
    Gold <XAU=> and copper <HGc1> prices also rose, which helped
lift the materials group <.GSPTTMT>. It ended up 1.6%.
    Canadian Labour Minister Steven MacKinnon has rejected a
request by Canadian National Railway Co <CNR.TO> to initiate
binding arbitration in a labor dispute with the Teamsters union,
a spokesman for the minister said.
    Still, shares of CN Rail <CNR.TO> and Canadian Pacific
Kansas City Ltd <CP.TO> both ended up 1.9%.

 (Reporting by Fergal Smith in Toronto and Nikhil Sharma in
Bengaluru; Editing by Shreya Biswas)
 ((fergal.smith@thomsonreuters.com; +1 647 480 7446))",urn:newsml:reuters.com:20240815:nL4N3K21FP:3
"OTTAWA, Aug 15 (Reuters) - Canadian Labour Minister
Steven MacKinnon has rejected a request by CN Rail to initiate
binding arbitration in a labor dispute with the Teamsters union,
a spokesman for the minister said on Thursday.
    In a letter to CN Rail's lawyers, MacKinnon said it was the
shared responsibility of the company and the union to negotiate
in good faith. The letter, sent on Wednesday, was released by
the Teamsters.

 (Reporting by David Ljunggren; Editing by Diane Craft)
 ((david.ljunggren@tr.com; +1 647 480 7891;))",urn:newsml:reuters.com:20240815:nT5N3GR02A:4
"(Adds statement from Union Pacific in paragraph 3, changes
throughout)
       Aug 16 (Reuters) - 
    U.S.-based Norfolk Southern <NSC.N> said on Friday it is
closing all intermodal facility ingates to Canadian National
Railway <CNR.TO> with immediate effect following an embargo
imposed by the Canadian railroad on all of its intermodal
shipments.
    Both Canadian National and Canadian Pacific Kansas City
<CP.TO> have issued embargoes on certain shipments in advance to
a potential strike from the Teamsters Canada Rail Conference
Union that could begin as early as Aug. 22.
    Union Pacific <UNP.N> also said it was adhering to the
embargoes placed by the two Canadian railroads, while actively
monitoring the labor negotiations.
        The union has targeted both the Canadian rails,
demanding better wages and benefits, including provisions for
fatigue management and better crew scheduling.
  
        The union and the railroads are back at the bargaining
table on Friday.
  

 (Reporting by Abhinav Parmar in Bengaluru; editing by Alan
Barona and Maju Samuel)
 ((Abhinav.Parmar@thomsonreuters.com))",urn:newsml:reuters.com:20240816:nL4N3K312H:1
"August 16, 2024 - CN and the TCRC have been in negotiations since November
2023 and CN's goal has always been to reach an agreement that is good for its
employees, its customers, and the economy.

CN wants a resolution that allows the Company to get back to what it does best
as a team, moving customers' goods and the economy, while improving conditions
to make CN a great place to work.

Messages are coming from various sources and CN is sharing the facts about the
negotiations to clear up any misconceptions about key issues that are the
subject of rumors or questions.

 What you may have heard                                                                         Facts                                                                                                                                                                                                                                           
 * CN's offers compromise safety                                                                 * None of CN's offers have compromised employee health and safety in any way.                                                                                                                                                                   
                                                                                                 * In fact, CN's offers aim to improve safety.                                                                                                                                                                                                   
                                                                                                 * And all of CN's proposals respect government-mandated rest provisions (Duty and Rest Period Rules), which were developed in consultation with the Union to ensure best practices are in place to manage fatigue.                              
 * CN does not want to compromise at the bargaining table                                        * CN has made four different offers to the TCRC since January. The first three offers addressed a wide range of topics, including wages, rest, health and safety, and labour availability.                                                      
                                                                                                 * The latest offer proposed third-party arbitration to avoid a strike or lockout. The third-party essentially plays the role of a judge, resolving the dispute.                                                                                 
                                                                                                 * The Union rejected all of those offers.                                                                                                                                                                                                       
                                                                                                 * The Union has not made any counteroffers.                                                                                                                                                                                                     
                                                                                                 * CN remains ready to engage in constructive dialogue with the Union.                                                                                                                                                                           
 * CN doesn't care about employees' work-life balance and how long employees are away from home  * CN does care.                                                                                                                                                                                                                                 
                                                                                                 * CN knows that employees are spending more time at the away from home terminal (AFHT).                                                                                                                                                         
                                                                                                 * CN offered to remove employees being put to bed enroute or tied up between terminals (except in emergency situations), and the removal of turn around trips at the ""away from home"" terminal (AFHT). This offer was rejected by the Union.    
                                                                                                 * Heldaway is an important element in this round of bargaining.                                                                                                                                                                                 
                                                                                                 * CN wants to set a standard maximum time that all employees can spend at the AFHT. This is part of the efforts to make all TCRC-represented employees equal.                                                                                   
 * CN wants employees to work more hours                                                         * 12-hour shifts are common in the railway industry and exist currently for some TCRC-represented employees on CN's network.                                                                                                                    
                                                                                                 * CN is offering to ensure employees spend more time at home, in exchange for working 12-hour shifts.                                                                                                                                           
                                                                                                 * Under the Duty Rest Period Rules, employees can work up to 12-hour shifts.                                                                                                                                                                    
 * Employees will be forced into a Mobile Workforce                                              * No employees will be forced into a Mobile Workforce.                                                                                                                                                                                          
                                                                                                 * Bidding this job would be 100% voluntary.                                                                                                                                                                                                     
                                                                                                 * Assignments would be for a maximum of three months, and employees would have three cycles of 28 days away with a 7-day break to return home.                                                                                                  
                                                                                                 * Travel (i.e., airfare, train, taxi, etc.), hotel, and food are entirely paid by CN.                                                                                                                                                           
                                                                                                 * On top of their earnings, employees who choose Mobile Workforce positions would receive a $1,000 premium per week.                                                                                                                            

Next steps in the bargaining process
*      As previously communicated on August 9, the Canada Industrial Relations
Board (CIRB) issued its decision that none of the services provided by the
railways are essential by law. As a result, the earliest possible date of a
work stoppage is now August 22 at 00:01 EST.    
*      CN requested that the Minister of Labour refer the outstanding issues
to binding arbitration to avoid a labour disruption, however the Minister has
chosen not to do so, at this time.    
*      CN and the TCRC are back at the bargaining table on August 16. We hope
that the TCRC will engage meaningfully during this meeting.    
*      As there has been no meaningful progress at the bargaining table, CN
has initiated the phased and progressive shutdown of its network to ensure the
safety of the communities in which we operate and our customers cargo.    
*      This process started with embargoes.    
*      It will culminate in a lockout at 00:01 ET on August 22 unless a deal
is reached, or arbitration is imposed.    
*      CN is doing this because it takes more than 72-hours, which is the
required notice before any work stoppage, to help ensure a safe, predictable,
and orderly shutdown of our network.
Attachments
*           Original Link
(https://www.cn.ca/en/news/2024/08/heard-a-bargaining-rumor,-q-,-what-you-should-know)
        
*           Permalink
(https://www.publicnow.com/view/70D440296E75DB86ABCB160F74D19D42A6306C78)
Disclaimer

CN - Canadian National Railway Company published this content on 16 August
2024 and is solely responsible for the information contained therein.
Distributed by Public (http://www.publicnow.com), unedited and unaltered, on
August 16, 2024 at 15:16:46 UTC.



(C) Copyright 2024 - CN - Canadian National Railway Company",urn:newsml:reuters.com:20240816:nNDL1RwCFK:1
"By Promit Mukherjee
       OTTAWA, Aug 17 (Reuters) - Canadian Pacific Kansas City
<CP.TO> said on Saturday it would halt any new rail shipments
originating in Canada, and all new U.S. shipments destined for
Canada starting on Tuesday if talks with its Canadian labour
union fail to progress. 
    North American industry groups and shippers are bracing for
an unprecedented simultaneous stoppage at both of Canada's main
railway companies that could disrupt the movement of commodities
such as coal, potash, crude oil and grains, and manufactured
goods ranging from cars to chemicals. 
    The Teamsters union's talks with Canadian National Railway
<CNR.TO> and CPKC have deadlocked, and the rail companies say
they will start locking out workers on Aug. 22 if they cannot
reach a labour deal. The union says it is ready to call a strike
for that date.
    In an update on Saturday, CPKC said it was taking ""prudent
steps to prepare for a potential rail service interruption next
week."" It said bargaining talks are scheduled to continue on
Sunday.
    Earlier this week, CPKC had already begun to halt any new
shipments of hazardous chemicals or dangerous goods.  
    Separately, CN Rail said on Friday ""there has been no
meaningful progress at the bargaining table,"" and added that it
had also begun a phased and progressive shutdown of its network.
    CN Rail said this will culminate in a lockout, unless a deal
is reached, or binding arbitration is imposed.
    Earlier this week, Canada's Labour Minister Steven MacKinnon
rejected an appeal from CN Rail to initiate binding arbitration
between the two sides, and called on the company and the unions
to negotiate in good faith.   
    Industry groups warn that a simultaneous work stoppages at
both rail companies could inflict billions of dollars' worth of
economic damage.
    It could also impact trade with both the U.S. and Mexico.
The CN and CPKC networks connect key U.S. rail and shipping hubs
such as Chicago, New Orleans, Minneapolis and Memphis. CPKC's
network also extends further south to ports on Mexico's east and
west coasts.    

 (Reporting by Promit Mukherjee; Editing by Paul Simao)
 ((promit.mukherjee@thomsonreuters.com;))",urn:newsml:reuters.com:20240817:nL1N3K4042:2
"Aug 18 (Reuters) - 
  
    * TEAMSTERS - BARGAINING COMMITTEE WAS SERVED 72 HOURS
NOTICE THAT
CN WILL BE LOCKING OUT ALL RUNNING TRADES TCRC MEMBERS

Source text : https://tinyurl.com/2xnqjnho

 ((Reuters.Briefs@thomsonreuters.com;))",urn:newsml:reuters.com:20240819:nFWN3K500U:1
"* 
      CN, CPKC plan to lockout workers from Thursday midnight
    

        * 
      Teamsters union says its workers would be on strike 
    

        * 
      Government prefers not to intervene
    

  
 (Recasts and writes through)
    By Promit Mukherjee
       OTTAWA, Aug 18 (Reuters) - Canada's freight rail network
could come to a grinding halt this week, inflicting a huge
economic toll after the country's two largest railroad operators
on Sunday issued lockout notices to the Teamsters union that
represents nearly 10,000 workers.  
    Failing last-minute deals, both Canadian National Railway
<CNR.TO> (CN) and Canadian Pacific Kansas City (CPKC) <CP.TO>
plan to lock out workers from the early hours of Thursday.
    It marks the first time that the country has faced a 
simultaneous labor stoppage at the railroad firms as they
normally negotiate their labor agreements in alternate years.
    The stoppages could cripple the shipment of food grains,
beans, potash, coal and timber which form a large part of
Canada's exports, while also impacting shipments ranging from
petroleum products to chemicals and cars.
    In addition to billions of dollars of economic damage, the
stoppages could disrupt rail trade across the North American
continent.
    ""Unless there is an immediate and definite resolution to the
labour conflict, CN will have no choice but to continue the
phased and progressive shutdown of its network which would
culminate in a lockout,"" CN said in a statement.
    ""Despite negotiations over the weekend, no meaningful
progress has occurred, and the parties remain very far apart,""
it said.
    The Teamsters union argues CN wants to implement a forced
relocation provision which would see workers ordered to move
across Canada for months at a time to fill labor shortages.
    CN says it has made four offers this year on wages, rest,
and labor availability while remaining fully compliant with
government-mandated rules overseeing duty and rest periods.
    The dispute with CPKC centers on safety issues with the
union arguing the firm wants ""to gut the collective agreement of
all safety-critical fatigue provisions"", meaning crews will be
forced to stay awake longer, boosting the risk of accidents.
    CPKC says its offer maintains the status quo for all work
rules, ""fully complies with new regulatory requirements for rest
and does not in any way compromise safety.""
    The Teamsters, which represents yard workers, rail traffic
controllers, locomotive engineers and conductors, earlier on
Sunday issued a 72-hour strike notice to CPKC ahead of the
company's lockout notice.
    It also said in a separate statement to members that the
lockout notice issued by CN should be treated ""as if we were on
strike.""
    ""We're serving strike notice to defend the rights and safety
of our members,"" Paul Boucher, president of the Teamsters Canada
Rail Conference said in the statement.
    Both CN and CPKC have said their networks outside of Canada
will continue to operate but the stoppages could have ripple
effects. The two Canadian rail operators' networks connect with
several key U.S. rail and shipping hubs such as Chicago, New
Orleans, Minneapolis and Memphis. CPKC's network also extends
further south connecting with ports on both the east and west
coasts of Mexico.
    The federal Liberal government has so far dismissed pleas
from business groups to intervene, saying it wants the companies
and the unions to sort out their differences via negotiations.
  

 (Reporting by Promit Mukherjee; Editing by Christian
Schmollinger and Edwina Gibbs)",urn:newsml:reuters.com:20240819:nL1N3K6009:9
"(Adds details on hazardous materials in paragraph 3)
    By Arathy Somasekhar
       HOUSTON, Aug 19 (Reuters) - A looming labor dispute at
Canada's two main railroads is unlikely to significantly reduce
oil exports to the United States due to excess capacity on Trans
Mountain and other pipelines, people close to the matter said.
    North American shippers such as fertilizer supplier Nutrien
<NTR.TO> and U.S. logistics firm C.H. Robinson <CHRW.O> are
bracing for simultaneous stoppages at the Canadian operations of
Canadian National Railway or CN <CNR.TO> and Canadian Pacific
Kansas City <CP.TO> (CPKC) that could cost the nation's economy
billions of dollars. 
    CN said last week it was putting in place an embargo on any
new reservations for movement of hazardous materials,
security-sensitive cargoes or refrigerated containers
originating in Canada, starting on  Thursday. CPKC said that it
had begun to halt any new shipments of hazardous chemicals or
dangerous goods.
    A strike or lockout could start on Thursday.
    But oil exports may be largely unscathed. U.S. rail imports
of Canadian crude have fallen sharply in recent years, averaging
around 55,000 barrels per day in May, U.S. Energy Information
Administration data showed, the lowest since the pandemic price
crash in 2020. The U.S. imports about 4.2 million bpd from
Canada, mostly by pipeline. 
    ""Anybody receiving crude by rail right now is figuring out
what alternatives they have, whether it's an alternative grade
that can be substituted on the pipeline, or if a buyer is
willing to take something else,"" said Elliot Apland at
MarbleRock Advisors, which helps negotiate rail supply-chain
contracts. 
    Prices of Western Canadian Select crude typically fall
during export logjams. However, Trans Mountain's expansion in
May and available capacity on other pipes should limit deep
discounting, industry experts and analysts said. 
    ""Crude-by-rail is not as essential to the Canadian market as
it was prior to the Trans Mountain expansion,"" said Jeremy
Irwin, a senior oil markets analyst at consultancy Energy
Aspects. 
    Trans Mountain's expansion nearly tripled the flow of crude
from landlocked Alberta to the Pacific coast, to 890,000 bpd.
    Maintenance at U.S. Midwest refineries, which buy and
process Canadian crude, will also free pipeline space for
additional barrels, Irwin added. 
    WCS for September delivery in Hardisty, Alberta, settled on
Friday at $12.25 a barrel below U.S. West Texas intermediate
crude, according to brokerage CalRock, compared to an average
$18.65 discount in 2023. The relatively small discount indicates
little market concern about moving Canadian crude.
    ""We're closely monitoring the situation and putting plans in
place to mitigate any impacts if a strike or lockout were to
happen,"" a spokesperson at producer Cenovus Energy <CVE.TO>
said.
    ConocoPhillips <COP.N> Canada said it ships refined product
on CPKC and other rail carriers, but has flexibility to manage a
sustained strike. The company does not expect any impact to its
Surmont oil-sands production.     
    
    REFINED PRODUCTS
    Canadian propane relies mainly on rail to reach domestic and
export markets. Any stoppage could significantly reduce
deliveries for fuel and chemical manufacturing.
    AltaGas' <ALA.TO> Ridley Island Propane Export Terminal in
British Columbia has stocked up on propane, Energy Aspects'
Irwin noted. 
    Some companies that use generators for electricity on job
sites have been stockpiling diesel, Irwin said, adding that a
rail stoppage longer than two weeks could strand some diesel at
Alberta refineries. 
    Those refineries include Imperial Oil's <IMO.TO> Strathcona,
Suncor Energy's <SU.TO> Edmonton, Shell's <SHEL.L> Scotford
Complex, North West Redwater's Sturgeon refinery and Cenovus'
Lloydminster refinery. 
    Canada's gasoline markets tend to be localized and
production stays in the region. Many major gasoline markets are
connected directly to refineries by pipelines, while railways
and trucks also distribute gasoline in other regions. 
    ""Everyone is trying to get the inventories to a point where
they could free rail logistics for 14 days and still be OK, said
a senior industry executive who declined to be identified. 

 (Reporting by Arathy Somasekhar in Houston; Editing by Liz
Hampton, Rod Nickel and Emelia Sithole-Matarise)
 ((arathy.s@thomsonreuters.com; +1 832 610 7346; Twitter:
@ArathySom;))",urn:newsml:reuters.com:20240819:nL1N3K60KI:1
"(Adds comment from minister's office)
    By David Ljunggren and Promit Mukherjee
       OTTAWA, Aug 19 (Reuters) - Canada's labor minister will
meet with the country's two main railway companies and the
Teamsters union in Montreal on Tuesday and Calgary on Wednesday
to try to avert a crippling rail transport stoppage.
    Unless labour agreements are reached, both Canadian National
Railway <CNR.TO> and Canadian Pacific Kansas City <CP.TO> will
shut all freight rail services in Canada at the same time early
on Thursday for the first time in history.
    Federal Labour Minister Steven MacKinnon's office said on
Monday evening he will urge the companies and union ""to fulfill
their responsibility to Canadians, reach agreements at the
bargaining table, and prevent a full work stoppage.""
    Canada - the world's second-largest country by territory -
relies heavily on CN and CP to ship food grains, fertilizers and
other commodities, along with manufactured goods such as
chemicals and automobiles. The country's main business lobby
group said it estimates losses would hit C$1 billion ($733
million) a day in case the rail stoppages proceed.
    Federal mediators are working with the companies and the
union, but those involved in the discussion say little progress
has been made. The union says CN Rail and CPKC want to dilute
safety provisions, a charge the companies deny.
    MacKinnon has the power to force the union and railway
companies into binding arbitration, but has so far said he wants
them to sort out their differences at the negotiating table.
    In a statement on Monday, the left-leaning New Democratic
Party called on Prime Minister Justin Trudeau to not intervene
in the labour disputes. Trudeau's government is being kept in
power by the New Democratic Party, which has traditionally
enjoyed strong union support.
    Labour talks started early this year, but progress has been
slow, with both the union and the companies accusing each other
of bad faith.
    CN Rail and CPKC have already stopped accepting shipments of
hazardous goods and have begun phased shutdowns of operations in
Canada. 
    Maersk said on Monday it would stop accepting some
Canada-bound shipments.
    Separately, U.S. freight forwarder C.H. Robinson <CHRW.O>,
said on Monday it was diverting some of its U.S. customers'
ocean cargo away from Canadian ports as the threat of a rail
strike looms.
    ""Both railroads simultaneously being out of commission would
paralyze the ports and put instant pressure on trucking,"" the
company said.
    Canada is a major agricultural producer, and farmers will
start bringing in their harvests in August and September.
    Quorum Corp, which monitors grain handling and
transportation, said daily volumes in early September would
increase to 138,000 metric tons with a value of around C$75
million.
    ""After a period of time, sales will be lost and the value of
Canada's grain will decrease ... the largest concern is a
further degradation of Canada's reliability as a supplier, which
is already suffering due to past labor disruptions,"" Quorum
President Mark Hemmes said in an emailed statement.
    Refrigerated containers with meat and some highly perishable
produce are of particular concern because delays would likely
mean spoilage. Shippers of such items have already begun holding
back containers, said Peter Friedmann, an executive director at
the Agriculture Transportation Coalition.   
    In a statement, the Greater Vancouver Board of Trade warned
a full work stoppage would drive up prices and exacerbate an
affordability crisis in the country.
    ""Every facet of daily life would be impacted as our national
economy grinds to a halt,"" it said.
 ($1 = 1.3641 Canadian dollars)

    <^^^^^^^^^^^^^^^^^^^^^^^^^^^^^^^^^^^^^^^^^^^^^^^^^^^^^^^^^^^
EXPLAINER-Why Canada is on the verge of an unprecedented rail
labor stoppage    [nL1N3K60NG]
FACTBOX-Key facts about Canada's biggest rail operators as
massive work stoppage looms    [nL4N3K403C]
    ^^^^^^^^^^^^^^^^^^^^^^^^^^^^^^^^^^^^^^^^^^^^^^^^^^^^^^^^^^^>
 (Reporting by David Ljunggren and Promit Mukherjee in Ottawa;
Additional reporting by Karl Plume in Chicago; Abhijith
Ganapavaram and Abhinav Parmar in Bengaluru; Anna Paperny in
Toronto and Allison Lampert in Montreal; Editing by Franklin
Paul, Paul Simao, Jonathan Oatis and Lincoln Feast.)
 ((david.ljunggren@tr.com; +1 647 480 7891;))",urn:newsml:reuters.com:20240819:nL1N3K60LP:11
"(Updates with details on lockout notices, union strike notice,
minister's statement)
    By David Ljunggren
       OTTAWA, Aug 19 (Reuters) - For the first time, Canada's
two main railway companies - Canadian National Railway <CNR.TO>
and Canadian Pacific Kansas City <CP.TO> - are on the verge of a
simultaneous labor stoppage that could inflict billions of
dollars' worth of economic damage.
    
    WHY ARE BOTH COMPANIES POISED TO STOP?
    Contract talks between the Teamsters union and the companies
 usually take place a year apart, but in 2022, after the federal
government introduced new rules on fatigue, CN requested a
year-long extension to its existing deal rather than negotiate a
new one. 
    This meant both companies' labor agreements expired at the
end of 2023 and talks have been ongoing since. As a result, for
the first time the failure of negotiations would halt the vast
majority of the Canadian freight rail system.
    The Teamsters represent around 10,000 members who work as
locomotive engineers, conductors, train and yard workers and
rail traffic controllers at the two companies in Canada.
    
    WHAT IS LIKELY TO HAPPEN NEXT?
    CN Rail and CPKC both say they will start locking out
workers in the early hours of Thursday if they cannot reach a
deal. The union has issued a strike notice to CPKC which would
also take effect early on Thursday.
    CPKC, created in 2023 through a merger of Canadian Pacific
and Kansas City Southern, has a U.S. and Mexican network which
it says will operate normally. CN also says trains on its U.S.
network will run.
    That said, a stoppage will still lead to shipment
disruptions south of the border. Both rail operators and some of
their U.S. competitors have begun to refuse certain cross-border
cargoes that would rely on the CN and CPKC networks. 
    CPKC has said it would halt new rail shipments originating
in Canada, and new U.S. shipments destined for Canada starting
Aug. 20, if talks fail to progress.
    The railways move grain, autos, coal and potash, among other
shipments.
    
    WHAT ARE THE SIDES ARGUING ABOUT?
    The union says CPKC wants ""to gut the collective agreement
of all safety-critical fatigue provisions"", meaning crews will
be forced to stay awake longer, boosting the risk of accidents.
    CPKC says its offer maintains the status quo for all work
rules, ""fully complies with new regulatory requirements for rest
and does not in any way compromise safety.""
    The Teamsters say CN wants to implement a forced relocation
provision, which would see workers ordered to move across Canada
for months at a time to fill labor shortages.
    CN says it has made four offers this year on wages, rest,
and labor availability while remaining fully compliant with
government-mandated rules overseeing duty and rest periods.
    
    WHAT CAN THE FEDERAL GOVERNMENT DO?
    Under article 107 of the federal labor code, Labour Minister
Steven MacKinnon has broad powers and can order the sides to
enter binding arbitration. In 2023, his predecessor, Seamus
O'Regan, issued such an order to end a dockworkers strike in
British Columbia. In that case, unlike the current rail dispute,
the sides had largely agreed on the outlines of a deal.
    MacKinnon rejected a request last week by CN for binding
arbitration, urging the sides instead to put in more effort at
the negotiating table. In a separate statement issued on Monday,
he urged the companies and union to put in the tough work needed
to reach a deal.
    
    WHAT HAPPENS IF THE UNION STRIKES?
    Talk of the government acting to end a strike is moot, given
that both companies have made clear they will lock out workers.
        In case of a strike, the government can introduce
back-to-work legislation forcing union workers to return to
their jobs. The previous federal Conservative government did
that in 2012 to end a walkout by Canadian Pacific workers.

 (Reporting by David Ljunggren; Editing by Rod Nickel and Paul
Simao)
 ((david.ljunggren@tr.com; +1 647 480 7891;))",urn:newsml:reuters.com:20240819:nL1N3K60NG:12
"By Arathy Somasekhar
       HOUSTON, Aug 19 (Reuters) - A looming labor dispute at
Canada's two main railroads is unlikely to significantly reduce
oil exports to the United States due to excess capacity on Trans
Mountain and other pipelines, people close to the matter said.
    North American shippers such as fertilizer supplier Nutrien
<NTR.TO> and U.S. logistics firm C.H. Robinson <CHRW.O> are
bracing for simultaneous stoppages at the Canadian operations of
Canadian National Railway <CNR.TO> and Canadian Pacific Kansas
City <CP.TO> (CPKC) that could cost the nation's economy
billions of dollars. 
    A strike or lockout could start on Thursday.
    But oil exports may be largely unscathed. U.S. rail imports
of Canadian crude have fallen sharply in recent years, averaging
around 55,000 barrels per day in May, U.S. Energy Information
Administration data showed, the lowest since the pandemic price
crash in 2020. The U.S. imports about 4.2 million bpd from
Canada, mostly by pipeline. 
    ""Anybody receiving crude by rail right now is figuring out
what alternatives they have, whether it's an alternative grade
that can be substituted on the pipeline, or if a buyer is
willing to take something else,"" said Elliot Apland at
MarbleRock Advisors, which helps negotiate rail supply-chain
contracts. 
    Prices of Canada's Western Canadian Select crude typically
fall during export logjams. However, Trans Mountain's expansion
in May and available capacity on other pipes should limit deep
discounting, industry experts and analysts said. 
    ""Crude-by-rail is not as essential to the Canadian market as
it was prior to the Trans Mountain expansion,"" said Jeremy
Irwin, a senior oil markets analyst at consultancy Energy
Aspects. 
    Trans Mountain's expansion nearly tripled the flow of crude
from landlocked Alberta to the Pacific coast, to 890,000 bpd.
    Maintenance at U.S. Midwest refineries, which buy and
process Canadian crude, will also free pipeline space for
additional barrels, Irwin added. 
    WCS for September delivery in Hardisty, Alberta, settled on
Friday at $12.25 a barrel below U.S. West Texas intermediate
crude, according to brokerage CalRock, compared to an average
$18.65 discount in 2023. The relatively small discount indicates
little market concern about moving Canadian crude.
    ""We're closely monitoring the situation and putting plans in
place to mitigate any impacts if a strike or lockout were to
happen,"" a spokesperson at producer Cenovus Energy <CVE.TO>
said.
    ConocoPhillips <COP.N> Canada said it ships refined product
on CPKC and other rail carriers, but has flexibility to manage a
sustained strike. The company does not expect any impact to its
Surmont oil-sands production.     
    
    REFINED PRODUCTS
    Canadian propane relies mainly on rail to reach domestic and
export markets. Any stoppage could significantly reduce
deliveries for fuel and chemical manufacturing.
    AltaGas' <ALA.TO> Ridley Island Propane Export Terminal in
British Columbia has stocked up on propane, Energy Aspects'
Irwin noted. 
    Some companies that use generators for electricity on job
sites have been stockpiling diesel, Irwin said, adding that a
rail stoppage longer than two weeks could strand some diesel at
Alberta refineries. 
    Those refineries include Imperial Oil's <IMO.TO> Strathcona,
Suncor Energy's <SU.TO> Edmonton, Shell's <SHEL.L> Scotford
Complex, North West Redwater's Sturgeon refinery and Cenovus'
Lloydminster refinery. 
    Canada's gasoline markets tend to be localized and
production stays in the region. Many major gasoline markets are
connected directly to refineries by pipelines, while railways
and trucks also distribute gasoline in other regions. 
    ""Everyone is trying to get the inventories to a point where
they could free rail logistics for 14 days and still be OK, said
a senior industry executive who declined to be identified. 

 (Reporting by Arathy Somasekhar in Houston; Editing by Liz
Hampton and Rod Nickel)
 ((arathy.s@thomsonreuters.com; +1 832 610 7346; Twitter:
@ArathySom;))",urn:newsml:reuters.com:20240819:nL4N3K312O:6
"OTTAWA, Aug 18 (Reuters) - Canada is facing
unprecedented simultaneous stoppages at both of its main freight
rail operators which could inflict billions of dollars worth of
economic damage.
    The two rail operators, Canadian National Railway <CNR.TO>
and Canadian Pacific Kansas City <CP.TO>, are holding separate
talks with the Teamsters' union, which represents about 10,000
workers across locomotive engineers, conductors, train and yard
workers and rail traffic controllers.
    The talks are currently deadlocked and the rail companies
say they will start locking out workers on Aug. 22 if they do
not reach a labor deal.
    Here are a few key facts about the two rail operators:
    
    HISTORICAL BACKGROUND:
    CN Rail's history dates back to the 1830s, but it was only
officially incorporated in 1919. Headquartered in Montreal, the
company was government-owned until it was taken public in 1995.
Through its acquisitions of Illinois Central Corp and Wisconsin
Central in the late 1990s and early 2000s, CN expanded its rail
network across the Great Lakes region and down to the Gulf of
Mexico. 
    CPKC's history dates back to the 1880s. Previously known as
CP Rail, it was built to connect Canada from coast-to-coast. CP
Rail was once involved in several businesses including mining
and hospitality, and it built and owned iconic Canadian
properties such as the Banff Springs Hotel, the Royal York in
Toronto, and Château Frontenac in Quebec City.
    Calgary-headquartered CP Rail spun-out its other businesses
in 2001. It bought Kansas City Southern Railway in 2021, and it
became CPKC, forming the first single-line rail connecting the
U.S., Mexico and Canada. 
    
    RAIL NETWORKS
    Although some U.S. rail operators do have small branch lines
that enter Canada, CN Rail and CPKC hold a duopoly and are the
two dominant freight rail operators in the country. With
coast-to-coast networks, the duo account for the vast majority
of all rail transport industry revenues in the country, own more
than 75% of all tracks, and account for roughly three-quarters
of the overall tonnage carried by the rail sector in Canada.
    For Canada, the two operators serve as important supply
chain links to trade corridors and ports across the continent of
North America. 
    CN Rail, which employs around 25,000 people, has a network
that stretches from Vancouver to Halifax in Canada, and all the
way down to New Orleans.
    CPKC, which has roughly 20,000 employees, has a network that
runs from Vancouver to Montreal. It also links to the ports of
Corpus Christi, New Orleans and Gulfport in the Gulf of Mexico,
and further south it connects to the ports of Tampico and Lázaro
Cárdenas on the east and west coasts of Mexico. 
        
    REVENUE MIX
    In 2023, 25% of CN Rail's freight revenue came from grain,
fertilizers and coal; metals, minerals and forest products were
24% of its revenue mix; and petroleum products, chemicals, autos
and intermodal container cargoes accounted for the remainder. 
    In 2023, 35% of CPKC's freight revenue came from shipments
of coal, grain, potash and fertilizers. Forest products, energy,
chemicals, metals and autos accounted for 45% of its revenue
mix, with the remainder coming from intermodal container cargo. 
    
    PRIOR WORK STOPPAGES
    In 2019, about 3,200 unionized workers of CN Rail, including
conductors and yardmen, went on an eight-day strike in Canada.
That strike led to heating fuel shortages, large backlogs and a
slowdown in industrial output from plants making goods ranging
from chemicals to canola oil. 
    In 2018, a day-long strike ended after the Teamsters and CP
Rail struck a four-year contract. And in 2015, CP Rail and the
Teamsters agreed to seek mediated arbitration, ending another
short-lived strike.
    In 2012, about 4,800 locomotive engineers, conductors and
yardmen of CP Rail went on over a week-long strike that only
ended after the government introduced back-to-work legislation,
at a time when the economy was still recovering from the global
financial crisis and a recession.

    <^^^^^^^^^^^^^^^^^^^^^^^^^^^^^^^^^^^^^^^^^^^^^^^^^^^^^^^^^^^
EXPLAINER-Why Canada is on the verge of an unprecedented rail
labor stoppage    [nL1N3K405J]
    ^^^^^^^^^^^^^^^^^^^^^^^^^^^^^^^^^^^^^^^^^^^^^^^^^^^^^^^^^^^>
 (Reporting by Promit Mukherjee
Editing by Chris Reese and Edwina Gibbs)
 ((promit.mukherjee@thomsonreuters.com;))",urn:newsml:reuters.com:20240819:nL4N3K403C:9
"Aug 19 (Reuters) - A story on Maersk from Aug. 19 has
been withdrawn after the company withdrew its statement saying
it was inaccurate. There will be a replacement story.

STORY_NUMBER: L4N3K60QT
STORY_DATE: 19/08/2024
STORY_TIME: 1128 GMT",urn:newsml:reuters.com:20240819:nL4N3K60QT:3
"Aug 19 (Reuters) - A story on Maersk from Aug. 19 has
been withdrawn after the company withdrew its statement saying
it was inaccurate. There will be a replacement story.

STORY_NUMBER: L4N3K60R8
STORY_DATE: 19/08/2024
STORY_TIME: 1215 GMT",urn:newsml:reuters.com:20240819:nL4N3K60R8:5
"(Adds details throughout)
       Aug 19 (Reuters) - U.S. freight forwarder C.H. Robinson
<CHRW.O> said on Monday it was diverting some of its U.S.
customers' ocean cargo away from Canadian ports as the threat of
a rail strike looms.
    It said roughly 80% of its customers who had switched are
now exporting through Los Angeles/Long Beach ports and the rest
through Seattle/Tacoma ports.
    Canadian railroads, Canadian National <CNR.TO> and Canadian
Pacific Kansas City <CP.TO>, are bracing for a possible work
stoppage by the Teamsters Canada Rail Conference Union.
    ""Now that a strike notice has been declared, some of our
Canadian export customers are starting to ship time-sensitive
goods to the ports by truck to avoid containers being stuck at
rail terminals during a strike,"" C.H. Robinson's Canada VP Scott
Shannon said in a statement to Reuters.
    C.H. Robinson is lining up extra trucking capacity on both
sides of the border, as volumes are expected to shift to
highways following the disruption.
    A strike, which could come as early as August 22, brings a
level of uncertainty for shippers in both U.S. and Canada,
forcing them to think about over-the-road options.

 (Reporting by Abhinav Parmar in Bengaluru; Editing by Tasim
Zahid and Sriraj Kalluvila)
 ((Abhinav.Parmar@thomsonreuters.com;))",urn:newsml:reuters.com:20240819:nL4N3K6124:5
"* 
      Canadian National Railway and Canadian Pacific Kansas City
plan
to halt operations on Thursday
    

        * 
      Trucking sector sees increased demand it struggles to meet
    

        * 
      85% of U.S.-Canada cross-border road freight handled by
Canadian
carriers
    

        * 
      Higher trucking demand leads to rising costs and longer
lead
times
    

        * 
      CN and CPKC begin phased network shutdowns
    

  
    By Anna Mehler Paperny and Nivedita Balu
       TORONTO, Aug 20 (Reuters) - As Canada braced for a
freight rail stoppage that could hit industries ranging from
autos to agriculture, the trucking sector said it faced higher
demand it could not meet.
Unless labor agreements are reached, Canadian National Railway
<CNR.TO> and Canadian Pacific Kansas City <CP.TO> - which hold a
duopoly - plan to indefinitely halt operations on Thursday at
the same time, marking a first.
Canada relies heavily on railways to transport goods and
commodities, but trains are already winding down in anticipation
of a strike or lockout.
Daman Grewal, a senior operations manager with British
Columbia-based Centurion Trucking, would normally expect 20 or
30 online postings from shippers seeking trips east across
Canada on an August Monday. On Monday morning, he saw more than
500.
""Last week is when a lot of the panic started to set in,"" said
Grewal, noting trips for which he charged C$7,000 ($5,139) a few
days ago now cost up to C$9,000. ""Similar to COVID, you see the
scarcity in supply chain.""
Grewal said Centurion could increase capacity 10% to 20%,
largely by reducing driver downtime.
""We would just have to turn the drivers around a little bit
quicker,"" he said. 
    Industry officials said some softening in the economy has
left room to increase capacity but not enough to make up for
idled railways.
Some rail shippers have been trying to book additional truck
capacity since February ahead of a disruption, said Alberta
Motor Transport Association president Robert Harper. 
    ""The industry can help out in the short term in reallocating
assets, but in the long term you simply cannot replace long-haul
rail distribution. Because in some cases, the industry doesn't
have the equipment nor the capacity,"" Harper said.
     
    NO PLAN B
    U.S. freight forwarder C.H. Robinson <CHRW.O> estimates 85%
of U.S.-Canada cross-border road freight in either direction is
handled by Canadian trucking carriers.
    ""Anytime you have an event that causes a surge in trucking
demand and sudden tightening of capacity, costs in the spot
market can increase dramatically. In the past, we've seen rates
in Canada double overnight,"" said C.H. Robinson's vice president
for Canada Scott Shannon, adding this will result in not just
higher costs, but also longer lead times.    
CN and CPKC have begun phased shutdowns of their networks ahead
of the looming stoppage. 
    The severity of the disruption, should it occur, will be a
factor of how long it lasts, said Joseph Towers, a senior rail
analyst at FTR Transportation Intelligence.
    Canada's federal government may have no choice but to step
in to end a stoppage that could cripple industries, said Western
University supply chain expert Fraser Johnson.
    ""There is no Plan B for any of these industries because it's
not practical to substitute trucks for established supply chains
that use rail. ... You can't snap your fingers and increase your
capacity in terms of trucking.""
    
    ($1 = 1.3620 Canadian dollars)

    <^^^^^^^^^^^^^^^^^^^^^^^^^^^^^^^^^^^^^^^^^^^^^^^^^^^^^^^^^^^
EXPLAINER-Why Canada is on the verge of an unprecedented rail
labor stoppage    [ID:nL1N3K60NG]
FACTBOX-Key facts about Canada's biggest rail operators as
massive work stoppage looms    [ID:nL4N3K403C]
QUOTES-Industry groups and companies fret ahead of a Canada-wide
freight rail stoppage    [ID:nL4N3K6190]
    ^^^^^^^^^^^^^^^^^^^^^^^^^^^^^^^^^^^^^^^^^^^^^^^^^^^^^^^^^^^>
 (Reporting by Anna Mehler Paperny, additional reporting by
Promit Mukherjee; Editing by Rod Nickel)
 ((mailto:Anna.MehlerPaperny@thomsonreuters.com; 647-225-9609;))",urn:newsml:reuters.com:20240820:nL1N3K70EJ:7
"(Adds comments from forest product firms)
       Aug 21 (Reuters) - Canada's freight rail transport could
come to a grinding halt as the country's two leading railroad
operators plan an unprecedented, simultaneous, and indefinite
work stoppage following deadlocked talks over labor contracts.
     Both Canadian National Railway <CNR.TO> and Canadian
Pacific Kansas City <CP.TO> will lock out workers from Thursday
as last-minute talks with the Teamsters Union continue to avert
a costly stoppage.
    Canada is the world's second-largest country by area and
relies heavily on trains to transport grain, beans, automobiles,
potash, coal and other goods. The railways transport around
C$380 billion ($277 billion) worth of goods annually, according
to estimates from industry groups.
    Here are some sectors that could take a hit from any
potential rail stoppage.
    
FERTILIZERS
* Fertilizers account for the third highest volume among
commodities shipped by Canadian railways, and 75% of all
fertilizer produced and used in the country is moved by rail. 
* The railways move an average of 69,000 metric tons of
fertilizer product per day, equivalent to four to five trains
daily.
* Fertilizer Canada, which represents producers like CF
Industries and Nutrien, has estimated C$55-C$63 million per day
in lost sales revenue from any disruptions impacting all rail
services.
* Top potash producer Nutrien said the potential strike could
impact its full-year sales volumes forecast for potash - a key
crop nutrient.
    
TRUCKING 
* About 85% of U.S.-Canada cross-border freight in either
direction is primarily handled by Canadian trucking carriers.
* U.S. freight forwarder C.H. Robinson told Reuters it has seen
rates in Canada double overnight. 
* Truckload shippers with spot freight, as well as rail shippers
looking to convert, should expect not only higher costs but also
longer lead times, C.H. Robinson added.
    
COAL
* Coal is one of Canada's top bulk commodities transported by
rail, with over 30 million tonnes moved annually, according to
the Coal Association of Canada.
* Shipment disruptions could impact mining giant Glencore
<GLEN.L> and its majority-owned unit, Elk Valley Resources.     
 
CRUDE OIL
* An average of 94,400 barrels per day of crude oil has been
exported via rails this year, according to the Canada Energy
Regulator.
* The strike is, however, unlikely to significantly reduce oil
exports to the United States due to excess capacity on Trans
Mountain and other pipelines.
    
          
GRAINS, OTHER AGRI PRODUCTS
* Canadian farmers rely on the railways to move their products
to the market. As much as 94% of grain is shipped by rail,
according to Grain Growers of Canada.
    
TIMBER 
* With exports worth C$45.5 billion in 2022, as per Canadian
government data, the forest sector is an important contributor
to the country's economy. 
* Pulp producer Mercer International <MERC.O> said it was
working on contingency plans including alternative transport
methods in anticipation of rail stoppage, while Conifex Timber
<CFF.TO> is reducing sawmill operating schedule at its
Mackenzie, British Columbia site 
* Canadian National Railway is North America's largest rail
carrier of forest products, according to its website. 
   
   
AUTOS
* The U.S. imported and exported transportation equipment worth
about $73 billion respectively in 2023 from Canada, according to
the International Trade Administration.
* Canadian National's website said it handles over 2 million
finished vehicles on an annual basis, catering to over 12 North
American vehicle assembly plants.
* Canadian Pacific Kansas City caters to about 90% of automotive
assembly plants in Mexico, it said on its website.
* The Canadian Pacific Kansas City website also said it provides
direct routing options to major markets including Chicago,
Houston, Kansas City, as well as markets within Canada and
Mexico. 
    
WINE INDUSTRY
* Canada exported 219.78 kilolitres of wine in 2023 and imported
407.38 kilolitres, as per government data.
* Ontario Craft Wineries, a local trade association, said a rail
stoppage could put supply chain pressure on several inputs such
as glass bottles, corks, and barrels and affect its members'
ability to export wines to other countries or slow down the rate
of imported bulk wine into Canada.
    
    

    <^^^^^^^^^^^^^^^^^^^^^^^^^^^^^^^^^^^^^^^^^^^^^^^^^^^^^^^^^^^
Monthly Canadian Crude Oil Exports by Rail    https://reut.rs/3Av4ERx
Exports of Canadian forest products    https://reut.rs/3yAvpUh
    ^^^^^^^^^^^^^^^^^^^^^^^^^^^^^^^^^^^^^^^^^^^^^^^^^^^^^^^^^^^>
 (Reporting by Mrinalika Roy and Nathan Gomes in Bengaluru;
Editing by Sriraj Kalluvila)
 ((mrinalika.roy@thomsonreuters.com;))",urn:newsml:reuters.com:20240820:nL4N3K60S6:1
"* 
      Canadian rail stoppage set for Thursday without agreement
    

        * 
      Stoppage would halt US spring wheat shipments to west
coast
    

        * 
      Shipments of Canadian fertilizer, crops would also suffer
    

        * 
      Fertilizer sector would lose C$55-C$63 million per day
-group
    

        * 
      Canada is world's top exporter of canola, potash
fertilizer
    

  
    By Tom Polansek and Promit Mukherjee
       CHICAGO/OTTAWA, Aug 20 (Reuters) - A looming stoppage of
freight railway operations across Canada would disrupt North
America's agricultural supply chain, snarling shipments of
everything from wheat to fertilizer and meat. 
    Unless last-minute labor agreements are reached, both
Canadian National Railway <CNR.TO> and Canadian Pacific Kansas
City <CP.TO>, an effective duopoly, will shut nearly all freight
rail services in Canada for the first time at midnight on
Thursday.
    Canada is the world's top exporter of canola, used in food
and biofuel, and of potash fertilizer, as well as the No. 3
wheat exporter. While a lockout or strike would directly involve
10,000 Canadian employees of the railroads, not those in the
U.S., it would have knock-on effects on the U.S. economy due to
the countries' criss-crossing rail lines.
    Nearly three dozen North American agriculture groups, in a
joint letter to the U.S. and Canadian governments on Monday,
urged action to avoid a stoppage. 
    ""The impact of a strike would be particularly severe on bulk
commodity exporters in both Canada and the United States as
trucking is not a viable option for many agricultural shippers,""
the letter said, citing large volumes and vast distances.
    The rail operators have said lockouts will begin on
Thursday. The Teamsters union, which is demanding better wages,
benefits, and crew scheduling, has issued a Thursday strike
notice to CPKC.
    The stoppage will halt shipments of U.S. spring wheat from
Minnesota, North Dakota and South Dakota to the Pacific
Northwest for export, said Max Fisher, chief economist at the
National Grain and Feed Association.    
    CPKC ships grain from the Dakotas and Minnesota to
west-coast export terminals via Canada, according to the U.S.
government.
    U.S. farmers still have nearly two-thirds of the
spring-wheat crop to harvest, the U.S. Department of Agriculture
said on Monday. Soy, corn and canola harvests are still a few
weeks away in North America.    
    Canada's prairie elevator network would run out of storage
capacity within 10 days of a stoppage, said Mark Hemmes, head of
Quorum Corp, which monitors Canadian grain handling and
transportation.
    Shippers are also concerned about U.S. corn products heading
to Canada. In 2023, Canada was the top destination for U.S.
ethanol exports, and almost three-quarters traveled by rail,
according to USDA.
    ""We just can't have the railroads not operating,"" Fisher
said.
    The U.S. exported $28.2 billion of agricultural products
last year to Canada, its third-largest destination for
agricultural exports behind China and Mexico, USDA said.
    The U.S. imported $40.1 billion of Canadian agricultural
products last year, making Canada the second-largest origin of
U.S. agricultural imports behind Mexico, the agency said. 
    About 85% of the 13 million metric tons of U.S. potash
imports last year came from Canada, nearly all of which crossed
by rail, according to USDA.
    
    'NO GOOD TIME'
    U.S. corn farmers apply fertilizers in fall and spring, but
potash imports from Canada are consistent throughout the year,
said Krista Swanson, chief economist for the National Corn
Growers Association.
    ""Given constant trade flows and the importance of the trade
relationship between the two nations, there is no good time for
this to occur,"" Swanson said.
    The railways move an average of 69,000 tons of fertilizer
product per day, equivalent to four to five trains, said
Fertilizer Canada spokesperson Kayla FitzPatrick. Disruptions
will cost the industry C$55 million ($40.34 million) to C$63
million per day in lost revenue, not including logistical and
operational costs, she said. 
    Canadian meat producers warned that a rail stoppage would
result in millions of dollars in losses and waste.
    The Canadian Meat Council and Canadian Pork Council said
some processing plants expect to lose up to C$3 million a week,
and noted these facilities would be forced to shut down within
seven to 10 days of a rail stoppage. Once the railways resume
service, it would take two to five weeks for plants to return to
normal capacity.
    There is concern that the movement of Ontario soybeans to
export markets, primarily Japan, will completely stop just
before the harvest, said Crosby Devitt, CEO of Grain Farmers of
Ontario.
    With crop-shipment delays lasting beyond a week, companies
must pay contract penalties and demurrage for ships waiting for
grain to arrive, piling significant cost onto the industry, said
Wade Sobkowich, executive director of the Western Grain Elevator
Association.
    ""We'll be playing catch-up for the rest of the harvest year,
till next July,"" he said.     


($1 = 1.3634 Canadian dollars)

    <^^^^^^^^^^^^^^^^^^^^^^^^^^^^^^^^^^^^^^^^^^^^^^^^^^^^^^^^^^^
EXPLAINER-Why Canada is on the verge of an unprecedented rail
labor stoppage    [nL1N3K60NG]
FACTBOX-Key facts about Canada's biggest rail operators as
massive work stoppage looms    [nL4N3K403C]
    ^^^^^^^^^^^^^^^^^^^^^^^^^^^^^^^^^^^^^^^^^^^^^^^^^^^^^^^^^^^>
 (Reporting by Tom Polansek and Karl Plume in Chicago and Promit
Mukherjee in Ottawa; Editing by Rod Nickel)
 ((promit.mukherjee@thomsonreuters.com;))",urn:newsml:reuters.com:20240820:nL4N3K6163:1
"Aug 20 (Reuters) - Several North American industries
could be forced to shut down some capacity, temporarily lay off
workers, and shift transport to trucks if Canada's two main
freight rail operators proceed with plans to lock out union
workers in Canada this Thursday.
    The unprecedented simultaneous work stoppage will affect not
only the flow of goods in Canada, but across North America as
the rail networks for both Canadian National Railway Co <CNR.TO>
and Canadian Pacific Kansas City <CP.TO> run further south into
the United States and Mexico.
    The looming stoppages have companies and industry bodies on
edge. Here are some thoughts from executives and lobby groups on
how any stoppages could play out:
    
    DENNIS DARBY, CEO, CANADIAN MANUFACTURERS AND EXPORTERS
    ""If the strike or lockout goes ahead, we are estimating an
average per day impact of C$275,000 ($201,687) per member
(company).
    ""About C$531 million worth of manufactured goods stranded on
the lines each day. It is an incredibly large amount and it will
lead to potential layoffs, or shutdowns, or turning down plants,
leading to penalties and additional costs to exporters.""
    
    FERTILIZER CANADA  
    ""Disruptions impacting all rail services across the country
will cost the fertilizer industry an estimated C$55-C$63 million
per day in lost sales revenue, not including logistical and
operational costs. 
    ""The railways move an average of 69,000 tonnes of fertilizer
product per day, which is equivalent to four to five trains per
day of fertilizer product. Since 2018, seven supply chain labour
disruptions have cost the fertilizer industry an estimated C$976
million in lost sales revenue."" 
        
    AMERICAN CHEMISTRY COUNCIL 
    ""Last year, U.S. firms sold more than $28 billion in
chemicals to customers in Canada and we import about $25 billion
in chemicals from Canadian partners annually. The North American
freight rail network is critical to this flow of goods. A rail
disruption in Canada would greatly impact U.S. supply chains,
including facilities in Texas, Louisiana, Pennsylvania and New
York that rely on Canadian suppliers.""
    
    MARK HEMMES, HEAD OF QUORUM CORP, WHICH MONITORS CANADIAN
GRAIN HANDLING
    ""The biggest concern for farmers is the elevator network in
the prairies would fill to its capacity within 7-10 days, which
means farmers' cash flow would stop until the railways reopen
and are able to clear the elevators."" 
        
    ROBERT HARPER OF ALBERTA MOTOR TRANSPORT ASSOCIATION 
    ""The industry can help out in the short term in reallocating
assets, but in the long term you simply cannot replace long-haul
rail distribution, because in some cases the trucking industry
doesn't have the equipment or the capacity.""
    
    CANADIAN POTASH EXPORTING AND MARKETING FIRM, CANPOTEX 
    ""Railroad work stoppages – either simultaneous or staggered
– will hurt Canadian potash exports overseas. There is no
alternative to shipping potash by rail. One week of Canpotex
train traffic would be the equivalent of approximately 10,000
trucks on the road.
    ""This comes on the heels of strikes at the Port of Vancouver
and St. Lawrence Seaway in 2023. ... Frequent domestic
disruptions are chipping away at Canada's reputation as a
reliable, stable trading partner."" 
            
    PIERRE GRATTON, CEO, THE MINING ASSOCIATION OF CANADA
    ""The mining industry is heavily reliant on rail and any work
stoppage is extremely harmful to the sector. Mined products make
up nearly half of rail revenue. ... Mines would be forced to go
on care and maintenance, laying off thousands of workers if a
strike or lockout drags on."" 
 ($1 = 1.3635 Canadian dollars)

    <^^^^^^^^^^^^^^^^^^^^^^^^^^^^^^^^^^^^^^^^^^^^^^^^^^^^^^^^^^^
EXPLAINER-Why Canada is on the verge of an unprecedented rail
labor stoppage    [nL1N3K60NG]
FACTBOX-Key facts about Canada's biggest rail operators as
massive work stoppage looms    [nL4N3K403C]
    ^^^^^^^^^^^^^^^^^^^^^^^^^^^^^^^^^^^^^^^^^^^^^^^^^^^^^^^^^^^>
 (Reporting by Promit Mukherjee in Ottawa and Anna Mehler
Paperny in Toronto; Additional reporting by Abhijit Ganapavaram
in Bangalore and Karl Plume in Chicago; Editing by Jonathan
Oatis)
 ((promit.mukherjee@thomsonreuters.com;))",urn:newsml:reuters.com:20240820:nL4N3K6190:5
"Aug 20 (Reuters) - Norfolk Southern <NSC.N> said on
Tuesday railroad operators Canadian National <CNR.TO> and
Canadian Pacific <CP.TO> have issued all-commodity embargoes
ahead of a potential work stoppage.
    The embargo for goods to and from Canadian Pacific starts
12:01 am ET on Aug. 20, while Canadian National's starts at
12:01 am ET on Aug. 22, Norfolk said.  
    



 (Reporting by Abhinav Parmar in Bengaluru; Editing by Devika
Syamnath)
 ((Abhinav.Parmar@thomsonreuters.com;))",urn:newsml:reuters.com:20240820:nL4N3K713H:1
"By Ananta Agarwal
       Aug 20 (Reuters) - U.S. railroad operator Union Pacific
has warned that a potential rail strike in Canada will have
""devastating consequences"" on the North American economy.
    More than 2,500 Union Pacific cars per day would not move
across the border, CEO Jim Vena said in a letter to Canadian
Labor Minister Steve MacKinnon on late Monday. 
    ""Some of these impacts have already begun,"" Vena said.
    Railroad operators Canadian Pacific Kansas City <CP.TO> and
Canadian National Railway <CNR.TO> are bracing for a work
stoppage by Teamsters union members, which could start as early
as Thursday as talks to negotiate a new labor contract are yet
to reach an agreement.
    The union's demands included better wages and benefits,
provisions for fatigue management and improved crew scheduling.
    Roughly 30% of freight rail operations in Canada cross the
northern border annually, the Association of American Railroads
said on Tuesday.
    In the first half of the year, rail transport accounted for
about 14% of the total bilateral trade of $382.4 billion between
the U.S. Canada, according to the U.S. Department of
Transportation.
    A strike could also raise costs for many industries, which
will be forced to either find last-minute alternatives to rail
service or face shut down, Vena said.
    ""For every one day of disruption, you can expect at least
3-5 days of recovery – perhaps even more, given two Canadian
railways are impacted.""
    Union Pacific links 23 states in the western two-thirds of
the U.S., connecting with the Canadian railway network and
serving all six Mexico gateways.
    MacKinnon is meeting with the two Canadian rail companies
and the union in Montreal on Tuesday and in Calgary on
Wednesday.
    U.S. freight brokerage C.H. Robinson <CHRW> had said on
Monday it has started diverting ocean cargo of some U.S.
customers away from Canadian ports.

 (Reporting by Ananta Agarwal in Bengaluru and additional
reporting by Abhinav Parmar; Editing by Shreya Biswas)
 ((Ananta.agarwal@thomsonreuters.com;))",urn:newsml:reuters.com:20240820:nL4N3K71BU:1
"Aug 20 (Reuters) - 
    Maersk <MAERSKb.CO> said on Tuesday it continues to accept
bookings to and from Canada, withdrawing its statement from a
day ago that it would stop accepting some Canada-bound shipments
ahead of a possible rail stoppage.  
  
    Canada's two main railway companies, Canadian National
Railway <CNR.TO> and Canadian Pacific Kansas City <CP.TO>, are
on the verge of a simultaneous labor action by Teamsters union
members, amid ongoing negotiations for a new labor contract.
    ""We can confirm that we continue to accept bookings to and
from Canada, including ocean, rail, truck and air at this time,""
a company spokesperson said, after it retracted a statement from
Monday, calling it ""inaccurate"".
    ""We are maintaining close contact with local officials,
authorities, and our partners on the ground to stay updated on
this situation,"" Maersk said. 
    As rail operators prepare for a stoppage of rail services,
the Danish shipping group said it was reviewing contingency
actions in the event of a full shutdown.
    

 (Reporting by Aatreyee Dasgupta in Bengaluru; Editing by Arun
Koyyur)
 ((Aatreyee.Dasgupta@thomsonreuters.com;))",urn:newsml:reuters.com:20240820:nL4N3K71HF:4
"MONTREAL, Aug 20 (Reuters) - Canada's two main rail
companies and the Teamsters union are ""doing the work necessary""
to reach an agreement and avert a looming strike but ""real
issues"" are outstanding, federal Labour Minister Steven
MacKinnon told Reuters on Tuesday.
    MacKinnon was speaking after talks with Canadian National
Railway, which like Canadian Pacific Kansas City says it will
lock out workers early on Thursday unless a deal is reached.
     
    
    
    

 (Reporting by Allison Lampert, writing by Eric Beech; editing
by Rami Ayyub)
 ((david.ljunggren@tr.com; +1 647 480 7891;))",urn:newsml:reuters.com:20240820:nS0N3JD021:3
"By David Ljunggren
       OTTAWA, Aug 21 (Reuters) - Canada's two main freight
rail companies are set to lock out around 10,000 of their
Canadian unionized workers on Thursday at 12:01 a.m. ET (4:01
GMT), starting an unprecedented simultaneous work stoppage that
would grind almost all railway freight movement in the country
to a halt.
    
    HOW INTEGRATED ARE THE RAIL NETWORKS ACROSS NORTH AMERICA?
    Canadian National Railway Co <CNR.TO> and Canadian Pacific
Kansas City <CP.TO> have said their rail networks south of the
border will continue to operate, but industry groups fear that a
work stoppage would have far-reaching effects on the movement of
goods and commodities across North America.
    CN and CPKC's coast-to-coast rail networks in Canada connect
south of the border and serve as important supply chain links to
trade corridors and ports across North America.
    The networks intersect with those of U.S. rail operators
such as BNSF Railway [BNISF.UL], Union Pacific <UNP.N>, Norfolk
Southern <NSC.N> and CSX <CSX.O>, facilitating the movement of
billions of dollars' worth of goods and commodities through
ports and warehouses across the continent.
    CN's network stretches south to New Orleans. CPKC's network
links to the U.S. ports of Corpus Christi, New Orleans and
Gulfport, and it extends further south to the ports of Tampico
and Lázaro Cárdenas on the east and west coasts of Mexico.
     
    
    HOW WOULD A CANADIAN RAIL STOPPAGE AFFECT THE UNITED STATES?
    Around a third of the traffic moved by the two Canadian rail
companies crosses the border with the United States.
    Many U.S. companies and producers, especially those in the
Midwest, use Canadian ports for imports and exports, as Montreal
can be faster for shipments to and from Europe, while Vancouver
can be faster for ocean service to and from Asia.       
    Union Pacific, the No. 2 U.S. railroad operator, has warned
that a simultaneous stoppage would have devastating consequences
for the U.S. and Canadian economies. 
    Dozens of groups representing miners, farmers, exporters,
and fertilizer producers, among others, have warned that their
sectors face crippling supply-chain delays, increased costs,
cash-flow constraints and potential shutdowns in a protracted
stoppage. 
    
    HOW WOULD THE U.S. AND CANADIAN FARM SECTORS BE AFFECTED? 
    A stoppage would hit the movement of everything from wheat
to ethanol, potash fertilizer and meat. 
    In particular, it would crimp shipments of U.S. spring wheat
from Minnesota, North Dakota and South Dakota to the Pacific
Northwest for export. A stoppage would also hit Canadian potash
and grain exports.    
    The U.S. exported $28.3 billion of agricultural products to
Canada in 2023, making it the third-largest destination for U.S.
agricultural exports behind China and Mexico. The U.S. imported
$40.1 billion of Canadian agricultural products last year,
making Canada the second-largest originator of U.S. agricultural
imports.
    Ethanol, potash, corn, cereals, food grains, cooking oils,
and meat are among the agricultural products traded between the
two nations. 
    
    WILL TRADE WITH MEXICO BE AFFECTED TOO? 
    Mexico is Canada's third-largest single-country merchandise
trading partner behind the U.S. and China, while Canada was
Mexico's fourth-largest merchandise trading partner in 2023.
    Mexico exports trucks, cars and vehicle parts to Canada,
along with mangoes and avocados. Canada exports wheat, meat,
aluminum, cars and parts to Mexico.  
    Two-way trade between the two countries, much of which moves
via the rails, was nearly C$55 billion ($40.48 billion) in 2023.
    
    CAN THE TRUCKING INDUSTRY STEP INTO THE BREACH?
    Truckers say they are facing a surge in demand and that road
freight rates are rising for shippers in Canada. However,
industry insiders say that while the trucking sector can handle
some of the demand, it cannot replace rail distribution. In some
cases, the industry does not have the equipment, nor the
capacity, to handle bulk commodity cargoes such as potash, food
grains, or coal. 
    


($1 = 1.3587 Canadian dollars)

    <^^^^^^^^^^^^^^^^^^^^^^^^^^^^^^^^^^^^^^^^^^^^^^^^^^^^^^^^^^^
QUOTES-Industry groups and companies fret ahead of a Canada-wide
freight rail stoppage    [nL4N3K6190]
FACTBOX-From fertilizers to coal, Canadian industries to feel
the squeeze from rail stoppage    [nL4N3K60S6]
FACTBOX-Key facts about Canada's biggest rail operators as
massive work stoppage looms    [nL4N3K403C]
EXPLAINER-Why Canada is on the verge of an unprecedented rail
labor stoppage    [nL1N3K60NG]
Canada Railroads    https://reut.rs/3Ar1I8r
2023 revenue breakup of Canada's railroads    https://reut.rs/3YTaCWH
    ^^^^^^^^^^^^^^^^^^^^^^^^^^^^^^^^^^^^^^^^^^^^^^^^^^^^^^^^^^^>
 (Reporting by David Ljunggren; Editing by Rod Nickel)
 ((david.ljunggren@tr.com; +1 647 480 7891;))",urn:newsml:reuters.com:20240821:nL1N3K70P1:7
"(Removes 'Ratings agency' in paragraph 13 to only 'Moody's')
    By David Ljunggren and Promit Mukherjee
       OTTAWA, Aug 21 (Reuters) - Canadian Prime Minister
Justin Trudeau urged on Wednesday the country's two main rail
companies and the Teamsters union to settle their differences
and avoid a stoppage that could cause billions of dollars worth
of economic damage.
    But the chances of a last-minute deal appeared to vanish
later when Canadian National Railway <CNR.TO> said talks had
broken down and called for the government to intervene.
    CN Rail and Canadian Pacific Kansas City <CP.TO> say they
will lock out their workers early on Thursday unless new deals
can be agreed. The two have never shut down at the same time.
    Talks between both companies and the union have made little
progress, with each side accusing the other of bad faith.
    Trudeau told reporters in Quebec that his government was
following the matter closely.
    ""It is in the best interest of both sides to continue doing
the hard work at the table to find a negotiated resolution,"" he
said.
    ""Millions of Canadians, of workers, of farmers, of
businesses right across the country, are counting on both sides
to do the work and get to a resolution.""
    Federal Labor Minister Steven MacKinnon met CN executives on
Tuesday in Montreal and with CPKC in Calgary on Wednesday.
    Canada, the world's second-largest country by territory,
relies heavily on rail transport to move a wide range of goods
and commodities.
    
    
    ""It would be totally unacceptable for us as a country to
sabotage ourselves right now,"" Finance Minister Chrystia
Freeland told reporters in Edmonton, Alberta.     
    ""I am calling with extreme seriousness on the employers and
on the union to roll up their sleeves to get a deal done ... the
country has no patience with dillydallying.""
    Moody's said shutting down 75% of Canada's freight rail
traffic would cost the economy C$341.5 million ($251 million)
per day, a rate equal to more than 4% of the nation's GDP.
    In an emailed statement, CN called on the labor minister to
intervene. 
    ""CN has tried to get a deal but a deal is not possible
without a willing partner,"" CN said.
    MacKinnon has the power to refer the dispute to binding
arbitration but the government said it wants the issue to be
settled at the negotiating table.
    A group of business associations called for Ottawa to
prevent a stoppage.
    ""The federal government must show leadership and act before
our trains - and with them, our economy - grind to a halt,"" they
said in a joint appeal to Trudeau.
    The Teamsters say CN and CPKC are seeking concessions that
would dilute worker safety, a charge that both companies deny.
    Dean Roberts, a director of the Canola Council of Canada,
told reporters that failure to reach a deal would mean ""we are
sleepwalking into a calamity"".

    <^^^^^^^^^^^^^^^^^^^^^^^^^^^^^^^^^^^^^^^^^^^^^^^^^^^^^^^^^^^
Canada Railroads    https://reut.rs/3Ar1I8r
    ^^^^^^^^^^^^^^^^^^^^^^^^^^^^^^^^^^^^^^^^^^^^^^^^^^^^^^^^^^^>
 (Reporting by David Ljunggren; Editing by Rod Nickel)
 ((david.ljunggren@tr.com; +1 647 480 7891;))",urn:newsml:reuters.com:20240821:nL1N3K80NW:11
"(Adds Moody's cost estimate in paragraph 9)
    By David Ljunggren
       OTTAWA, Aug 21 (Reuters) - Canada's two main freight
rail companies are set to lock out around 10,000 of their
Canadian unionized workers on Thursday at 12:01 a.m. ET (0401
GMT), starting an unprecedented simultaneous work stoppage that
would grind almost all railway freight movement in the country
to a halt.
    
    HOW INTEGRATED ARE THE RAIL NETWORKS ACROSS NORTH AMERICA?
    Canadian National Railway Co <CNR.TO> and Canadian Pacific
Kansas City <CP.TO> have said their rail networks south of the
border will continue to operate, but industry groups fear that a
work stoppage would have far-reaching effects on the movement of
goods and commodities across North America.
    CN and CPKC's coast-to-coast rail networks in Canada connect
south of the border and serve as important supply chain links to
trade corridors and ports across North America.
    The networks intersect with those of U.S. rail operators
such as BNSF Railway [BNISF.UL], Union Pacific <UNP.N>, Norfolk
Southern <NSC.N> and CSX <CSX.O>, facilitating the movement of
billions of dollars' worth of goods and commodities through
ports and warehouses across the continent.
    CN's network stretches south to New Orleans. CPKC's network
links to the U.S. ports of Corpus Christi, New Orleans and
Gulfport, and it extends further south to the ports of Tampico
and Lázaro Cárdenas on the east and west coasts of Mexico.
     
    
    HOW WOULD A CANADIAN RAIL STOPPAGE AFFECT THE UNITED STATES?
    Around a third of the traffic moved by the two Canadian rail
companies crosses the border with the United States.
    Many U.S. companies and producers, especially those in the
Midwest, use Canadian ports for imports and exports, as Montreal
can be faster for shipments to and from Europe, while Vancouver
can be faster for ocean service to and from Asia.       
    Union Pacific, the No. 2 U.S. railroad operator, has warned
that a simultaneous stoppage would have devastating consequences
for the U.S. and Canadian economies. 
    Ratings agency Moody's said the stoppage could cost over
C$341 million ($251.14 million) per day.
    Dozens of groups representing miners, farmers, exporters,
and fertilizer producers, among others, have warned that their
sectors face crippling supply-chain delays, increased costs,
cash-flow constraints and potential shutdowns in a protracted
stoppage. 
    
    HOW WOULD THE U.S. AND CANADIAN FARM SECTORS BE AFFECTED? 
    A stoppage would hit the movement of everything from wheat
to ethanol, potash fertilizer and meat. 
    In particular, it would crimp shipments of U.S. spring wheat
from Minnesota, North Dakota and South Dakota to the Pacific
Northwest for export. A stoppage would also hit Canadian potash
and grain exports.    
    The U.S. exported $28.3 billion of agricultural products to
Canada in 2023, making it the third-largest destination for U.S.
agricultural exports behind China and Mexico. The U.S. imported
$40.1 billion of Canadian agricultural products last year,
making Canada the second-largest source of U.S. agricultural
imports.
    Ethanol, potash, corn, cereals, food grains, cooking oils,
and meat are among the agricultural products traded between the
two nations. 
    
    WILL TRADE WITH MEXICO BE AFFECTED TOO? 
    Mexico is Canada's third-largest single-country merchandise
trading partner behind the U.S. and China, while Canada was
Mexico's fourth-largest merchandise trading partner in 2023.
    Mexico exports trucks, cars and vehicle parts to Canada,
along with mangoes and avocados. Canada exports wheat, meat,
aluminum, cars and parts to Mexico.  
    Two-way trade between the two countries, much of which moves
via the rails, was nearly C$55 billion in 2023. 
    
    CAN THE TRUCKING INDUSTRY STEP INTO THE BREACH?
    Truckers say they are facing a surge in demand and that road
freight rates are rising for shippers in Canada. However,
industry insiders say that while the trucking sector can handle
some of the demand, it cannot replace rail distribution. In some
cases, the industry does not have the equipment, nor the
capacity, to handle bulk commodity cargoes such as potash, food
grains, or coal. 
    
    ($1 = 1.3578 Canadian dollars)
  

    




    <^^^^^^^^^^^^^^^^^^^^^^^^^^^^^^^^^^^^^^^^^^^^^^^^^^^^^^^^^^^
QUOTES-Industry groups and companies fret ahead of a Canada-wide
freight rail stoppage    [nL4N3K6190]
FACTBOX-From fertilizers to coal, Canadian industries to feel
the squeeze from rail stoppage    [nL4N3K60S6]
FACTBOX-Key facts about Canada's biggest rail operators as
massive work stoppage looms    [nL4N3K403C]
EXPLAINER-Why Canada is on the verge of an unprecedented rail
labor stoppage    [nL1N3K60NG]
Canada Railroads    https://reut.rs/3Ar1I8r
2023 revenue breakup of Canada's railroads    https://reut.rs/3YTaCWH
    ^^^^^^^^^^^^^^^^^^^^^^^^^^^^^^^^^^^^^^^^^^^^^^^^^^^^^^^^^^^>
 (Reporting by David Ljunggren; Editing by Rod Nickel)
 ((david.ljunggren@tr.com; +1 647 480 7891;))",urn:newsml:reuters.com:20240821:nL1N3K80V9:3
"(Adds comment from ratings agency Moody's in paragraph 4; farm
impact details in paragraphs 18-19)
       Aug 21 (Reuters) - Canada's freight rail transport could
come to a grinding halt as the country's two biggest railroad
operators plan an unprecedented, simultaneous work stoppage
following deadlocked talks over labor contracts.
    Both Canadian National Railway <CNR.TO> and Canadian Pacific
Kansas City <CP.TO> will lock out workers on Thursday if
last-minute talks with the Teamsters Union fail to avert a
costly stoppage.
    Canada, the world's second-largest country by area, relies
heavily on rails to transport grain, automobiles, potash, coal
and other goods. The railways transport about C$380 billion
($277 billion) worth of goods and commodities annually, and the
impact of the rail stoppage is expected to be felt across North
America.
    Rating agency Moody's estimates the simultaneous stoppage
could cost the Canadian economy C$341 million per day. 
    Here are some sectors set to be damaged by a potential rail
stoppage:
    
FERTILIZERS
* Fertilizers account for the third-highest volume among
commodities shipped by Canadian railways, and 75% of all
fertilizer produced and used in the country is moved by rail. 
* The railways move an average of 69,000 metric tons of
fertilizer product per day, equivalent to four to five trains
daily.
* Fertilizer Canada, which represents producers such as CF
Industries <CF.N> and Nutrien <NTR.TO>, has estimated C$55
million to C$63 million per day in lost sales revenue from
disruptions of all rail services.
* Top potash producer Nutrien said the potential stoppage could
hamper its full-year potash sales.
    
TRUCKING 
* About 85% of U.S.-Canada cross-border freight in either
direction is primarily handled by Canadian trucking carriers.
* Truckers say they can absorb some of the increased demand, but
cannot replace long-haul rail distribution, especially for bulk
commodities such as coal, potash and food grains.
* Truckload shippers with spot freight, as well as rail shippers
looking to convert to truck, should expect not only higher costs
but also longer lead times, says U.S. freight forwarder C.H.
Robinson <CHRW.O>.
    
COAL
* Coal is one of Canada's top bulk commodities transported by
rail, with over 30 million metric tons moved annually, according
to the Coal Association of Canada.
* Shipment disruptions could affect mining giant Glencore
<GLEN.L> and its majority-owned unit, Elk Valley Resources.     
 
CRUDE OIL
* An average of 94,400 barrels per day of crude oil has been
exported via rails this year, according to the Canada Energy
Regulator.
* The strike is, however, unlikely to significantly reduce oil
exports to the United States, due to excess capacity on Trans
Mountain and other pipelines.
            
GRAINS AND AGRI PRODUCTS
* Canadian farmers rely on the railways to move their products
to the market. As much as 94% of grain is shipped by rail,
according to Grain Growers of Canada.
* A stoppage would crimp shipments of U.S. spring wheat from
Minnesota, North Dakota and South Dakota to the Pacific
Northwest for export. 
* Nearly three dozen North American agriculture groups warn a
simultaneous stoppage would be particularly severe on bulk
commodity exporters in both Canada and the United States.
           
TIMBER 
* With exports worth C$45.5 billion in 2022, as per Canadian
government data, the forest sector is an important contributor
to the country's economy. 
* Pulp producer Mercer International <MERC.O> said it was
working on contingency plans including alternative transport
methods in anticipation of a rail stoppage, while Conifex Timber
<CFF.TO> is reducing its sawmill operating schedule at its
Mackenzie, British Columbia site 
* Canadian National Railway is North America's largest rail
carrier of forest products, according to its website. 
   
   
AUTOS
* The U.S. imported and exported transportation equipment worth
about $73 billion respectively in 2023 from Canada, according to
the International Trade Administration.
* Canadian National's website said it handles over 2 million
finished vehicles on an annual basis, catering to over 12 North
American vehicle assembly plants.
* Canadian Pacific Kansas City caters to about 90% of automotive
assembly plants in Mexico, it said on its website.
    
WINE INDUSTRY
* Canada exported 219.78 kilolitres of wine in 2023 and imported
407.38 kilolitres, per government data.
* Ontario Craft Wineries, a local trade association, said a rail
stoppage could apply supply-chain pressure on several inputs
such as glass bottles, corks, and barrels and affect its
members' ability to export wines to other countries or slow down
the rate of imported bulk wine into Canada.

    <^^^^^^^^^^^^^^^^^^^^^^^^^^^^^^^^^^^^^^^^^^^^^^^^^^^^^^^^^^^
Exports of Canadian forest products    https://reut.rs/3yAvpUh
EXPLAINER-Why a Canadian freight rail halt would roil North
American supply chains    [nL1N3K80V9]
FACTBOX-Key facts about Canada's biggest rail operators as
massive work stoppage looms    [nL4N3K403C]
    ^^^^^^^^^^^^^^^^^^^^^^^^^^^^^^^^^^^^^^^^^^^^^^^^^^^^^^^^^^^>
 (Reporting by Mrinalika Roy and Nathan Gomes in Bengaluru;
Editing by Sriraj Kalluvila and Rod Nickel)
 ((mrinalika.roy@thomsonreuters.com;))",urn:newsml:reuters.com:20240821:nL4N3K81CG:7
"OTTAWA, Aug 21 (Reuters) - Canada's rail stoppage could
cost over C$341 million per day, ratings agency Moody's said on
Wednesday, hours before two major local freight rail operators
were expected to lockout workers if a deal with the Teamsters
union is not reached.
    ""Canada is approaching an economic precipice and time is
dwindling,"" the ratings agency said in a note.
     Completely shutting down 75% of Canada's freight rail
traffic would cost the economy up to C$341 million ($251
million) per day, a rate equal to more than 4% of the nation's
GDP, it added. 

($1 = 1.3586 Canadian dollars)

 (Reporting by David Ljunggren and Promit Mukherjee
Editing by Chris Reese)
 ((promit.mukherjee@thomsonreuters.com;))",urn:newsml:reuters.com:20240821:nT5N3GR02M:7
"(Recasts with lockout)
    By David Ljunggren
       OTTAWA, Aug 22 (Reuters) - Canada's two main freight
rail companies locked out around 10,000 of their Canadian
unionized workers early on Thursday, starting an unprecedented
simultaneous work stoppage that will grind almost all railway
freight movement in the country to a halt.
    
    HOW INTEGRATED ARE THE RAIL NETWORKS ACROSS NORTH AMERICA?
    Canadian National Railway Co <CNR.TO> and Canadian Pacific
Kansas City <CP.TO> have said their rail networks south of the
border will continue to operate, but industry groups fear that a
work stoppage would have far-reaching effects on the movement of
goods and commodities across North America.
    CN and CPKC's coast-to-coast rail networks in Canada connect
south of the border and serve as important supply chain links to
trade corridors and ports across North America.
    The networks intersect with those of U.S. rail operators
such as BNSF Railway [BNISF.UL], Union Pacific <UNP.N>, Norfolk
Southern <NSC.N> and CSX <CSX.O>, facilitating the movement of
billions of dollars' worth of goods and commodities through
ports and warehouses across the continent.
    CN's network stretches south to New Orleans. CPKC's network
links to the U.S. ports of Corpus Christi, New Orleans and
Gulfport, and it extends further south to the ports of Tampico
and Lázaro Cárdenas on the east and west coasts of Mexico.
     
    
    HOW WOULD A CANADIAN RAIL STOPPAGE AFFECT THE UNITED STATES?
    Around a third of the traffic moved by the two Canadian rail
companies crosses the border with the United States.
    Many U.S. companies and producers, especially those in the
Midwest, use Canadian ports for imports and exports, as Montreal
can be faster for shipments to and from Europe, while Vancouver
can be faster for ocean service to and from Asia.       
    Union Pacific, the No. 2 U.S. railroad operator, has warned
that a simultaneous stoppage would have devastating consequences
for the U.S. and Canadian economies. 
    Ratings agency Moody's said the stoppage could cost over
C$341 million ($251.14 million) per day.
    Dozens of groups representing miners, farmers, exporters,
and fertilizer producers, among others, have warned that their
sectors face crippling supply-chain delays, increased costs,
cash-flow constraints and potential shutdowns in a protracted
stoppage. 
    
    HOW WOULD THE U.S. AND CANADIAN FARM SECTORS BE AFFECTED? 
    A stoppage would hit the movement of everything from wheat
to ethanol, potash fertilizer and meat. 
    In particular, it would crimp shipments of U.S. spring wheat
from Minnesota, North Dakota and South Dakota to the Pacific
Northwest for export. A stoppage would also hit Canadian potash
and grain exports.    
    The U.S. exported $28.3 billion of agricultural products to
Canada in 2023, making it the third-largest destination for U.S.
agricultural exports behind China and Mexico. The U.S. imported
$40.1 billion of Canadian agricultural products last year,
making Canada the second-largest source of U.S. agricultural
imports.
    Ethanol, potash, corn, cereals, food grains, cooking oils,
and meat are among the agricultural products traded between the
two nations. 
    
    WILL TRADE WITH MEXICO BE AFFECTED TOO? 
    Mexico is Canada's third-largest single-country merchandise
trading partner behind the U.S. and China, while Canada was
Mexico's fourth-largest merchandise trading partner in 2023.
    Mexico exports trucks, cars and vehicle parts to Canada,
along with mangoes and avocados. Canada exports wheat, meat,
aluminum, cars and parts to Mexico.  
    Two-way trade between the two countries, much of which moves
via the rails, was nearly C$55 billion in 2023. 
    
    CAN THE TRUCKING INDUSTRY STEP INTO THE BREACH?
    Truckers say they are facing a surge in demand and that road
freight rates are rising for shippers in Canada. However,
industry insiders say that while the trucking sector can handle
some of the demand, it cannot replace rail distribution. In some
cases, the industry does not have the equipment, nor the
capacity, to handle bulk commodity cargoes such as potash, food
grains, or coal. 
    
($1 = 1.3578 Canadian dollars)

    

    <^^^^^^^^^^^^^^^^^^^^^^^^^^^^^^^^^^^^^^^^^^^^^^^^^^^^^^^^^^^
QUOTES-Industry groups and companies fret ahead of a Canada-wide
freight rail stoppage    [nL4N3K6190]
FACTBOX-From fertilizers to coal, Canadian industries to feel
the squeeze from rail stoppage    [nL4N3K60S6]
FACTBOX-Key facts about Canada's biggest rail operators as
massive work stoppage looms    [nL4N3K403C]
EXPLAINER-Why Canada is on the verge of an unprecedented rail
labor stoppage    [nL1N3K60NG]
Canada Railroads    https://reut.rs/3Ar1I8r
2023 revenue breakup of Canada's railroads    https://reut.rs/3YTaCWH
    ^^^^^^^^^^^^^^^^^^^^^^^^^^^^^^^^^^^^^^^^^^^^^^^^^^^^^^^^^^^>
 (Reporting by David Ljunggren; Editing by Rod Nickel and Jamie
Freed)
 ((david.ljunggren@tr.com; +1 647 480 7891;))",urn:newsml:reuters.com:20240822:nL1N3K902Y:2
"(Recasts with lockout)
       Aug 22 (Reuters) - Canada's freight rail transport could
come to a grinding halt after the country's two biggest railroad
operators announced an unprecedented, simultaneous work stoppage
following deadlocked talks over labor contracts.
    Canadian National Railway <CNR.TO> and Canadian Pacific
Kansas City <CP.TO> said they had locked out their workers and
shut their networks in the country early on Thursday after
last-minute talks with the Teamsters union failed to avert a
costly stoppage.
    Canada, the world's second-largest country by area, relies
heavily on railways to transport grain, automobiles, potash,
coal and other goods. The railways transport about C$380 billion
($277 billion) worth of goods and commodities annually, and the
impact of the rail stoppage is expected to be felt across North
America.
    Rating agency Moody's estimates the simultaneous stoppage
could cost the Canadian economy C$341 million per day. 
    Here are some sectors set to be damaged by the rail
stoppage:
    
FERTILIZERS
* Fertilizers account for the third-highest volume among
commodities shipped by Canadian railways, and 75% of all
fertilizer produced and used in the country is moved by rail. 
* The railways move an average of 69,000 metric tons of
fertilizer product per day, equivalent to four to five trains
daily.
* Fertilizer Canada, which represents producers such as CF
Industries <CF.N> and Nutrien <NTR.TO>, has estimated C$55
million to C$63 million per day in lost sales revenue from
disruptions of all rail services.
* Top potash producer Nutrien said the stoppage could hamper its
full-year potash sales.
    
TRUCKING 
* About 85% of U.S.-Canada cross-border freight in either
direction is primarily handled by Canadian trucking carriers.
* Truckers say they can absorb some of the increased demand, but
cannot replace long-haul rail distribution, especially for bulk
commodities such as coal, potash and food grains.
* Truckload shippers with spot freight, as well as rail shippers
looking to convert to truck, should expect not only higher costs
but also longer lead times, says U.S. freight forwarder C.H.
Robinson <CHRW.O>.
    
COAL
* Coal is one of Canada's top bulk commodities transported by
rail, with more than 30 million metric tons moved annually,
according to the Coal Association of Canada.
* Shipment disruptions could affect mining giant Glencore
<GLEN.L> and its majority-owned unit, Elk Valley Resources.     
 
CRUDE OIL
* An average of 94,400 barrels per day of crude oil has been
exported via rails this year, according to the Canada Energy
Regulator.
* The strike is, however, unlikely to significantly reduce oil
exports to the United States, due to excess capacity on Trans
Mountain and other pipelines.
            
GRAINS AND AGRI PRODUCTS
* Canadian farmers rely on the railways to move their products
to the market. As much as 94% of grain is shipped by rail,
according to Grain Growers of Canada.
* A stoppage would crimp shipments of U.S. spring wheat from
Minnesota, North Dakota and South Dakota to the Pacific
Northwest for export. 
* Nearly three dozen North American agriculture groups have
warned a simultaneous stoppage would be particularly severe on
bulk commodity exporters in both Canada and the United States.
           
TIMBER 
* With exports worth C$45.5 billion in 2022, as per Canadian
government data, the forest sector is an important contributor
to the country's economy. 
* Pulp producer Mercer International <MERC.O> said it was
working on contingency plans including alternative transport
methods in anticipation of the rail stoppage, while Conifex
Timber <CFF.TO> is reducing its sawmill operating schedule at
its Mackenzie, British Columbia site 
* Canadian National Railway is North America's largest rail
carrier of forest products, according to its website. 
   
   
AUTOS
* The U.S. imported and exported transportation equipment worth
about $73 billion respectively in 2023 from Canada, according to
the International Trade Administration.
* Canadian National's website said it handles over 2 million
finished vehicles on an annual basis, catering to more than 12
North American vehicle assembly plants.
* Canadian Pacific Kansas City caters to about 90% of automotive
assembly plants in Mexico, it said on its website.
    
WINE INDUSTRY
* Canada exported 219.78 kilolitres of wine in 2023 and imported
407.38 kilolitres, per government data.
* Ontario Craft Wineries, a local trade association, said a rail
stoppage could apply supply chain pressure on several inputs
such as glass bottles, corks, and barrels and affect its
members' ability to export wines to other countries or slow down
the rate of imported bulk wine into Canada.
    

    <^^^^^^^^^^^^^^^^^^^^^^^^^^^^^^^^^^^^^^^^^^^^^^^^^^^^^^^^^^^
Exports of Canadian forest products    https://reut.rs/3yAvpUh
EXPLAINER-Why a Canadian freight rail halt would roil North
American supply chains    [nL1N3K80V9]
FACTBOX-Key facts about Canada's biggest rail operators as
massive work stoppage looms    [nL4N3K403C]
    ^^^^^^^^^^^^^^^^^^^^^^^^^^^^^^^^^^^^^^^^^^^^^^^^^^^^^^^^^^^>
 (Reporting by Mrinalika Roy and Nathan Gomes in Bengaluru;
Editing by Rod Nickel, Jamie Freed and Sherry Jacob-Phillips)
 ((mrinalika.roy@thomsonreuters.com;))",urn:newsml:reuters.com:20240822:nL1N3K9031:1
"* 
      Canadian National workers to return to work on Friday
    

        * 
      Work stoppage at Canadian Pacific still ongoing
    

        * 
      Labour Minister MacKinnon expects trains running within
days
    

        * 
      Business groups and companies demanded government action
    

        * 
      Teamsters union says picket lines will remain in place for
now
    

        * 
      New Democratic Party opposed government's decision
    

  
 (Recasts headline and first paragraph with union statement that
CN workers will return to work Friday)
    By David Ljunggren and Promit Mukherjee
       OTTAWA, Aug 22 (Reuters) - Workers at Canadian National
Railway <CNR.TO> will begin returning to work on Friday, the
Teamsters union said, hours after the Canadian government moved
to end an unprecedented rail stoppage.
    The union said the work stoppage at Canadian Pacific Kansas
City <CP.TO> would continue pending an order from the Canadian
Industrial Relations Board (CIRB). The union and company
officials are scheduled to meet with the board on Friday
morning.
    Canada's top two railroads, Canadian National Railway and
Canadian Pacific Kansas City had locked out more than 9,000
unionized workers earlier on Thursday, triggering a simultaneous
rail stoppage that business groups said could inflict hundreds
of millions of dollars in economic damage.
    The Canadian government on Thursday announced that it would
ask the country's industrial relations board to issue a
back-to-work order that should come soon.
    The CIRB, which is independent, will now consult the
companies and unions before issuing an order.
    CN had said it would end its lockout on Thursday at 6 p.m.
ET (2200 GMT). CPKC said it was preparing to restart operations
in Canada and further details on timing would be provided once
it received the CIRB's order.
    ""I assume that the trains will be running within days,""
Labour Minister Steven MacKinnon told reporters.
    As well as requesting a back-to-work order, MacKinnon asked
the board to start a process of binding arbitration between the
Teamsters union and the companies, and extend the terms of the
current labor agreements until new agreements have been signed.
    The sides blamed each other for the stoppage after multiple
rounds of talks failed to yield a deal.
    In a new statement during the early hours on Friday, the
Teamsters union posted on X that it had taken down picket lines
at CN.  
    CN spokesperson Jonathan Abecassis told the Canadian
Broadcasting Corp it could take the company a week or more to
catch up on shipments.
    MacKinnon's decision marked a change of mind by the Liberal
government of Prime Minister Justin Trudeau, which had said it
wanted to see the matter settled at the bargaining table.
    ""We gave negotiations every possible opportunity to succeed
... but we have an impasse here,"" MacKinnon said.
    ""And that is why we have come to this decision today.""
     
    RELIANT ON RAIL
    Business groups and companies had demanded the government
act. 
    Trudeau, in a post on X, said ""collective bargaining is
always the best way forward,"" but added governments must act
when faced with serious consequences to supply chains and the
workers who depend on them.
    Canada is the world's second-largest country by area and
relies heavily on railways to transport a wide range of
commodities and industrial goods. Its economy is heavily
integrated with that of the United States, meaning a stoppage
would roil North American supply chains.
    ""We are pleased the government has responded to our calls to
intervene ... A prolonged stoppage would have imposed enormous
costs on Canadian business,"" the Canadian Manufacturers &
Exporters, an industry group, said in a statement. 
    The rail companies previously said they were forced into the
lockouts to avoid strikes at short notice. They said they had
bargained in good faith and made multiple offers with better pay
and working conditions.
    Paul Boucher, head of the Teamsters rail union, had accused
CN and CPKC of being ""willing to compromise rail safety and tear
families apart to earn an extra buck"".
    Unions typically do not want contracts decided through
arbitration as it removes their leverage from withholding labor
to secure better terms.
    The left-leaning New Democratic Party, which has
traditionally received strong union support and props up
Trudeau's government, opposed the government's decision.
    ""Justin Trudeau has just sent a message to CN, CPKC and all
big corporations - being a bad boss pays off,"" party leader
Jagmeet Singh said in a statement.
    The stoppage has crippled shipments of grain, potash and
coal while also slowing the transport of petroleum products,
chemicals and autos.
    Tens of thousands of people who depend on certain commuter
rail lines into Toronto, Vancouver and Montreal were also hit by
the lockouts, since all train movement on these CPKC-owned lines
had halted indefinitely.
    The stoppage was largely rooted in scheduling, availability
of labor and demands for better work-life balance, according to
the union and companies. It comes after Ottawa introduced new
duty and rest-period rules in 2023.

    <^^^^^^^^^^^^^^^^^^^^^^^^^^^^^^^^^^^^^^^^^^^^^^^^^^^^^^^^^^^
EXPLAINER-Why the Canadian freight rail halt will roil North
American supply chains    [ID:nL1N3K902Y]
FACTBOX-Canadian rail stoppage set to squeeze North American
industries    [ID:nL1N3K9031]
TIMELINE-CN Rail, CPKC shut Canada rail network as labor talks
deadlocked    [ID:nL4N3K717A]
Canadian rail stoppage could cripple shipments    https://reut.rs/3yL2UTP
Canada Railroads    https://reut.rs/3Ar1I8r
    ^^^^^^^^^^^^^^^^^^^^^^^^^^^^^^^^^^^^^^^^^^^^^^^^^^^^^^^^^^^>
 (Reporting by David Ljunggren and Promit Mukherjee in Ottawa,
Abhinav Parmar, Jahnavi Nidumolu and Shubham Kalia in Bengaluru
and Allison Lampert in Montreal; Additional reporting by Nathan
Gomes and Nilutpal Timsina in Bengaluru and Ismail Shakil in
Ottawa; Writing by Abhijith Ganavaparam; Editing by Rod Nickel,
Jamie Freed, Jacqueline Wong and Sriraj Kalluvila)
 ((Abhijith.G@thomsonreuters.com | https://x.com/abhijithg4;
+91-9019785574;))",urn:newsml:reuters.com:20240822:nL1N3K903H:28
"(Adds quote in paragraphs 3-4, details of strike in final para)
       STOCKHOLM, Aug 22 (Reuters) - Shipping company Maersk
<MAERSKb.CO> is evaluating contingency strategies in Canada, the
company said on Thursday after the country's two main freight
rail companies shut down their networks over a labour dispute.
    The Danish company, one of the world's largest container
freight groups, said in an advisory to clients it was still
accepting bookings from and to origins and destinations serviced
by rail via Canadian ports.
    ""As we navigate the current situation affecting Canadian
rail services, we are actively monitoring the evolving
circumstances,"" it said.
    ""Our team is communicating with our rail partners and
evaluating contingency strategies as the situation develops.""
    Canadian National Railway <CNR.TO> and Canadian Pacific
Kansas City <CP.TO> locked out some 10,000 workers on Thursday
in an unprecedented stoppage that will grind railway freight in
the country to a halt and also affect the United States.
        
        
     

    

 (Reporting by Louise Rasmussen and Anna Ringstrom; Editing by
Kirsten Donovan)
 ((anna.ringstrom@thomsonreuters.com;))",urn:newsml:reuters.com:20240822:nL1N3K90RK:12
"(Recasts to add comments from Teck Resources)
    By Divya Rajagopal and Mrinalika Roy
       TORONTO, Aug 22 (Reuters) - Rio Tinto <RIO.L> and Teck
Resources <TECKb.TO> said on Thursday the labor dispute between
Canada's two biggest railway companies and their workers would
likely disrupt their operations and the miners were taking steps
to mitigate the damage.
    A Rio Tinto spokesperson said the company's contingency
plans to minimize the impact included trucking certain materials
and products and increasing use of its own rail network.
    Teck said it was looking to use alternative transportation,
without specifying. A spokesperson added that the interruption
of rail service is negative for its partners and customers in
the critical minerals supply chain.
    Canada's top two railroads, Canadian National Railway
<CNR.TO> and Canadian Pacific Kansas City <CP.TO> locked out
more than 9,000 unionized workers on Thursday, triggering an
unprecedented rail stoppage that threatens to cause billions of
dollars worth of economic damage and disrupt North American
supply chains.
    Rio Tinto's Canadian operations include production of iron
ore, aluminum and diamonds. Canadian operations contributed $800
million to the company's total revenue of $26.8 billion in the
first half of 2024. 
    The lockout will be mostly felt in the iron ore and aluminum
businesses, Rio Tinto said. It owns around 100 kilometres (62
miles) of railway for its aluminum operations and 400 kilometres
of rail network for iron ore.
    Teck's Canadian operations include copper and molybdenum
production at its Highland Valley, British Columbia mine, as
well as zinc and lead smelting and refining at Trail, British
Columbia.  

 (Reporting by Divya Rajagopal in Toronto, Ismail Shakil in
Ottawa, Editing by Franklin Paul and Rod Nickel)
 ((divya.rajagopal@thomsonreuters.com;))",urn:newsml:reuters.com:20240822:nL1N3K90T7:12
"Aug 22 (Reuters) - Canadian National Railway <CNR.TO>
and Canadian Pacific Kansas City <CP.TO> have locked out
workers, starting Thursday, after unsuccessful negotiations
attempts with a major labor union. 
    The workers, represented by Teamsters Canada, have been
negotiating since the expiration of contracts in December 2023. 
    The stoppage has halted movement of grain, potash, coal and
other commodities across the country's extensive freight rail.
    
    Here is a timeline on the negotiations between the parties:
    
 Date         Events
 Dec. 31,     Contracts covering locomotive engineers,
 2023         conductors and yard workers at CN and CPKC
              expire.
 Feb. 19,     Teamsters claim that CN and CPKC are ""not
 2024         serious about negotiating and avoiding a work
              stoppage"".
 May 1, 2024  9,300 railway workers at both companies vote
              to strike as early as May 22. 
 May 10,      The Canadian government says it is moving to
 2024         push back the start of a possible strike by
              railway workers.  
 May 16,      CPKC says its leadership, with the assistance
 2024         of federal mediators, will resume negotiations
              meeting with Teamsters on May 17.
 May 23,      CPKC says talks have hit a deadlock,
 2024         predicting that a legal strike or a lockout
              would not likely occur before mid-July.
 June 7,      The union says CN and CPKC rejected a proposal
 2024         to stagger negotiations with both companies by
              two weeks.
 Aug. 5,      The companies and union restart negotiations 
 2024         along with federal mediators, says Minister of
              Labor Steven MacKinnon. 
 Aug. 9,      Teamsters warns a work stoppage could start on
 2024         Aug. 22 if a deal is not reached.
              
 Aug. 9,      The rail companies say they would lock out
 2024         employees on Aug. 22 if talks to negotiate a
              labor contract fail. 
 Aug. 15,     Minister Steven MacKinnon rejects a request by
 2024         CN Rail to initiate binding arbitration. 
 Aug. 17,     CPKC says will halt any new rail shipments
 2024         originating in Canada, and all new U.S.
              shipments destined for Canada starting on Aug.
              20 if talks fail to progress.
 Aug. 18,     The railroad operators issue lockout notices
 2024         to workers represented by the Teamsters union.
 Aug. 19,     Labor minister says he will meet with both
 2024         companies and the union in Montreal to avert
              stoppage.
 Aug. 22,     CN and CPKC shut down their rail networks in
 2024         the country and lock out nearly 10,000
              workers. 
 
 (Reporting by Aishwarya Jain in Bengaluru; Editing by Sriraj
Kalluvila)
 ((Aishwarya.Jain@thomsonreuters.com;))",urn:newsml:reuters.com:20240822:nL4N3K717A:5
"* 
      Impact to be short-lived if stoppage ends in 7-10 days
    

        * 
      Hit to economy to rise exponentially beyond a few weeks
    

        * 
      Estimates say 4-week stoppage could see 49,000 job losses
    

  
    By Promit Mukherjee
       OTTAWA, Aug 22 (Reuters) - Canada's economy could shrink
by billions of dollars this year if a rail stoppage that began
on Thursday continues for weeks, and the knock-on effects would
swell jobless numbers and consumer prices, economists and
analysts warned.
    However, the economic impact could be minimal if the
stoppage lasts less than a week, they said.
    Canada's two biggest freight rail operators Canadian
National Railway <CNR.TO> and Canadian Pacific Kansas City
<CP.TO> locked out workers affiliated with the Teamsters union
on Thursday, after both companies and the union failed to
conclude labor deals.  
    ""If you have a stoppage that is extended, that drags out,
that could be really devastating,"" said Pedro Antunes, chief
economist at the Conference Board of Canada, an economic
think-tank.
    A two-week rail strike would result in a $3-billion loss in
nominal GDP this year, and a four-week strike could lower GDP by
nearly $10 billion in 2024, he said, adding it could result in
49,000 job losses in the year.
    The unprecedented simultaneous stoppage of the majority of
Canada's rail freight is ""growth-negative and
inflation-positive,"" said Robert Kavcic, senior economist with
BMO Capital Markets.
    Kavcic expects that the stoppage could shave around 0.1
percentage points each week from economic growth, ""but the
impact could build the longer it drags on,"" he warned. This
translates into a weekly impact of over $2 billion in nominal
GDP terms.  
    Canada's economic growth has been lackluster this year as
consumers and businesses reeled under near 23-year-high interest
rates before the Bank of Canada started trimming its policy rate
in June. 
    After cutting interest rates in July for a second straight
month, Governor Tiff Macklem hinted at shifting the bank's focus
to boosting the economy rather than suppressing inflation.
    First-quarter GDP growth was 1.7%, far below the bank's
April forecast, and weakness in the economy made it scale down
growth expectations this year to 1.2% from 1.5% in April.
    Economists have said that rising unemployment, which hit a
30-month high last month, and a wave of around C$300 billion
($220.78 billion) in mortgage renewals next year, will keep
economic conditions strained. 
    Amid all this, a protracted rail stoppage could lead to
economic inertia, warned economists.
    Derek Holt, head of capital markets economics at Scotiabank
<BNS.TO> said that a one- to three-week strike could have a
0.1%-0.2% monthly drag on GDP, but its impact would rise
exponentially with each passing day beyond three weeks.
    The world's second-largest country by area, Canada relies
heavily on CN and CPKC to ship grain, fertilizers and other
commodities, along with manufactured goods such as chemicals and
automobiles.
    The total rail freight cargo hauled annually in Canada tops
C$380 billion, with the vast majority moving on CN and CPKC's
tracks.
    Randall Bartlett, senior director of Canadian economics at
Desjardins, said past rail stoppages have not usually continued
beyond a week or 10 days. 
    ""If it is short-lived like (in the) past, the impact is
minimal,"" he said, adding a stoppage would do significant
economic damage if it continues beyond a few weeks.
    ($1 = 1.3588 Canadian dollars)

 (Reporting by Promit Mukherjee; Editing by Rod Nickel)
 ((promit.mukherjee@thomsonreuters.com;))",urn:newsml:reuters.com:20240822:nL4N3K81LF:1
"Aug 22 (Reuters) - The Teamsters union said on Thursday
that Canada's two largest rail companies had locked out their
Canadian workers, an unprecedented rail stoppage that could
badly damage the economy.
    Canadian National Railway <CNR.TO> and Canadian Pacific
Kansas City <CP.TO> announced the lockout of their Canadian
workers on Thursday after failed labor talks.
    

 (Reporting by Abhinav Parmar and Jahnavi Nidumolu in Bengaluru;
Edited by David Ljunggren, Rod Nickel and Jamie Freed)",urn:newsml:reuters.com:20240822:nL4N3K90AD:5
"(Updates with companies locking out workers)
       OTTAWA, Aug 22 (Reuters) - Canada is seeing an
unprecedented simultaneous stoppage at its two main freight rail
operators that could inflict billions of dollars worth of
economic damage.
    The two rail operators, Canadian National Railway <CNR.TO>
and Canadian Pacific Kansas City <CP.TO>, are holding separate
talks with the Teamsters' union, which represents more than
9,000 workers including locomotive engineers, conductors, train
and yard workers and rail traffic controllers.
The companies locked out workers on Thursday after failing to
reach a labor deal.
    Here are a few key facts about the two rail operators:
     
    HISTORICAL BACKGROUND
    CN Rail's history dates back to the 1830s, but it was only
officially incorporated in 1919. Headquartered in Montreal, the
company was government-owned until it was taken public in 1995.
Through its acquisitions of Illinois Central Corp and Wisconsin
Central in the late 1990s and early 2000s, CN expanded its rail
network across the Great Lakes region and down to the Gulf of
Mexico. 
    CPKC's history dates back to the 1880s. Previously known as
CP Rail, it was built to connect Canada from coast-to-coast. CP
Rail was once involved in several businesses including mining
and hospitality, and it built and owned iconic Canadian
properties such as the Banff Springs Hotel, the Royal York in
Toronto, and Château Frontenac in Quebec City.
    Calgary-headquartered CP Rail spun-out its other businesses
in 2001. It bought Kansas City Southern Railway in 2021, and
became CPKC, forming the first single-line rail connecting the
U.S., Mexico and Canada. 
     
    RAIL NETWORKS
    Although some U.S. rail operators do have small branch lines
that enter Canada, CN Rail and CPKC hold a duopoly and are the
two dominant freight rail operators in the country. With
coast-to-coast networks, the duo account for the vast majority
of all rail transport industry revenues in the country, own more
than 75% of all tracks, and account for roughly three-quarters
of the overall tonnage carried by the rail sector in Canada.
    For Canada, the two operators serve as important supply
chain links to trade corridors and ports across the continent of
North America. 
    CN Rail, which employs around 25,000 people, has a network
that stretches from Vancouver to Halifax in Canada, and all the
way down to New Orleans.
    CPKC, which has roughly 20,000 employees, has a network that
runs from Vancouver to Montreal. It also links to the ports of
Corpus Christi, New Orleans and Gulfport in the Gulf of Mexico,
and further south it connects to the ports of Tampico and Lázaro
Cárdenas on the east and west coasts of Mexico. 
        
    REVENUE MIX
    In 2023, 25% of CN Rail's freight revenue came from grain,
fertilizers and coal; metals, minerals and forest products were
24% of its revenue mix; and petroleum products, chemicals, autos
and intermodal container cargoes accounted for the remainder. 
    In 2023, 35% of CPKC's freight revenue came from shipments
of coal, grain, potash and fertilizers. Forest products, energy,
chemicals, metals and autos accounted for 45% of its revenue
mix, with the remainder coming from intermodal container cargo. 
     
    PRIOR WORK STOPPAGES
In 2019, about 3,200 unionized workers of CN Rail, including
conductors and yardmen, went on an eight-day strike in Canada.
That strike led to heating fuel shortages, large backlogs and a
slowdown in industrial output from plants making goods ranging
from chemicals to canola oil.
In 2018, a day-long strike ended after the Teamsters and CP Rail
struck a four-year contract. And in 2015, CP Rail and the
Teamsters agreed to seek mediated arbitration, ending another
short-lived strike.
In 2012, about 4,800 locomotive engineers, conductors and
yardmen of CP Rail went on over a week-long strike that only
ended after the government introduced back-to-work legislation,
at a time when the economy was still recovering from the global
financial crisis and a recession.

    <^^^^^^^^^^^^^^^^^^^^^^^^^^^^^^^^^^^^^^^^^^^^^^^^^^^^^^^^^^^
EXPLAINER-Why Canada is on the verge of an unprecedented rail
labor stoppage    [ID:nL1N3K405J]
    ^^^^^^^^^^^^^^^^^^^^^^^^^^^^^^^^^^^^^^^^^^^^^^^^^^^^^^^^^^^>
(Reporting by Promit Mukherjee
Editing by Chris Reese, Edwina Gibbs)
((mailto:promit.mukherjee@thomsonreuters.com;))",urn:newsml:reuters.com:20240822:nL6N3K90IN:2
"(Updates with lockout)
    By David Ljunggren
       OTTAWA, Aug 22 (Reuters) - For the first time, Canada's
two main railway companies - Canadian National Railway <CNR.TO>
and Canadian Pacific Kansas City <CP.TO> - are seeing a
simultaneous labor stoppage that could inflict billions of
dollars' worth of economic damage.
     
    WHY HAVE OPERATIONS AT BOTH COMPANIES STOPPED?
    Contract talks between the Teamsters union and the companies
usually take place a year apart, but in 2022, after the federal
government introduced new rules on fatigue, CN requested a
year-long extension to its existing deal rather than negotiate a
new one. 
    This meant both companies' labor agreements expired at the
end of 2023 and talks have been ongoing since. As a result, for
the first time the failure of negotiations would halt the vast
majority of the Canadian freight rail system.
    The Teamsters represent more than 9,000 members who work as
locomotive engineers, conductors, train and yard workers and
rail traffic controllers at the two companies in Canada.
     
    WHAT IS HAPPENING?
CN Rail and CPKC locked out workers on Thursday after failing to
reach a deal. 
    CPKC, created in 2023 through a merger of Canadian Pacific
and Kansas City Southern, has a U.S. and Mexican network which
it says will operate normally. CN also says trains on its U.S.
network will run.
    That said, the stoppage will disrupt shipments south of the
border. Both rail operators and some of their U.S. competitors
began to refuse certain cross-border cargoes that would rely on
the CN and CPKC networks ahead of the lockout. 
    The railways move grain, autos, coal and potash, among other
shipments.
     
    WHAT ARE THE SIDES ARGUING ABOUT?
    The union says CPKC wants ""to gut the collective agreement
of all safety-critical fatigue provisions"", meaning crews will
be forced to stay awake longer, boosting the risk of accidents.
    CPKC says its offer maintains the status quo for all work
rules, ""fully complies with new regulatory requirements for rest
and does not in any way compromise safety.""
    The Teamsters say CN wants to implement a forced relocation
provision, which would see workers ordered to move across Canada
for months at a time to fill labor shortages.
    CN says it has made four offers this year on wages, rest,
and labor availability while remaining fully compliant with
government-mandated rules overseeing duty and rest periods.
     
    WHAT CAN THE FEDERAL GOVERNMENT DO?
    Under article 107 of the federal labor code, Labour Minister
Steven MacKinnon has broad powers and can order the sides to
enter binding arbitration. In 2023, his predecessor, Seamus
O'Regan, issued such an order to end a dockworkers strike in
British Columbia. In that case, unlike the current rail dispute,
the sides had largely agreed on the outlines of a deal.
    MacKinnon has rejected a request by CN for binding
arbitration, urging the sides instead to put in more effort at
the negotiating table. 
   
  

    <^^^^^^^^^^^^^^^^^^^^^^^^^^^^^^^^^^^^^^^^^^^^^^^^^^^^^^^^^^^
GRAPHIC-Canada Railroads    https://reut.rs/3Ar1I8r
    ^^^^^^^^^^^^^^^^^^^^^^^^^^^^^^^^^^^^^^^^^^^^^^^^^^^^^^^^^^^>
 (Reporting by David Ljunggren; Editing by Rod Nickel and Paul
Simao)
 ((mailto:david.ljunggren@tr.com; +1 647 480 7891;))",urn:newsml:reuters.com:20240822:nL6N3K90J2:1
"STOCKHOLM, Aug 22 (Reuters) - Shipping company Maersk
<MAERSKb.CO> is evaluating contingency strategies in Canada, the
company said on Thursday after the country's two main freight
rail companies shut down their networks over a labour dispute.
    The Danish company said in an advisory to clients it was
still accepting bookings from and to origins and destinations
serviced by rail via Canadian ports.

    

 (Reporting by Louise Rasmussen and Anna Ringstrom; Editing by
Kirsten Donovan)
 ((anna.ringstrom@thomsonreuters.com;))",urn:newsml:reuters.com:20240822:nL8N3K91DK:2
"TORONTO, Aug 22 (Reuters) - Rio Tinto <RIO.L> expects
the labor dispute between the workers and the management of
Canada's two biggest rail networks will affect its ability to
receive raw materials at several sites across Canada and ship
products to customers in North America, the miner told Reuters
on Thursday.
    Rio Tinto added that it has contingency plans in place to
minimize impact that includes trucking certain materials and
products and increasing use of its own rail network.

 (Reporting by Divya Rajagopal in Toronto, Editing by Franklin
Paul)
 ((divya.rajagopal@thomsonreuters.com;))",urn:newsml:reuters.com:20240822:nO8N3JV02B:3
"OTTAWA, Aug 22 (Reuters) - The Canadian government will
have more to say soon on how it plans to tackle a nationwide
rail stoppage, Prime Minister Justin Trudeau said on Thursday,
stressing the need for a quick solution.
    Trudeau, speaking to reporters in Quebec, said the stoppage
was having an impact across the country.

 (Reporting by David Ljunggren)
 ((david.ljunggren@tr.com; +1 647 480 7891;))",urn:newsml:reuters.com:20240822:nT5N3GR02O:2
"By Karl Plume
       Aug 23 (Reuters) - Canada's rail shutdown may still
delay loading of some bulk grain ships at the country's
west-coast ports despite the government's move to end a stoppage
at the nation's two largest railroads, traders and analysts
said.
    At risk are more than 20 bulk cargo ships at or bound for
British Columbia ports as in-port grain stocks represent just a
fraction of what is scheduled to load over the coming weeks,
according to shipping industry and government data.
    Exporters in the world's top canola producer and No. 3 wheat
shipper could rack up vessel demurrage penalties totaling tens
of thousands of dollars a day if ships sit idle waiting for
supplies, analysts said.
    Although workers at Canadian National Railway <CNR.TO>
returned to work on Friday, their union said they will strike on
Monday and challenge the constitutionality of the government's
move to end the shutdown. Canadian Pacific Kansas City <CP.TO>
has yet to lift its lockout. 
    Thursday's stoppage marked the first time both railroads had
shut down simultaneously.
    ""The rail situation in Canada remains very fluid and
uncertain,"" Mike Steenhoek, executive director at the U.S.-based
Soy Transportation Coalition said in a statement.
    Rail delays threaten the flow of grain from Canada's
prairies to export terminals just as farmers begin to harvest
their crops.
    If disruptions persist, sales booked for loading in the
autumn are also at risk of being canceled.
    ""(Exporters) could try to declare force majeure and go into
arbitration ... or they can rack up the demurrage charges,"" said
independent analyst Wayne Palmer.
    There were 20 bulk vessels anchored near or en route to Port
of Vancouver as of Aug. 19, earmarked for loading with 638,900
metric tons of canola and 428,200 tons of milling wheat,
according to vessel lineup data seen by Reuters.
    Most of the canola was due to be shipped to China, while the
wheat was slated for various destinations in Asia, South America
and Africa, the data showed.
    However, the commitments far exceeded commercial stocks in
Vancouver of 217,500 tons of canola and 216,100 tons of wheat as
of Aug. 11, according to the latest data available from
Statistics Canada.
    Vessel-lineup data identified another two vessels bound for
Prince Rupert, British Columbia, to be loaded with 134,200 tons
of wheat. Wheat stocks there were just 11,900 tons, StatsCan
data showed.
    
    

 (Reporting by Karl Plume in Chicago; Editing by Rod Nickel)
 ((karl.plume@thomsonreuters.com; +1 313 484 5285; Reuters
Messaging: karl.plume.thomsonreuters.com@reuters.net))",urn:newsml:reuters.com:20240823:nL1N3K90WY:3
"* 
      Teamsters union files strike notice for CN workers
starting
Monday
    

        * 
      CN says trains are resuming operations
    

        * 
      Labour Minister asks CIRB to issue back-to-work order
    

  
 (Adds Teamsters, CN statements in paragraphs 5, 6)
    By Allison Lampert, David Ljunggren and Anna Mehler Paperny
       MONTREAL/OTTAWA, Aug 23 (Reuters) - The union
representing over 9,000 Canadian rail workers vowed on Friday to
challenge the federal government's effort to mandate binding
arbitration that would end an unprecedented rail stoppage at
both of the country's main freight rail carriers.
    The Teamsters union also filed notice to strike on Monday at
Canadian National Railway <CNR.TO>, Canada's largest railway.
    The union's moves are the latest twist in labor disputes at
CN and Canadian Pacific Kansas City <CP.TO>, which locked out
Teamsters members on Thursday, triggering a simultaneous rail
stoppage that business groups said could inflict hundreds of
millions of dollars in economic damage. 
    They further complicate the task of the Canada Industrial
Relations Board (CIRB), which was meeting for hours on Friday
with union and railway representatives, after the government
asked it to end the impasse.
    The Teamsters union on Friday night said the parties had
concluded a day-long meeting, in which it argued that the
government did not have absolute power to end the labor action.
""The union will lawfully abide by any decision from the CIRB,
and is prepared to file challenges in federal court if
necessary,"" it said.
        Railroad CN in a statement said it would move forward
with a recovery plan until a CIRB decision was issued.
  
        Labour Minister Steven MacKinnon, citing the risk to the
economy, also asked the board to impose binding arbitration on
talks between the union and companies, and for operations at
both railways to resume immediately.
    Canada, the world's second-largest country by area, relies
heavily on trains to transport a wide range of commodities and
goods. 
    The Canadian Chamber of Commerce said it was disappointed
with the Teamsters' decision to challenge the government's
directive.
    ""This action will prolong the damage to our economy and
jeopardize the wellbeing and livelihoods of Canadians, including
union and non-union workers across multiple industries,"" the
group said.
     
    LEGAL CHALLENGES
    Legal experts warned the Teamsters' challenge creates
uncertainty and delays.
    If CIRB orders workers back on the job pending binding
arbitration, the union could challenge that decision and ask for
a judicial review, said University of Manitoba employment law
professor Bruce Curran, adding that if the employees do not
return to work while the hearing is pending, the railways could
seek an injunction forcing them back.
    The federal government could also seek to pass back-to-work
legislation, for which it would need the support of at least one
other party because it does not control a majority of seats. The
left-leaning New Democratic Party, which traditionally enjoyed
strong union support and which props up Trudeau's government,
has decried the government's intervention.
    The timeline for a CIRB decision is unclear, the union said
on Friday afternoon in a statement.
    Earlier in the day, Francois Laporte, president of Teamsters
Canada, denounced MacKinnon's decision.
    ""We don't believe a third party (should) decide what are
going to be our working conditions,"" he told reporters at a
picket outside CPKC's Calgary headquarters.
    He said that in case of a back-to-work order, ""our people
will still be on strike. We will still be on the streets, so
operations will not resume. It's not going to be business as
usual for both companies"".
     
    STRIKE NOTICE
    The union representing CN workers also served the company
with a strike notice on Friday, shortly after saying its members
would return to work in response to CN lifting its lockout.
    The union filed notice that conductors, locomotive engineers
and other workers at Montreal-based CN would strike on Monday at
10 a.m. ET (1400 GMT).
    The Teamsters said they were prepared to negotiate with CN
over the weekend and reach a deal despite disputes over
scheduling, duration of shifts and availability of labor.
    The Canadian government and CPKC had no comment on Friday.
    CPKC said late on Thursday that it was preparing to restart
operations in Canada and that further details on timing would be
provided once it received CIRB's order.
    A CN spokesperson said on Friday trains were starting to run
and that its plan to resume operations was under way.
    ""We are focused on getting back to work,"" said Jonathan
Abecassis, CN's spokesperson. ""The Teamsters are focused on
getting back to the picket line.""
    A lockout at CPKC has not been lifted. The union had already
served CPKC with a strike notice before the lockout began.
    MacKinnon had expressed confidence on Thursday that his move
to refer the matter to CIRB and seek binding arbitration would
survive a court challenge, given the broad power he has under
the country's labor code.
    ""We're very, very confident about the path that we've
selected here.""
     

    <^^^^^^^^^^^^^^^^^^^^^^^^^^^^^^^^^^^^^^^^^^^^^^^^^^^^^^^^^^^
Canada railroads    https://reut.rs/4fUaFHN
    ^^^^^^^^^^^^^^^^^^^^^^^^^^^^^^^^^^^^^^^^^^^^^^^^^^^^^^^^^^^>
 (Reporting by Allison Lampert in Montreal and David Ljunggren
in Ottawa and Anna Mehler Paperny in Toronto; Additional
reporting by Nilutpal Timsina; Editing by Ismail Shakil,
Jonathan Oatis, Rod Nickel, David Evans and Diane Craft)
 ((mailto:ismail.shakil@tr.com;))",urn:newsml:reuters.com:20240823:nL1N3KA0ET:5
"* 
      Wheat weakens on Black Sea exports
    

        * 
      Soy up as traders reposition ahead of weekend
    

        * 
      Corn dips ahead of crop tour forecast
    

  
 (Updates with closing prices, changes paragraphs 7, 11)
    By Heather Schlitz
       CHICAGO, Aug 23 (Reuters) - Soybeans rose while corn
eased on Friday as traders covered short positions ahead of the
weekend while monitoring an incoming heatwave that could
threaten some crops in the U.S. Midwest, traders said.
    Wheat also dipped as cheap Black Sea exports continued to
loom.
    Corn on the Chicago Board of Trade <Cv1> settled 2-1/2 cents
lower at $3.91 a bushel, down 0.3% for the week, while soybeans
<Sv1> ended up 11-1/2 cents to $9.73 per bushel, rising 1.6% in
the week.
    The most-active soft red winter CBOT wheat contract <Wv1>
settled 7-1/2 cents lower at $5.28 per bushel, down 0.3% for the
week.
    ""Wheat's wallowing and trying to find support at the $5
level,"" said Chuck Shelby, president of Risk Management
Commodities.
    A closely followed survey of Midwest production prospects,
run by ProFarmer, estimated record corn yields this week in top
producers Iowa and Illinois, though crops in Minnesota were
disappointing.
    After the market closed, ProFarmer said the U.S. soybean
harvest will be even bigger than the government's record
forecast, though it forecast a smaller corn crop than the U.S.
Department of Agriculture.
    However, forecasts predict a short wave of 90 degree
Fahrenheit (30 degree Celsius) weather will move into the
Midwest in the next week, which could threaten crops and may be
adding support to corn and soy futures, traders said.
    Relatively strong demand for corn and a series of flash
sales reported to China and unknown buyers have added a market
floor and suggested recent price lows have stirred some demand.
    Farmers continue to sell old-crop corn and soy to make room
for the upcoming harvest and to generate cash flow, traders
said.
    Canada's rail shutdown may still delay loading of some bulk
grain ships at the country's West Coast ports despite the
government's move to end a stoppage at the nation's two largest
railroads, traders and analysts said.

 (Reporting by Heather Schlitz in Chicago. Additional reporting
by Gus Trompiz in Paris and Peter Hobson in Canberra; Editing by
Marguerita Choy)
 ((Heather.Schlitz@thomsonreuters.com))",urn:newsml:reuters.com:20240823:nL1N3KA0P9:1
"Aug 23 (Reuters) - Workers at Canadian National Railway
<CNR.TO> will return to work on Friday, the Teamsters Canada
union said, after their lockout at the company ended. 

 (Reporting by Jahnavi Nidumolu in Bengaluru; Editing by
Nivedita Bhattacharjee)
 ((Jahnavi.Nidumolu@thomsonreuters.com;))",urn:newsml:reuters.com:20240823:nL4N3KA0EH:6
"(Updates with latest events)
       Aug 23 (Reuters) - Workers at Canadian National Railway
<CNR.TO> will begin to return to work on Friday, a major labor
union said, after the Canadian government moved in to end an
unprecedented rail stoppage.
     Rival Canadian Pacific Kansas City <CP.TO> is also
preparing to restart operations and is awaiting an order from
the Canadian Industrial Relations Board (CIRB).
    CN and CPKC locked out more than 9,000 unionized workers on
Thursday after contract talks with the Teamsters union were
deadlocked. 
        
    Here is a timeline on the negotiations between the parties:
    
 Date         Events
 Dec. 31,     Contracts covering locomotive engineers,
 2023         conductors and yard workers at CN and CPKC
              expire.
 Feb. 19,     Teamsters claim that CN and CPKC are ""not
 2024         serious about negotiating and avoiding a work
              stoppage"".
 May 1, 2024  9,300 railway workers at both companies vote
              to strike as early as May 22. 
 May 10,      The Canadian government says it is moving to
 2024         push back the start of a possible strike by
              railway workers.  
 May 16,      CPKC says its leadership, with the assistance
 2024         of federal mediators, will resume negotiations
              meeting with Teamsters on May 17.
 May 23,      CPKC says talks have hit a deadlock,
 2024         predicting that a legal strike or a lockout
              would not likely occur before mid-July.
 June 7,      The union says CN and CPKC rejected a proposal
 2024         to stagger negotiations with both companies by
              two weeks.
 Aug. 5,      The companies and union restart negotiations 
 2024         along with federal mediators, says Minister of
              Labor Steven MacKinnon. 
 Aug. 9,      Teamsters warns a work stoppage could start on
 2024         Aug. 22 if a deal is not reached.
              
 Aug. 9,      The rail companies say they would lock out
 2024         employees on Aug. 22 if talks to negotiate a
              labor contract fail. 
 Aug. 15,     Minister Steven MacKinnon rejects a request by
 2024         CN Rail to initiate binding arbitration. 
 Aug. 17,     CPKC says will halt any new rail shipments
 2024         originating in Canada, and all new U.S.
              shipments destined for Canada starting on Aug.
              20 if talks fail to progress.
 Aug. 18,     The railroad operators issue lockout notices
 2024         to workers represented by the Teamsters union.
 Aug. 19,     Labor minister says he will meet with both
 2024         companies and the union in Montreal to avert
              stoppage.
 Aug. 22,     CN and CPKC shut down their rail networks in
 2024         the country and lock out nearly 10,000
              workers. 
 Aug. 22,     Canadian government explores all the ways it
 2024         could use the country's labor code to end a
              nationwide rail stoppage, including binding
              arbitration.
 Aug. 23,     Teamsters says workers at CN will return to
 2024         work on Friday.
 
 (Reporting by Aishwarya Jain in Bengaluru; Editing by Sriraj
Kalluvila)
 ((Aishwarya.Jain@thomsonreuters.com;))",urn:newsml:reuters.com:20240823:nL4N3KA0PT:1
"Aug 23 (Reuters) - Futures linked to Canada's main stock
index rose on Friday as crude and metal prices gained, while
investors awaited U.S. Federal Reserve Chair Jerome Powell's
address later in the day.
    September futures on the S&P/TSX index <SXFcv1> were up 0.6%
at 6:26 a.m. ET (10:26 GMT).
    The energy sector is expected to be in focus as oil prices
edged higher, though poised to register a weekly loss. [O/R]
    The materials sector is likely to be impacted as gold prices
inched up, while copper prices also gained. [GOL/] [MET/L] 
    Investors will follow Powell's commentary at the Jackson
Hole Economic Symposium at 10:00 a.m. ET for clues on the U.S.
interest-rate easing cycle, especially after recent dovish
comments from policymakers backing reduction in borrowing costs.
    After seeing the U.S. policy rates at 5.25% to 5.50% for
over a year, market participants widely expect a 25-basis points
reduction at the Fed's meeting next month. <0#FEDWATCH>
    In Canada, retail sales numbers expected at 8:30 a.m. ET
could bolster the possibility of a third consecutive rate cut by
the Bank of Canada, following this week's data that showed
annual inflation at a 40-month low.
    Meanwhile, major Canadian banks are set to report their
quarterly numbers next week.
    The S&P/TSX composite index <.GSPTSE> ended lower on
Thursday, after posting a record closing high in the previous
session.
    In corporate news, the Teamsters union said workers at
Canadian National Railway <CNR.TO> will return to work after the
government moved to end the lockout that threatened the economy.
    However, work stoppage at Canadian Pacific Kansas City
<CP.TO> is expected to continue.
    
    COMMODITIES 
    Gold <XAU=>: $2,497.42; +0.57% [GOL/]
    US crude <CLc1>: $73.68; +0.92% [O/R]
    Brent crude <LCOc1>: $77.83; +0.79% [O/R]
    

    FOR CANADIAN MARKETS NEWS, CLICK ON CODES:
    TSX market report [.TO]
    Canadian dollar and bonds report [CAD/] [CA/]
    Reuters global stocks poll for Canada <EQUITYPOLL1>
<EPOLL/CA>
    Canadian markets directory <CANADA>
 

($1 = 1.3583 Canadian dollars)

 (Reporting by Nikhil Sharma in Bengaluru; Editing by Shreya
Biswas)
 ((Nikhil.Sharma@thomsonreuters.com;))",urn:newsml:reuters.com:20240823:nL4N3KA0RX:3
"Aug 23 (Reuters) - The Teamsters Canada Rail Conference
(TCRC) said on Friday it has served a strike notice to Canadian
National Railway <CNR.TO> as of 09:52 ET, August 23.

 (Reporting by Shivansh Tiwary in Bengaluru; Editing by Alan
Barona)
 ((Shivansh.Tiwary@thomsonreuters.com; +91 9708363192; X:
@Shivansh_19_))",urn:newsml:reuters.com:20240823:nL4N3KA13I:3
"MONTREAL, Aug 23 (Reuters) - The union representing
workers at two major Canadian railways said on Friday they would
challenge the constitutionality of a government decision to
refer their labor dispute to a national board, even as some of
their members returned to work.
    Workers at Canadian National Railway <CNR.TO> will begin to
return to work on Friday, while a lockout continues at rival
Canadian Pacific Kansas City <CP.TO> after the Canadian
government moved in on Thursday to end an unprecedented rail
stoppage.

 (Reporting by Allison Lampert in Montreal; Editing by Ismail
Shakil)
 ((ismail.shakil@tr.com;))",urn:newsml:reuters.com:20240823:nO8N3JV02D:7
"(Adds comment from Canadian Labour Minister in paragraph 6, CPKC
in paragraphs 7,9 and US agriculture group in paragraphs 17-18)

        * 
      Labor board imposes binding arbitration and continuation
of
existing contracts
    

        * 
      Teamsters president criticizes decision as setting a
dangerous
precedent
    

        * 
      Teamsters union prepared to file challenges in federal
court if
necessary
    

        * 
      CN satisfied, would have preferred negotiated deal
    

  
    By Allison Lampert
       MONTREAL, Aug 24 (Reuters) - The Canada Industrial
Relations Board ordered on Saturday a halt to work stoppages at
the country's largest railways, signaling an end to an
unprecedented service disruption at both main freight rail
carriers that threatened to hammer Canada's export-driven
economy. 
The independent labor tribunal made the decision after Canada
asked it on Thursday to end an impasse in separate talks between
more than 9,000 Teamsters members, and Canadian National Railway
<CNR.TO> and Canadian Pacific Kansas City <CP.TO>. 
    The Teamsters said in a statement that workers' rights were
""significantly diminished"" with the ruling and that it would
appeal in federal court.
    The board's decisions are the latest twist in the labor
disputes at CN and CPKC, which locked out Teamsters members on
Thursday, triggering a simultaneous rail stoppage that business
groups said could inflict hundreds of millions of dollars in
economic damage. 
Canada, the world's second-largest country by area, relies
heavily on trains to transport a wide range of commodities and
goods. 
    Canadian Labour Minister Steven MacKinnon said on social
media site X that he expects ""railway companies and employees
will resume operations at the earliest opportunity.""
    The decision will restart railway operations at CPKC where
workers had been both locked out and on strike, by 00:01 ET
(0401 GMT) on Monday, the railway said in a statement.
    A Teamsters spokesperson said workers would not come back
earlier, despite CPKC's request for employees to return on
Sunday.
    ""We anticipate it will take several weeks for the railway
network to fully recover from this work stoppage and a period of
time beyond that for supply chains to stabilize,"" CPKC said.
    The labor board's decision averted a planned strike on
Monday by locomotive engineers, conductors and other workers at
Montreal-based CN just days after Canada's largest railway ended
a lockout and began restoring service. The Teamsters confirmed
its CN workers would not strike on Monday after the CIRB
decision.
    Along with ordering an end to the stoppage, the board
implemented government requests to impose binding arbitration on
the parties to reach new deals and to impose a continuation of
the existing contracts until new agreements are reached.
    ""This decision by the CIRB sets a dangerous precedent,"" said
Paul Boucher, president of the Teamsters Canada Rail Conference.
""It signals to corporate Canada that large companies need only
stop their operations for a few hours, inflict short-term
economic pain, and the federal government will step in to break
a union."" 
    A CN spokesperson said the company would have preferred a
negotiated agreement, but ""we are satisfied that this puts an
end to the labor stoppage.""
The disruption could have drastically affected farmers and
agriculture companies in both Canada and the United States.
    Wade Sobkowich, executive director of the Western Grain
Elevator Association, which represents grain companies, said
they had urged the government for weeks to refer the matter to
the CIRB.
    ""It means that the government has really listened to what
Canadians were telling them,"" he said. ""We can't take a
self-inflicted wound on the economy.""
    Mike Steenhoek, executive director of the U.S. Soy
Transportation Coalition said the Canadian government had to
intervene to help farmers who rely on seamless cross-border
trade.
    ""We have not taken a side between railroads and railroad
workers,"" Steenhoek said. ""However, we are on the side of the
American farmer.""
    On Thursday, MacKinnon, said his decision to refer the
matter to the CIRB would survive a court challenge given his
broad power under the country's labor code.
    The Teamsters union wants its members' working conditions
and pay to be determined by bargaining, despite disputes with CN
and CP over scheduling, shift duration and availability. CN, for
example, wants employees to work up to 12-hour shifts, compared
with 10 hours in the current agreement, a move opposed by the
union.
     

    <^^^^^^^^^^^^^^^^^^^^^^^^^^^^^^^^^^^^^^^^^^^^^^^^^^^^^^^^^^^
Canada railroads    https://reut.rs/4fUaFHN
    ^^^^^^^^^^^^^^^^^^^^^^^^^^^^^^^^^^^^^^^^^^^^^^^^^^^^^^^^^^^>
(Reporting By Allison Lampert in Montreal; Editing by Rod
Nickel)
((mailto:Allison.Lampert@thomsonreuters.com; 514-796-4212;
Reuters Messaging:
rm://allison.lampert.reuters.com@reuters.net/))",urn:newsml:reuters.com:20240824:nL1N3KB07X:11
"(Changes ""plea"" to ""plead"" in paragraph 7)
    By Allison Lampert
       MONTREAL, Aug 25 (Reuters) - A decision obliging more
than 9,000 Canadian rail workers to stay on the job is a win for
the railways and could impact bargaining in other federally
regulated sectors like aviation, the head of a Canadian rail
workers' union told Reuters.
    Paul Boucher, president of the Teamsters Canada Rail
Conference, also said the union would work with other labour
groups as it mounts a legal challenge to a Saturday decision
that halted work stoppages at the country's two largest railways
and imposed arbitration.
        While the Teamsters will obey the order to return to
work, the union has warned it could lead to the imposition of
future contracts, eroding workers' bargaining power. The
decision comes as Air Canada pilots <AC.TO> press for a new
contract and can commence job action as early as mid-September
if there is no agreement with the country's largest carrier.
    Air Canada said on Sunday its intent is to reach a
negotiated settlement with the pilots over the coming weeks.
    ""Any federally regulated company, it's a win for them at
this point,"" Boucher told Reuters in his first interview since
the Thursday lockout. ""This is disastrous for labour, for
workers.""
    The Canada Industrial Relations Board made the decision
after Labour Minister Steven MacKinnon asked it on Thursday to
end an impasse in separate talks between the Teamsters, Canadian
National Railway <CNR.TO>, and Canadian Pacific Kansas City
<CP.TO>. 
    The dispute, which triggered a first ever lockout of
Teamsters workers on Thursday at both freight rail carriers, led
to unprecedented disruptions that threatened to hammer Canada's
export-driven economy, leading agricultural businesses to plead
for relief.
    CN has said the company would have preferred a negotiated
agreement, but was satisfied that the labour stoppage is over.
Spokesperson Jonathan Abecassis said on Sunday that CN tried to
get an agreement for nine months and made five offers that would
have improved wages and working conditions but the union did not
engage.
    Both railways have said they are focused on restoring
service, with the Teamsters calling off a CN strike on Monday,
but planning to appeal the decision in federal court.
    ""This historical moment is so extremely important that
labour needs to get involved and they will,"" Boucher said.
    ""We're going to be calling on all labour across Canada to
join our fight and take this all the way."" 
    Other unions could participate as intervenors in their legal
case and lend moral support to the Teamsters, Boucher said.
    The 58-year-old Boucher, who once struggled to keep his
on-call rail job while raising a child as a single dad, has been
bargaining with CN out of a second-floor conference room at a
downtown Montreal hotel. 
    The Teamsters union disagreed with CN and CP over
scheduling, shift duration and availability. CN, for example,
wants employees to work up to 12-hour shifts, compared with 10
hours in the current agreement, a move opposed by the union.
    Boucher said he has been in contact with the union
representing more than 5,400 Air Canada pilots who approved a
strike mandate last week. 
    The Air Line Pilots Association (ALPA) which represents Air
Canada pilots, and CPKC were not immediately available for
comment.    
    A spokesperson for Canada's labour minister was not
immediately available for comment on whether the decision to
impose binding arbitration on railways would serve as a
precedent in other sectors, including aviation. 

    <^^^^^^^^^^^^^^^^^^^^^^^^^^^^^^^^^^^^^^^^^^^^^^^^^^^^^^^^^^^
FACTBOX-From fertilizers to coal, Canadian industries to feel
the squeeze from rail stoppage    [nL4N3K60S6]
Canada labor board orders end to railway work stoppage   
[nL1N3KB07X]
Union vows to fight Canada's move to end rail shutdown, sparking
uncertainty    [nL1N3KA0ET]
Canada's rail shutdown could hit GDP hard, kill jobs if
protracted    [nL4N3K81LF]
Canada moves to end rail shutdown quickly; CN workers to return
to work    [nL1N3K903H]
    ^^^^^^^^^^^^^^^^^^^^^^^^^^^^^^^^^^^^^^^^^^^^^^^^^^^^^^^^^^^>
 (Reporting By Allison Lampert in Montreal
Editing by Nick Zieminski)
 ((Allison.Lampert@thomsonreuters.com; 514-796-4212; Reuters
Messaging: allison.lampert.reuters.com@reuters.net))",urn:newsml:reuters.com:20240825:nL1N3KC04E:5
"(Adds comment from Canadian Pacific Kansas City, airline pilots
association in paragraphs 8-10)

        * 
      Union to mount legal challenge against decision
    

        * 
      Air Canada pilots concerned how ruling will affect their
talks
    

        * 
      Both railways say they would have preferred a negotiated
settlement
    

        * 
      CN and CP railways focusing on restoring service
    

  
    By Allison Lampert
       MONTREAL, Aug 25 (Reuters) - A decision obliging more
than 9,000 Canadian rail workers to stay on the job is a win for
the railways and could impact bargaining in other federally
regulated sectors like aviation, the head of a Canadian rail
workers' union told Reuters.
Paul Boucher, president of the Teamsters Canada Rail Conference,
also said the union would work with other labour groups as it
mounts a legal challenge to a Saturday decision that halted work
stoppages at the country's two largest railways and imposed
arbitration.
     While the Teamsters will obey the order to return to work,
the union has warned it could lead to the imposition of future
contracts, eroding workers' bargaining power. The decision comes
as Air Canada pilots <AC.TO> press for a new contract and can
commence job action as early as mid-September if there is no
agreement with the country's largest carrier.
    Air Canada said on Sunday its intent is to reach a
negotiated settlement with the pilots over the coming weeks.
    ""Any federally regulated company, it's a win for them at
this point,"" Boucher told Reuters in his first interview since
the Thursday lockout. ""This is disastrous for labour, for
workers.""
    The Canada Industrial Relations Board made the decision
after Labour Minister Steven MacKinnon asked it on Thursday to
end an impasse in separate talks between the Teamsters, Canadian
National Railway <CNR.TO> and Canadian Pacific Kansas City
<CP.TO>. 
The dispute, which triggered a first-ever lockout of Teamsters
workers on Thursday at both freight rail carriers, led to
unprecedented disruptions that threatened to hammer Canada's
export-driven economy, leading agricultural businesses to plead
for relief.
Tim Perry, president of the Air Line Pilots Association Canada,
which represents Air Canada pilots, said the union is
concerned. 
    ""The new Minister of Labour does not trust the Canadian laws
governing collective bargaining, nor does the government he
represents respect the constitutional rights of workers,"" Perry
said in a statement.
    A spokesperson for Canada's labour minister declined to
comment on whether the decision to impose binding arbitration on
railways would serve as a precedent in other sectors, including
aviation. 
    CN has said the company would have preferred a negotiated
agreement but was satisfied that the labour stoppage is over.
Spokesperson Jonathan Abecassis said on Sunday that CN tried to
get an agreement for nine months and made five offers that would
have improved wages and working conditions but the union did not
engage. A CP spokesperson said it regretted that the government
had to intervene and fundamentally believes in and respects
collective bargaining.
    Both railways have said they are focused on restoring
service, with the Teamsters calling off a CN strike on Monday
but planning to appeal the decision in federal court.
Other unions could participate in court and support the
Teamsters, Boucher said.
""This historical moment is so extremely important that labour
needs to get involved and they will,"" he said.
    
      
    
    , who once worked as a CN locomotive engineer, has been
bargaining with CN out of a second-floor conference room at a
downtown Montreal hotel. 
    The Teamsters union disagreed with CN and CP over
scheduling, shift duration and availability. CN, for example,
wants employees to work up to 12-hour shifts, compared with 10
hours in the current agreement, a move opposed by the union.
    Boucher said he has been in contact with the union
representing more than 5,400 Air Canada pilots who approved a
strike mandate last week. 
    ""We're going to be calling on all labour across Canada to
join our fight and take this all the way,"" he said. 
     

    <^^^^^^^^^^^^^^^^^^^^^^^^^^^^^^^^^^^^^^^^^^^^^^^^^^^^^^^^^^^
FACTBOX-From fertilizers to coal, Canadian industries to feel
the squeeze from rail stoppage    [ID:nL4N3K60S6]
Canada labor board orders end to railway work stoppage   
[ID:nL1N3KB07X]
Union vows to fight Canada's move to end rail shutdown, sparking
uncertainty    [ID:nL1N3KA0ET]
Canada's rail shutdown could hit GDP hard, kill jobs if
protracted    [ID:nL4N3K81LF]
Canada moves to end rail shutdown quickly; CN workers to return
to work    [ID:nL1N3K903H]
    ^^^^^^^^^^^^^^^^^^^^^^^^^^^^^^^^^^^^^^^^^^^^^^^^^^^^^^^^^^^>
(Reporting By Allison Lampert in Montreal
Editing by Nick Zieminski and Lisa Shumaker)
((mailto:Allison.Lampert@thomsonreuters.com; 514-796-4212;
Reuters Messaging:
rm://allison.lampert.reuters.com@reuters.net/))",urn:newsml:reuters.com:20240825:nL1N3KC066:1
"* 
      TSX ends up 0.3% at 23,348.97
    

        * 
      Moves past Friday's record closing high
    

        * 
      Energy rallies 1.6%; oil settles up 3.5%
    

        * 
      Technology falls 0.6% 
    

  
 (Updates at market close)
    By Fergal Smith
       Aug 26 (Reuters) - Canada's main stock rose to an
all-time high on Monday as a jump in oil prices boosted energy
shares, and ahead of quarterly earnings this week from five of
Canada's six major banks.
    The Toronto Stock Exchange's S&P/TSX composite index
<.GSPTSE> ended up 62.89 points, or 0.3%, at 23,348.97.
    It eclipsed the record closing high posted on Friday when 
Federal Reserve Chair Jerome Powell endorsed the start of U.S.
interest rate cuts.
    ""It seems like more of a rotation toward commodities and out
of some of the technology areas and that's good for the TSX,""
said Greg Taylor, a portfolio manager at Purpose Investments.
    The energy sector climbed 1.6% as the price of oil settled
3.5% higher at $77.42 a barrel, with production cuts in Libya
adding to supply concerns. The materials group, which includes
metal miners and fertilizer companies, was up 0.2%.
    ""The rest of the market is just waiting for the banks,""
Taylor said.
    Bank of Nova Scotia <BNS.TO> and Bank of Montreal <BMO.TO>
are due to report on Tuesday, followed by Royal Bank of Canada
<RY.TO> and National Bank of Canada <NA.TO> on Wednesday and
Canadian Imperial Bank of Commerce on Thursday.
    Last Thursday, Toronto-Dominion Bank <TD.TO> reported its
first loss in over two decades after setting aside an extra $2.6
billion to cover expected fines from U.S. regulators.
    Just two of 10 major sectors posted declines, including
technology, which fell 0.6% in sympathy with declines for U.S.
tech stocks. 
    A decision obliging more than 9,000 Canadian rail workers to
stay on the job is a win for the railways and could impact
bargaining in other federally regulated sectors like aviation,
the head of a Canadian rail workers' union told Reuters.
    Shares of Canadian National Railway Co <CNR.TO> and Canadian
Pacific Kansas City Ltd <CP.TO> both ended higher. Air Canada
<AC.TO> added 0.5%.    

 (Reporting by Fergal Smith in Toronto and Nikhil Sharma in
Bengaluru; Editing by Vijay Kishore and David Gregorio)
 ((fergal.smith@thomsonreuters.com; +1 647 480 7446))",urn:newsml:reuters.com:20240826:nL4N3KD12M:3
"(Adds details from BNSF, background throughout)
       Aug 26 (Reuters) - U.S. railroads Norfolk Southern
<NSC.N> and BNSF Railway on Monday said all embargoes associated
with the potential Canadian work stoppage stand canceled and
affected rail traffic has resumed, putting an end to an
unprecedented service disruption in the movement of goods across
the border.
    Canadian National <CNR.TO> and Canadian Pacific Kansas City
<CP.TO> previously issued embargoes on goods moving to the U.S.
as part of an orderly shutdown before a potential work stoppage.
    The railroads also locked out more than 9,000 unionized
workers at midnight of August 22, triggering a simultaneous rail
stoppage.
    The Canada Industrial Relations Board ordered a halt to work
stoppages on Saturday, issuing binding arbitration, while ruling
a continuation of existing contracts.
    Both CN and CPKC have previously highlighted that it might
take several weeks for them to fully recover from this work
stoppage.
    Freight forwarder C.H. Robinson's <CHRW.O> Canada VP Scott
Shannon in a statement to Reuters said, ""We expect it to take up
to a week for each railroad to be fully reset and running
smoothly again. It will take much longer to catch up with
shipments that have gotten backlogged.""

 (Reporting by Abhinav Parmar in Bengaluru; Editing by Vijay
Kishore)
 ((Abhinav.Parmar@thomsonreuters.com;))",urn:newsml:reuters.com:20240826:nL4N3KD157:5
"(Adds legal analysis, reaction from law expert paragraphs 6-9,
reaction from rail company paragraph 11)
    By David Ljunggren and Anna Mehler Paperny
       OTTAWA, Aug 30 (Reuters) - The union representing
workers at Canada's two main rail companies said on Friday it
had filed court challenges against rulings by the country's
industrial labor board that forced them back to work.
    On Saturday, the board accepted a request from the
government to order more than 9,000 Teamsters members back to
work at Canadian National Railway <CNR.TO> and Canadian Pacific
Kansas City <CP.TO> and to impose binding arbitration.
    The union had already said it would appeal the rulings on
the grounds that they were a win for the railways and could lead
to the imposition of future contracts, eroding workers'
bargaining power.
    ""These decisions, if left unchallenged, set a dangerous
precedent where a single politician can bust a union at will,""
said Paul Boucher, president of the Teamsters rail union.
        ""The right to collectively bargain is a constitutional
guarantee. Without it, unions lose leverage to negotiate better
wages and safer working conditions for all Canadians,"" he said
in a statement.
    The legal challenges - which could take years to sort out -
are unlikely to impact the Teamsters dispute but could set a
precedent for future labor issues.
        When Labour Minister Steven MacKinnon referred the
matter to the board, he cited powers the country's labor code
gave him. The union says this infringed their rights under
Canada's Charter of Rights and Freedoms and that the board had
acted unreasonably.
  
        Bruce Curran, an employment law expert at the University
of Manitoba, said the Teamsters' argument had a decent chance of
success, noting the union was arguing Ottawa had overstepped the
mark in the way it had used the labor code.
  
        The court ""likely will have the option of narrowing the
kind of circumstances in which they can use this in the future,""
he said in an interview.
  
        The union filed the challenges in the Federal Court of
Appeal and asked that the proceedings be expedited. However 
Canada's justice system is famously slow-moving and whoever
loses the appeal is likely to take it to the Supreme Court,
which means the case could take years to resolve.
        In an emailed statement, CN Rail said arbitration was a
neutral process that did not favor one party over another. CPKC
declined to comment.
  
        MacKinnon's office did not immediately respond to a
request for comment. He has previously said he is confident his
referral to the board would survive a court challenge.
    The two companies locked out the workers earlier this month
after talks failed to produce a new labor deal.

 (Reporting by David Ljunggren
Editing by Rod Nickel, Frances Kerry and Deepa Babington)
 ((mailto:david.ljunggren@tr.com; +1 647 480 7891;))",urn:newsml:reuters.com:20240830:nL1N3KH0HI:1
"(removes extraneous word in first paragraph)
       OTTAWA, Aug 30 (Reuters) - The union representing
workers at Canada's two main rail companies said on Friday it
had filed four court challenges against a ruling by the
country's industrial labor board that forced them back to work.
The board on Saturday accepted a request from the government to
order more than 9,000 Teamsters members back to work at Canadian
National Railway <CNR.TO> and Canadian Pacific Kansas City
<CP.TO> and to impose binding arbitration.
The union said the decision was a win for the railways and could
lead to the imposition of future contracts, eroding workers'
bargaining power.
    Federal Labour Minister Steven MacKinnon said last week his
decision to refer the matter to the board would survive a court
challenge given his broad power under Canada's labor code.
    Government officials say the challenge in the Federal Court
is separate from the board's ruling and will not affect the
return to work.
    The two companies locked out the workers earlier this month
after talks failed to produce a new labor deal.

 (Reporting by David Ljunggren; Editing by Rod Nickel)
 ((mailto:david.ljunggren@tr.com; +1 647 480 7891;))",urn:newsml:reuters.com:20240830:nT5N3IN002:4
"CPKC ADVANTAGE

Investor Presentation: September 2024

TSX/NYSE: CP

BASIS OF PRESENTATION & NON-GAAP MEASURES

Basis of presentation

Except where noted, all figures are in millions of Canadian dollars.

Financial information is prepared in accordance with accounting principles
generally accepted in the United States of America (""U.S. GAAP""), unless
otherwise noted.

Financial and operating results described in this presentation, unless the
context indicates otherwise, represent the financial and operating results of
CP for the period from April 1, 2023, through April 13, 2023, during which
time KCS was held in voting trust and accounted for as an equity investment
under the equity method of accounting, and the financial and operating results
of CPKC for the period beginning on April 14, 2023, and ending on December 31,
2023.

Non-GAAP measures

CPKC presents Non-GAAP measures, including Core adjusted combined operating
income, Core adjusted combined operating ratio, Core adjusted combined diluted
earnings per share (EPS), Adjusted combined free cash, and Adjusted combined
net debt to adjusted combined Earnings before interest, taxes, depreciation
and amortization (""EBITDA"") ratio, to provide an additional basis for
evaluating underlying earnings and liquidity trends in CPKC's current periods'
financial results that can be compared with the results of operations in prior
periods. Management believes these Non-GAAP measures facilitate a multi-period
assessment of long-term profitability, including assessing future
profitability.

These Non-GAAP measures have no standardized meaning and are not defined by
U.S. GAAP and, therefore, may not be comparable to similar measures presented
by other companies. The presentation of these Non-GAAP measures is not
intended to be considered in isolation from, as a substitute for, or as
superior to the financial information presented in accordance with U.S. GAAP.

Although CPKC has provided forward-lookingNon-GAAP measures (Core adjusted
combined diluted EPS, Adjusted net debt to adjusted combined EBITDA)
management is unable to reconcile, without unreasonable efforts, the
forward-looking Core adjusted combined diluted EPS to the most comparable U.S.
GAAP measure, due to unknown variables and uncertainty related to future
results. These unknown variables may include unpredictable transactions of
significant value. In recent years, the Company has recognized
acquisition-related costs, the merger termination payment received, KCS' gain
on unwinding of interest rate hedges (net of CP- associated purchase
accounting basis differences and tax), loss on derecognition of CPKC's
previously held equity method investment in KCS, discrete tax items, changes
in the outside basis tax difference between the carrying amount of the
Company's equity investment in KCS and its tax basis of the investment,
settlement of Mexican taxes relating to prior years, changes in income tax
rates, and changes to an uncertain tax item. Acquisition-related costs include
legal, consulting, financing fees, integration costs including third-party
services and system migration, debt exchange transaction costs, community
investments, fair value gain or loss on foreign exchange (""FX"") forward
contracts and interest rate hedges, FX gain on U.S. dollar-denominated cash on
hand from the issuances of long-term debt to fund the KCS acquisition,
restructuring, employee retention and synergy incentive costs, and transaction
and integration costs incurred by KCS which were recognized within Equity
earnings of KCS in the Company's Consolidated Statements of Income. KCS has
also recognized FX gains and losses. These items may not be non-recurring, and
may include items that are settled in cash. Specifically, due to the magnitude
of the acquisition, its significant impact to the Company's business and
complexity of integrating the acquired business and operations, the Company
expects to incur the acquisition-related costs beyond the year of acquisition.
These or other similar, large unforeseen transactions affect diluted EPS but
may be excluded from CPKC's Core adjusted combined diluted EPS. Additionally,
the Canadian-to-U.S. dollar and Mexican peso-to-U.S. dollar exchange rates are
unpredictable and can have a significant impact on CPKC's

reported results but may be excluded from CPKC's Core adjusted combined
diluted EPS.

For further information regarding Non-GAAP measures, including reconciliations
to the most directly comparable GAAP measures, see the Non-GAAP Measures
supplement to the Q4 2023 Earnings Release on our website at
investor.cpkcr.com and on SEDAR+ at www.sedarplus.caunder CPKC's SEDAR+
profile, and the Q4 2023 and Q1 2024 Unaudited Combined Summary of
Supplemental Data on our website at investor.cpkcr.com.

FINANCIAL PERFORMANCE DATA

 ($ in millions of Canadian dollars, except percentages)           2023     2022     
 (1)                                                               (1)      
 &nbsp;                                                                 &nbsp;        &nbsp;        
 Total revenues, as reported                                       $12,555  $8,814   
 &nbsp;                                                                 &nbsp;        &nbsp;        
 Combined total revenues (2)                                       $13,909  $13,217  
 &nbsp;                                                                 &nbsp;        &nbsp;        
 Operating income, as reported                                     $4,388   $3,329   
 &nbsp;                                                                 &nbsp;        &nbsp;        
 Core adjusted combined operating income (2)                       $5,281   $5,060   
 &nbsp;                                                                 &nbsp;        &nbsp;        
 Operating ratio, as reported (3)                                  65.0%    62.2%    
 &nbsp;                                                                 &nbsp;        &nbsp;        
 Core adjusted combined operating ratio (2)                        62.0%    61.7%    
 &nbsp;                                                                 &nbsp;        &nbsp;        
 Net income attributable to controlling shareholders, as reported  $3,927   $3,517   
 &nbsp;                                                                 &nbsp;        &nbsp;        
 Core adjusted combined income (2)                                 $3,582   $3,521   
 &nbsp;                                                                 &nbsp;        &nbsp;        
 Diluted earnings per share, as reported                           $4.21    $3.77    
 &nbsp;                                                                 &nbsp;        &nbsp;        
 Core adjusted combined diluted earnings per share (2)             $3.84    $3.77    
 &nbsp;                                                                 &nbsp;        &nbsp;        
1.            Represents combined financial and operating information to
illustrate the estimated effects of the acquisition for the year ended
December 31, 2023, as if the acquisition closed on January 1, 2022. For a full
description and reconciliation see Q4 2023 Unaudited Combined Summary of
Supplemental Data on investor.cpkcr.com          
2.            These measures are Non-GAAP measures, and have no standardized
meanings prescribed by accounting principles generally accepted in the United
States (""GAAP"") and, therefore, may not be comparable to similar measures
presented by other companies. These measures are defined and reconciled in
       Q4 2023 Unaudited Combined Summary of Supplemental Data on our website
at investor.cpkcr.com at investor.cpkcr.com.     
3.            Operating ratio is defined as operating expenses divided by
revenues.
FOUNDED IN PRECISION, BUILT FOR GROWTH,

THE CPKC ADVANTAGE

The CPKC combination has redrawn the North American railroad map and changed
the freight rail industry for the better. Guided by our precision railroading
model, foundations and core values we continue to deliver industry-leading
service. It's a culture of excellence that we adhere to 24/7, 365. Stretching
approximately 20,000 route miles across Canada, the United States and Mexico,
and employing 20,000 railroaders, CPKC provides our customers unparalleled
rail service and network reach to key markets across the continent. While our
playing field has grown, our playbook and commitment to delivering safely and
sustainably for customers and shareholders remains the same.

Welcome to the CPKC Advantage!

2012 - 2016: WE REBUILT THE ENGINE

Streamlined assets

Right-sized resources to optimize our network

Precision railroading

Precision planning and execution to optimize service and control costs

Improved operating performance

Longer, faster trains and less dwell time

Consistent, reliable service

Leveraging our strengths to deliver superior value to our customers

Invested in the network

Upgraded to improve performance and increase capacity

Lowered cost base

Unprecedented margin improvement

Culture of accountability

Railroader attitude:

Do what you said you'll do

Developed the team

Handpicked team.

Best in the business

2017 - 2022: WE LED THE INDUSTRY IN GROWTH

 Diversified book of             Increased capacity           Right culture & team  
 business                        
 Efficiencies and network        
 Balanced portfolio of           Accountable, collaborative,  
 investments mean we have the    
 passionate team of railroaders  
 industries, regions             
 ability to do more              
 &nbsp;                               
 and markets                     &nbsp;                            
 &nbsp;                               &nbsp;                            

Value driven

Disciplined approach to valuing service. We won't commoditize ourselves

Powerful footprint

Strong network with shortest routes to major centers and ability to extend
reach

 Resilient performance        Service innovation             
 Operating model performs in  Supply chain collaboration to  
 upturns and downturns        enhance our service offering   

Disciplined approach

Pursuing the right customers in the right lanes to grow our business

CPKC: THE NEXT CHAPTER

Unique and unrivaled network

Only North American rail network to connect a continent

Best-in-class team

Proven leadership and experience with deep bench strength

Transformational Merger

Injecting new competition into the rail industry

Capacity to grow

Strategic land holdings in key markets

Environmental benefits

Taking trucks off the road and reducing GHG emissions

Value driven

Same disciplined approach to valuing service, applied to a larger network

Powerful synergies

Leveraging our network to develop new markets and drive profitable growth

Compelling value creation

Using our new network to create shareholder value

SAME PLAYBOOK BIGGER PLAYING FIELD
*            3-countryconnectivity     
*            20,000 track miles          
*            30+ ports & 30+ auto facilities          
*            200+ transloads & 90+ shortlines          
*            Unique, strategic land assets
DIVERSIFIED BOOK OF BUSINESS

A powerful base to drive sustainable growth

 Combined Business Mix (1)  Combined Geographic Distribution ( 1)  
 % of 2023 Freight Revenue  % of 2023 Combined Freight Revenue     
 CAPITAL                    &nbsp;                                      

2023 Combined Freight Revenue Variance (1)

% of 2022 Combined Freight Revenue
*              Uniquely positioned with best- in-class service and capacity to
grow       
*              Leveraging our strengths to grow with existing customers and
bring on new business            
*              Stronger margins allow us to compete for new opportunities     
      
*              Continually innovating with long-term partners to help them win
in the marketplace
INVESTMENTS
*              Reinvesting in the business is the first call on cash.         
  
*              Ongoing investments in replacing
depleted assets ensure the long-term

 Bulk                                  &nbsp;                                        &nbsp;                                         34%             Global AR   22%  
 &nbsp;                                     &nbsp;                                        sustainability of our business.           Asia            19%         
 Grain                                 &nbsp;                                        &nbsp;                                         20%             
 Coal                                  • Network upgrades (new track, longer    3%                                        
 &nbsp;                                     &nbsp;                                        7%                                        Europe          
 Potash                                &nbsp;                                        sidings, CTC) drive further productivity  &nbsp;               
 &nbsp;                                     &nbsp;                                        4%                                        &nbsp;               &nbsp;           
 &nbsp;                                     &nbsp;                                        and capacity improvements.                Cross-Border    41%         
 Fertilizers & Sulphur                 3%                                       Canada to U.S.                            16%             
 &nbsp;                                     &nbsp;                                        &nbsp;                                         &nbsp;               
 &nbsp;                                     • Rolling stock investments include      12%                                       
 Merchandise                           &nbsp;                                        47%                                       U.S. to Mexico  
 &nbsp;                                     &nbsp;                                        locomotive modernization programs and     6%              
 Forest Products                       &nbsp;                                        6%                                        U.S. to Canada  
 &nbsp;                                     Mexico to U.S.                           5%                                        
 &nbsp;                                     &nbsp;                                        investment in our grain hopper fleet.     &nbsp;               
 Energy, Chemicals & Plastics          20%                                      Canada to Mexico                          1%              
 Metals, Minerals & Consumer Products  13%                                      
 Mexico to Canada                      1%                                       
 Automotive                            &nbsp;                                        &nbsp;                                         8%              
 &nbsp;                                     &nbsp;                                        &nbsp;                                         &nbsp;               
 &nbsp;                                     &nbsp;                                        &nbsp;                                         &nbsp;               Domestic    37%  
 Intermodal                            &nbsp;                                        &nbsp;                                         19%             Intra-U.S.  19%  

Grain

Coal

Potash

Fertilizers & Sulphur

Forest Products

Energy, Chemicals &

Plastics

Metals, Minerals & Consumer Products

Automotive

Intermodal

9%

9%

-3%

9%

4%

5%

12%

30%

-9%

 -15%  -5%  5%  15%  25%  35%  

 Domestic       11%  Intra-Canada  15%  
 International  8%   Intra-Mexico  3%   

Total Change +5% Growth

(1) Represents combined financial information to illustrate the estimated
effects of the acquisition for the year ended December 31, 2023, as if the
acquisition closed on January 1, 2022. For a full description and
reconciliation see Q4 2023 Unaudited Combined Summary of Supplemental Data on
investor.cpkcr.com

 Attention : This is an excerpt of the original content. To continue reading it, access the original document here (https://docs.publicnow.com/51489638F0D623E6AB9A37F0D28E61D2E9A4D262).  

Attachments
*           Original Link
(https://s21.q4cdn.com/736796105/files/doc_presentations/2024/Sep/03/cpkc-investor-presentation_september-2024_vf.pdf)
        
*           Original Document
(https://docs.publicnow.com/27E12D31BF56A2B0B9EA28BC5C8692F78FE5CED9)         
*           Permalink
(https://www.publicnow.com/view/27E12D31BF56A2B0B9EA28BC5C8692F78FE5CED9)
Disclaimer

CPKC - Canadian Pacific Kansas City Limited published this content on 03
September 2024 and is solely responsible for the information contained
therein. Distributed by Public (http://www.publicnow.com), unedited and
unaltered, on September 03, 2024 at 20:27:48 UTC.



(C) Copyright 2024 - CPKC - Canadian Pacific Kansas City Limited",urn:newsml:reuters.com:20240903:nNDL3PJdFd:1
"(Updated at 10:21 a.m. ET/ 1421 GMT)
    By Nikhil Sharma
       Sept 10 (Reuters) - Canada's main stock index fell on
Tuesday as energy shares slid, while investor caution ahead of
U.S. inflation data also weighed on the overall losses.
    At 10:08 a.m. ET (14:08 GMT), the S&P/TSX composite index
<.GSPTSE> was down 148.94 points, or 0.65%, at 22,878.21.
    At least nine major sectors on the index nursed losses.
    Energy shares <.SPTTEN> led the sectoral losses with a 3%
fall, as oil prices edged lower on a weaker demand outlook and
global oil oversupply risks. [O/R]
    A bigger driver of the overall market loss was Wall Street,
where the S&P 500 index <.SPX> was marginally down as investors
awaited U.S. inflation data and signals on how far and fast the
Federal Reserve will cut rates. 
    Money markets unanimously see the Fed's first rate cut this
cycle at the Sept. 18 policy meeting.    
    Lagging shares on the TSX were Methanex Corp <MX.TO>, down
4.5%, Baytex Energy Corp <BTE.TO>, down 3.4%, and Precision
Drilling Corp <PD.TO>, down 3%.
    The leading shares were Kinross Gold Corp <K.TO>, up 2.5%,
and Aya Gold & Silver Inc <AYA.TO>, up 2.3%.
    Sixty-two issues rose and 160 fell on the index as a
0.4-to-1 ratio favored decliners. There were 10 new highs and
eight new lows, with total volume of 30.5 million shares.
    The most heavily traded shares by volume were Canadian
Natural Resources Ltd <CNQ.TO>, Suncor Energy Inc <SU.TO> and
Baytex Energy Corp <BTE.TO>.
    West Texas Intermediate crude futures <CLc1> fell 3.26%, or
$2.27, to $66.44 a barrel. Brent crude <LCOc1> fell 3.08%, or
$2.21, to $69.63 [O/R]
    The TSX is up 9.3% for the year.

 (Reporting by Nikhil Sharma in Bengaluru; Editing by Shreya
Biswas)
 ((Nikhil.Sharma@thomsonreuters.com;))",urn:newsml:reuters.com:20240910:nL4N3KS174:3
"(Adds details and background throughout)
       Sept 10 (Reuters) - Canadian National Railway (CN)
<CNR.TO> lowered its profit forecast for 2024, citing the impact
of labor stoppages and wildfires in Alberta.
        Both CN and Canadian Pacific Kansas City <CP.TO> faced a
threat of work stoppages by the Teamsters Canada Rail Conference
Union, until the Canadian government called for binding
arbitration to reach an agreement over a new contract.
    The union has vowed to challenge the federal government's
effort. Any resulting uncertainty might lead to a deadlock,
impacting Canada's economy, which is significantly dependent on
trains for transportation of various commodities and goods.
        CN said the work stoppages, as well as the wildfires in
Alberta, led to a quarter-to-date impact of about 20 cents per
share to its earnings.
    However, its operations have now recovered following several
months of uncertainty, the company said.
        The company now expects adjusted diluted earnings per
share (EPS) growth in the low single-digit percentage range,
compared to its previous forecast of a ""mid to high
single-digit"" percentage growth.
    It also sees adjusted return on invested capital in the
range of 13% to 15%, down from its previous expectation of about
15%.
    For 2024-2026, CN will target compounded annual adjusted
diluted EPS growth in the high single-digit percentage range, it
said.

 (Reporting by Abhinav Parmar in Bengaluru; Editing by Mohammed
Safi Shamsi)
 ((Abhinav.Parmar@thomsonreuters.com;))",urn:newsml:reuters.com:20240910:nL4N3KS1WX:1
"(Updated at 10:08 a.m. ET/ 1408 GMT)
    By Nikhil Sharma
       Sept 11 (Reuters) - Canada's main stock index fell on
Wednesday in a broader decline, after mixed U.S. inflation data
reduced hopes for a mighty 50-basis points rate cut in the
United States next week.
    At 10:19 a.m. ET (14:19 GMT), the Toronto Stock Exchange's
S&P/TSX composite index <.GSPTSE> was down 126.22 points, or
0.55%, at 22,876.87.
    At least ten sectors saw declines, with the industrials
sector <.GSPTTIN> leading the way with a 1% drop, driven by SSR
Mining <SSRM.TO> down 3.1%, Orla Mining <OLA.TO> falling 2.5%
and OceanaGold <OGC.TO> edging down 2.0%.
    Domestic markets also took their clues from Wall Street
where the major indexes slipped following the key inflation
data. [.N]
    The U.S. consumer prices rose moderately in August, but
persistent sticky inflation might deter the Federal Reserve from
implementing a half-point interest rate cut next week.
    ""Fed cutting rates in general is good our market"" but ""I
think for the next six weeks markets are going to be volatile,""
says Allan Small senior investment advisor at Allan Small
Financial Group with iA Private Wealth.
    Meanwhile, investors also reacted to the first U.S.
presidential debate between Donald Trump and Kamala Harris on
Tuesday that propped up Harris' odds of winning the White House
in November.
    Canada's consumer discretionary <.GSPTTCD> sector gained
1.4%, helped by discount retailer Dollarama <DOL.TO> rising 4.9%
after second-quarter profit beat.
    The TSX's energy group <.SPTTEN> rose 0.5%, while the
financials sector <.SPTTFS> slipped 0.2%.
    The most heavily traded shares by volume were Canadian
Natural Resources Ltd <CNQ.TO>, Pembina Pipeline Corp <PPL.TO>
and Canadian National Railway Co <CNR.TO>.
    Gold prices fell on Wednesday as the dollar and Treasury
yields firmed after U.S. inflation data. Meanwhile, West Texas
Intermediate crude futures <CLc1> rose 1.31% and Brent crude
<LCOc1> gained 1.04% [O/R]
    Crude oil and gold are among Canada's top exports.
    The TSX is up 9.6% for the year.

 (Reporting by Nikhil Sharma in Bengaluru; Editing by Shreya
Biswas and Vijay Kishore)
 ((Nikhil.Sharma@thomsonreuters.com;))",urn:newsml:reuters.com:20240911:nL4N3KT170:3
"By Nia Williams and Rajesh Kumar Singh
       Sept 13 (Reuters) - Air Canada and its pilots are locked
in a standoff over a new labor contract and face a deadline by
Sunday to reach a deal that would avert strike action.
    
    WHERE DO THE TALKS STAND?
    If the two parties do not reach an agreement by the end of
Saturday, Sept. 14, they will both have the option to issue
either a strike or lockout notice, which would trigger Air
Canada's three-day plan to wind down operations.
    The airline would progressively cancel flights over three
days, with a complete shutdown as early as 00:01 EDT (0401
GMT)on Wednesday, Sept. 18.
    On Thursday, Air Canada CEO Michael Rousseau said the
airline was still committed to reaching a deal but accused the
pilots' union of making excessive wage demands.
    The union has said a strike could be averted if Air Canada
negotiates a fair agreement.
    
    WHAT IMPACT WOULD A STRIKE HAVE?
    Air Canada and its low-cost Air Canada Rouge subsidiary
together operate nearly 670 flights per day, and a shutdown
could affect 110,000 passengers daily as well as freight
carriage.
    It is Canada's largest airline, flying to more than 180
airports around the world. The strike will also likely result in
fewer flights for American travelers as the airline flies
passengers from U.S. cities to Europe and Asia through its
Canadian hubs.
    In a research note, Desjardins economists estimated a
two-week pilot strike could result in a loss of around C$1.4
billion  ($1.03 billion) to Canada's real GDP in September,
meaning daily losses of roughly C$98 million.
    A spokesperson for Air Canada said once the airline starts
implementing its wind-down plan, it would cause days and weeks
of disruptions.
    Air Canada estimates it can take close to eight hours for
its maintenance team to have each aircraft ready for a return to
service. That means it will take four to five days to bring all
aircraft back into service. 
    
    WHAT ARE THE ISSUES INVOLVED THE DISPUTE?
    Air Canada's 5,400 pilots are demanding wage rates that
would narrow the pay gap with their counterparts at major U.S.
carriers such as United Airlines <UAL.O>.
    Pilots at U.S. airlines have negotiated hefty pay raises in
new contracts in the past two years, helped by a travel boom and
staffing shortages. United's new pilot contract, for example,
included pay increases of about 42%.
    As a result, some United pilots now earn 92% more than their
counterparts at Air Canada, according to data from the Air Line
Pilots Association, which represents the carrier's pilots. In
2013, the pay gap was just 3%.
    The association says Air Canada pilots are working under pay
rates and quality-of-life provisions negotiated in 2014.
    Rousseau said Air Canada had offered a wage increase of more
than 30%, as well as improved pension and health benefits in the
new contract.
    
    WILL THE GOVERNMENT INTERVENE?
    Prime Minister Justin Trudeau said on Friday the government
would not intervene and intended instead to pressure both sides
to avert a strike.
    On Thursday, Air Canada took the unusual step of saying the
federal government should be ready to step in to head off a
strike. While Ottawa has intervened several times in labor
disputes over the last few decades, it only did so after
stoppages have begun, not before.
    Federal Labour Minister Steven MacKinnon has broad powers to
tackle disputes and last month intervened within 24 hours to end
a stoppage at the two largest rail companies, Canadian Pacific
Kansas City <CP.TO> and Canadian National Railway <CNR.TO>.
    That move was denounced by unions and criticized by the
federal New Democratic Party, which has helped keep Canada's
minority Liberal government in power through a deal offering
automatic support. Earlier this month NDP leader Jagmeet Singh
withdrew that support.
    
    WHAT HAPPENS IF MY FLIGHT IS CANCELED?
    If Air Canada cancels a flight because of a strike by its
own employees, the airline must offer to rebook passengers free
of charge on the next available flight offered by any carrier,
or offer a refund and transportation to return passengers to
their point of origin.
    Air Canada has offered flexible travel waivers for
passengers scheduled to fly Sept. 15-23. The airline has said it
is also working with other carriers to secure seats for
customers to mitigate the impact of its flight cancellations.
    However, it advised customers to accept refunds or future
travel credit as seats on other airlines are expected to be
limited.
    Under Canada's airline passenger protection regulations,
customers will not be entitled to cash compensation for expenses
incurred as a result of delayed or canceled flights due to labor
disruption if they are flying within Canada. Passengers
traveling internationally may be entitled to compensation.

($1 = 1.3580 Canadian dollars)

 (Reporting by Nia Williams in British Columbia, David Ljunggren
in Ottawa and Rajesh Kumar Singh in Chicago, editing by Deepa
Babington)
 ((nia.williams@thomsonreuters.com; +1 403 531 1624; Reuters
Messaging: nia.williams.thomsonreuters.com@reuters.net))",urn:newsml:reuters.com:20240913:nL1N3KV0ME:1
"* 
      Airline had braced to halt operations as soon as Sept. 18
    

        * 
      Tentative agreement still needs approval of union members
    

        * 
      Pilots wanted to close widening wage gap with US airlines
    

  
 (Adds quotes from airline, federal labor minister, details of
contract start date in paragraphs 5, 8, 10-11)
    By Gnaneshwar Rajan
       Sept 15 (Reuters) - Air Canada <AC.TO> has reached a
tentative, last-minute deal with its pilots' union over a new
four-year collective agreement, the airline said on Sunday,
ending a stand-off over pay and benefits and averting a
near-term strike or lockout.
    The airline, which is Canada's largest, was preparing to
progressively cancel flights over three days and to completely
shut down its operations as early as Sept. 18.
    Flights will now run as usual. Air Canada and Air Canada
Rouge, which operate nearly 670 flights per day carrying about
110,000 daily passengers as well as freight.
    Air Canada said the terms of its new agreement with the Air
Line Pilots Association (ALPA), which represents more than 5,200
pilots, will remain confidential, pending a ratification vote by
members expected to be completed over the next month.
    ""The new agreement recognizes the contributions and
professionalism of Air Canada's pilot group, while providing a
framework for the future growth of the airline,"" the carrier
said in a statement.
    The ALPA said the deal would mean an additional C$1.9
billion ($1.4 billion) in value for members over its four-year
term, representing a 46% increase over the previous contract
that expired in September 2023. 
    ""After several consecutive weeks of intense round-the-clock
negotiations, progress was made on several key issues including
compensation, retirement, and work rules,"" First Officer
Charlene Hudy, chair of the Air Canada ALPA master executive
council, said in a statement.
    If approved by ALPA members, the deal would be backdated to
run from Sept. 30, 2023 to Sept. 29, 2027.
    
    NARROW THE PAY GAP
    The two sides had been negotiating a new contract for the
past 15 months, with the pilots demanding wage rates that would
narrow the pay gap with their counterparts at major U.S.
carriers such as United Airlines <UAL.O>.
    Labour Minister Steven MacKinnon, in a post on the X
platform, saluted the efforts of Air Canada and its pilots who
he said had shown resolve to get a deal and prevent travel
disruptions.
    ""Negotiated agreements are always the best way forward and
yield positive results for companies and workers,"" he said.
    Prime Minister Justin Trudeau said on Friday the Canadian
government would not intervene to end the dispute as it did last
month within 24 hours to end a strike at the nation's two
largest rail companies, Canadian Pacific Kansas City <CP.TO> and
Canadian National Railway <CNR.TO>. 
    Air Canada had earlier offered a wage increase of more than
30%, as well as improved pension and health benefits. But the
union said the proposal was not good enough for their members
who have been working under pay rates and quality-of-life
provisions negotiated in 2014.
    Pilots at U.S. airlines have negotiated hefty pay raises in
new contracts in the past two years amid a travel boom and
staffing shortages. United's new pilot contract, for example,
included pay increases of about 42%.
    As a result, some United pilots now earn 92% more than their
counterparts at Air Canada, data from the pilots' association
shows. In 2013, the pay gap was just 3%.
   ($1 = 1.3585 Canadian dollars)

 (Reporting by Gnaneshwar Rajan in Bengaluru; Additional
reporting by Rajesh Kumar Singh in Chicago and David Ljunggren
in Ottawa;
Editing by Jamie Freed and Helen Popper)
 ((Gnaneshwar.Rajan@thomsonreuters.com;))",urn:newsml:reuters.com:20240915:nL1N3KX010:1
"Sept 19 (Reuters) - Canadian National Railway <CNR.TO>
will relocate its operations from Jasper, a town in the province
of Alberta, to Hinton, about 100 kilometers away, said the
Teamsters Canada Rail Conference in a statement. 
    The popular tourist town, which is vulnerable to wildfires,
was ravaged by one in late July. Nearly a third of Jasper's
structures were destroyed, with some 25,000 people forced to
evacuate.
    ""This is another devastating blow to the town of Jasper,
after this year's catastrophic wildfires,"" said Paul Boucher,
union president.
    At over 130,000 members, Teamsters Canada is the country's
largest transportation and supply chain union. 
    The relocation to Hinton will directly impact around 200
union workers currently living in Jasper, according to the
statement. 
    ""Rail is one of the largest industries in Jasper, after
tourism, and CN's move will cripple this community even
further,"" said Boucher.
    The union and Canadian National will negotiate a package for
the affected workers, under the terms of their collective
agreement. 
     
    

 (Reporting by Ananta Agarwal in Bengaluru; Editing by Alan
Barona)
 ((Ananta.agarwal@thomsonreuters.com))",urn:newsml:reuters.com:20240919:nL4N3L11KS:1
"(Updated at 10:18 a.m. ET/ 1418 GMT)
    By Nikhil Sharma
       Sept 20 (Reuters) - Canada's main stock index slipped on
Friday, hurt by declines in energy and industrials shares, as
investors paused a day after an oversized interest-rate cut in
the United States fueled broader gains in global markets.
    The Toronto Stock Exchange's S&P/TSX composite index
<.GSPTSE> was down 83.53 points, or 0.35%, at 23,782.74, but was
set to register its second consecutive weekly gains.
    The TSX also took cues from Wall Street, where major indexes
fell after a jump in the previous session following the U.S.
interest rate cut. [.N]
    ""Today I think the market (is) just taking a bit of a
breather,"" said Allan Small, senior investment advisor at Allan
Small Financial Group with iA Private Wealth.
    ""I haven't really seen anything that would warrant caution.""
    The TSX is up 13.6% for the year, buoyed by the Bank of
Canada cutting its interest rates thrice, as well as optimism
over Fed's policy easing.
    Canada's inflation has reached its central bank's target of
2%, and, like their U.S. counterpart, is now focused on boosting
the country's slowing economy.
    Investors also assessed data on Canada's retail sales, which
rose 0.9% in July from June to C$66.38 billion ($48.95 billion),
led by higher sales at motor vehicle and parts dealers.
    At least nine sectors nursed losses on Friday, led by
Canada's energy sector <.SPTTEN> that fell over 1.6% as it
tracked declines in oil prices. [O/R]
    Industrials <.GSPTTIN> and healthcare <.GSPTTHC> sectors
also declined significantly.
    The materials sector <.GSPTTMT> rose 0.1%, supported by gold
prices that hit a record high. [GOL/] 
    On the composite index, the biggest decliners were Ballard
Power Systems Inc​​ <BLDP.TO>, TFI International Inc​ <TFII.TO>
and Africa Oil Corp​ <AOI.TO>, which fell between 2.7-4.6%.  
    

 (Reporting by Nikhil Sharma in Bengaluru; Editing by Leroy Leo)
 ((Nikhil.Sharma@thomsonreuters.com))",urn:newsml:reuters.com:20240920:nL4N3L2173:3
"* 
      TSX ends up 1.28 points at 23,867.55
    

        * 
      Posts a record closing high
    

        * 
      Materials group gains 0.6%
    

        * 
      For the week the index adds 1.3%
    

  
 (Updates at market close)
    By Nikhil Sharma and Fergal Smith
       Sept 20 (Reuters) - Canada's main stock index on Friday
inched past the record high it hit a day earlier, helped by
gains for the shares of gold miners and uranium producers but
the move was limited as investors took stock of recent advances
for the market.
    The Toronto Stock Exchange's S&P/TSX composite index
<.GSPTSE> ended up 1.28 points at 23,867.55, moving past the
record closing high it posted the previous day.
    For the week, the index was up 1.3%, its sixth weekly gain
in the last seven weeks, after the Federal Reserve cut interest
rates for the first time in four years, boosting investor
sentiment globally.
    ""Today, I think the market (is) just taking a bit of a
breather,"" said Allan Small, senior investment advisor at Allan
Small Financial Group with iA Private Wealth. ""I haven't really
seen anything that would warrant caution.""
    Domestic data was upbeat. It showed retail sales rising 0.9%
in July from June, eclipsing expectations for a gain of 0.6%,
while a preliminary estimate showed sales increasing 0.5% in
August.
    The materials group, which includes fertilizer companies and
metal mining shares, added 0.6% as the price of gold <XAU=>
climbed 1.3% to notch a record high.
    Uranium producers were among the biggest gainers, with
shares of Cameco Corp <CCO.TO> adding 8.1%.
    Utilities and consumer staples both gained 0.5%, while
industrials were a drag, falling 0.9%, including declines for
railroad shares.
    Energy also lost 0.9% as the recent rebound in oil prices
<CLc1> paused. U.S. crude oil futures <CLc1> settled 3 cents
lower at $71.92 a barrel.

 (Reporting by Fergal Smith in Toronto and Nikhil Sharma in
Bengaluru; Editing by Leroy Leo and Deepa Babington)
 ((fergal.smith@thomsonreuters.com; +1 647 480 7446))",urn:newsml:reuters.com:20240920:nL4N3L21EI:3
"Sept 23 (Reuters) - Unifor said on Monday it has
initiated labor negotiations with Canadian National Railway
<CNR.TO>, representing more than 3,600 workers. 

 (Reporting by Utkarsh Shetti in Bengaluru; Editing by Krishna
Chandra Eluri)
 ((UtkarshUmesh.Shetti@thomsonreuters.com;))",urn:newsml:reuters.com:20240923:nL4N3L519N:2
"(Adds details in paragraph 3, background from paragraphs 5 to
8)
       Sept 23 (Reuters) - Unifor said on Monday it has
initiated labor negotiations with Canadian National Railway
<CNR.TO>, representing more than 3,600 workers. 
    The union said its bargaining priorities include an
improvement in wages, addressing concerns about the pension plan
and job security for its members.
    Unifor, which represents CN Rail's car technicians and heavy
duty mechanics among other workers, said its current collective
agreement with the rail operator is set to expire on Dec. 31,
2024.
    CN Rail did not immediately respond to a request for
comment. 
    The rail company has already faced a threat of work stoppage
this year, by the Teamsters Canada Rail Conference Union in
August, until the Canadian government called for a binding
arbitration to reach an agreement over a new contract.
    Teamsters has filed court challenges against the rulings by
the country's industrial labor board that forced them back to
work.
    CN Rail lowered its profit forecast for 2024 earlier this
month, citing the impact of labor stoppages and wildfires in
Alberta.
    Canada, the world's second-largest country by area, relies
heavily on trains to transport a wide range of commodities and
goods.

 (Reporting by Utkarsh Shetti in Bengaluru and Juby Babu in
Mexico City; Editing by Krishna Chandra Eluri)
 ((UtkarshUmesh.Shetti@thomsonreuters.com;))",urn:newsml:reuters.com:20240923:nL4N3L519Q:4
"WASHINGTON, Sept 25 (Reuters) - The Biden administration
on Wednesday called on three major freight railroads to
guarantee paid sick leave for all workers, saying 10,000
employees still do not have the benefit.
    Transportation Secretary Pete Buttigieg and Acting Labor
Sectetary Julie Su wrote the CEOs of CSX <CSX.O>, Canadian
National Railway <CNR.TO> and Canadian Pacific Kansas City
<CP.TO> urging them to extend coverage. They noted that since
the end of 2022 the percentage of U.S. rail workers who are
guaranteed paid sick leave has risen from 5% to 90%. ""Sick leave
for workers is not a luxury—it’s a necessity,"" said Su.

 (Reporting by David Shepardson)
 ((David.Shepardson@thomsonreuters.com; 2028988324;))",urn:newsml:reuters.com:20240925:nL1N3L70TD:2
"(Adds comment from railroads, background from paragraph 5)
    By David Shepardson
       WASHINGTON, Sept 25 (Reuters) - The Biden administration
on Wednesday called on three major freight railroads to
guarantee paid sick leave for all workers, saying 10,000
employees do not have the benefit.
    Transportation Secretary Pete Buttigieg and Acting Labor
Secretary Julie Su wrote to the CEOs of CSX <CSX.O>, Canadian
National Railway <CNR.TO> and Canadian Pacific Kansas City
(CPKC) <CP.TO> urging them to extend coverage. 
    They noted that since the end of 2022, the percentage of
U.S. rail workers who are guaranteed paid sick leave has risen
from 5% to 90%. 
    ""Sick leave for workers is not a luxury — it’s a necessity,""
said Su.
    In 2022, railroads came under fire for not agreeing to paid
sick leave during labor negotiations.
        In December 2022, 
    President Joe Biden signed legislation
     to block a national U.S. railroad strike that could have
devastated the American economy after some unions voted against
the deal over a lack of paid sick leave.
  
        After that, railroads began agreeing in talks with
unions to extend paid sick leave. By June 2023, 
    60% of rail workers had paid sick leave
    , a rail trade group said.
  
       CSX CEO Joe Hinrichs said in a letter to the officials
that two unions have not agreed to the same basic paid sick
leave agreements that all other unions have agreed.
  
        ""We have offered the same constructive paid sick leave
agreements to these unions on multiple occasions,"" Hinrichs
said. ""We were the first and only railroad to work with the
unions to breakthrough on these paid sick leave agreements.""
  
        CPKC, which does not negotiate with other railroads
jointly on nearly all issues, said it remains committed to and
continues to negotiate the issue of sick leave with its U.S.
unions and noted it has 65 separate collective bargaining
agreements. 
  
        ""We have sent formal sick leave offers to multiple
unions,"" the carrier said.
  
        CN did not immediately comment.
  


 (Reporting by David Shepardson
Editing by Marguerita Choy)
 ((David.Shepardson@thomsonreuters.com; 2028988324;))",urn:newsml:reuters.com:20240925:nL1N3L70UD:1
"Sept 27 (Reuters) - Canadian National Railway <CNR.TO>
said on Friday that labor union Unifor has filed a notice of
dispute to the Canadian Minister of Labor, just three days after
initiating negotiations.
    Also known as ""conciliation"", the notice of dispute can be
sent by either party to the Canadian Minister of Labor during a
negotiation and typically results in the appointment of a
conciliation officer to assist the parties in reaching an
agreement.
    ""While CN is disappointed that Unifor is filing the Notice
so early in the process, the Company is committed to reaching
negotiated agreements with the Union,"" the railroad operator
said.
    Unifor asserted that it has filed for conciliation to move
talks into a positive direction, adding that, within 24 hours of
negotiations, CN issued a notice to the union expressing its
intent to lay off at least 65 of its members.
    ""CN Rail came to the table with demands for concessions that
would undermine our members' rights and working conditions,""
Unifor National President Lana Payne said.
    The Union represents 3,600 members at CN, which includes
rail car technicians, heavy-duty mechanics, diesel engine
mechanics, crane operators, as well as clerical, administration
and customer support employees among others.

 (Reporting by Abhinav Parmar in Bengaluru; Editing by Alan
Barona)
 ((Abhinav.Parmar@thomsonreuters.com))",urn:newsml:reuters.com:20240927:nL4N3L91DE:1
"CPKC ADVANTAGE

Investor Presentation: October 2024

TSX/NYSE: CP

BASIS OF PRESENTATION & NON-GAAP MEASURES

Basis of presentation

Except where noted, all figures are in millions of Canadian dollars.

Financial information is prepared in accordance with accounting principles
generally accepted in the United States of America (""U.S. GAAP""), unless
otherwise noted.

Financial and operating results described in this presentation, unless the
context indicates otherwise, represent the financial and operating results of
CP for the period from April 1, 2023, through April 13, 2023, during which
time KCS was held in voting trust and accounted for as an equity investment
under the equity method of accounting, and the financial and operating results
of CPKC for the period beginning on April 14, 2023, and ending on December 31,
2023.

Non-GAAP measures

CPKC presents Non-GAAP measures, including Core adjusted combined operating
income, Core adjusted combined operating ratio, Core adjusted combined diluted
earnings per share (EPS), Adjusted combined free cash, and Adjusted combined
net debt to adjusted combined Earnings before interest, taxes, depreciation
and amortization (""EBITDA"") ratio, to provide an additional basis for
evaluating underlying earnings and liquidity trends in CPKC's current periods'
financial results that can be compared with the results of operations in prior
periods. Management believes these Non-GAAP measures facilitate a multi-period
assessment of long-term profitability, including assessing future
profitability.

These Non-GAAP measures have no standardized meaning and are not defined by
U.S. GAAP and, therefore, may not be comparable to similar measures presented
by other companies. The presentation of these Non-GAAP measures is not
intended to be considered in isolation from, as a substitute for, or as
superior to the financial information presented in accordance with U.S. GAAP.

Although CPKC has provided forward-lookingNon-GAAP measures (Core adjusted
combined diluted EPS, Adjusted net debt to adjusted combined EBITDA)
management is unable to reconcile, without unreasonable efforts, the
forward-looking Core adjusted combined diluted EPS to the most comparable U.S.
GAAP measure, due to unknown variables and uncertainty related to future
results. These unknown variables may include unpredictable transactions of
significant value. In recent years, the Company has recognized
acquisition-related costs, the merger termination payment received, KCS' gain
on unwinding of interest rate hedges (net of CP- associated purchase
accounting basis differences and tax), loss on derecognition of CPKC's
previously held equity method investment in KCS, discrete tax items, changes
in the outside basis tax difference between the carrying amount of the
Company's equity investment in KCS and its tax basis of the investment,
settlement of Mexican taxes relating to prior years, changes in income tax
rates, and changes to an uncertain tax item. Acquisition-related costs include
legal, consulting, financing fees, integration costs including third-party
services and system migration, debt exchange transaction costs, community
investments, fair value gain or loss on foreign exchange (""FX"") forward
contracts and interest rate hedges, FX gain on U.S. dollar-denominated cash on
hand from the issuances of long-term debt to fund the KCS acquisition,
restructuring, employee retention and synergy incentive costs, and transaction
and integration costs incurred by KCS which were recognized within Equity
earnings of KCS in the Company's Consolidated Statements of Income. KCS has
also recognized FX gains and losses. These items may not be non-recurring, and
may include items that are settled in cash. Specifically, due to the magnitude
of the acquisition, its significant impact to the Company's business and
complexity of integrating the acquired business and operations, the Company
expects to incur the acquisition-related costs beyond the year of acquisition.
These or other similar, large unforeseen transactions affect diluted EPS but
may be excluded from CPKC's Core adjusted combined diluted EPS. Additionally,
the Canadian-to-U.S. dollar and Mexican peso-to-U.S. dollar exchange rates are
unpredictable and can have a significant impact on CPKC's

reported results but may be excluded from CPKC's Core adjusted combined
diluted EPS.

For further information regarding Non-GAAP measures, including reconciliations
to the most directly comparable GAAP measures, see the Non-GAAP Measures
supplement to the Q4 2023 Earnings Release on our website at
investor.cpkcr.com and on SEDAR+ at www.sedarplus.caunder CPKC's SEDAR+
profile, and the Q4 2023 and Q1 2024 Unaudited Combined Summary of
Supplemental Data on our website at investor.cpkcr.com.

FINANCIAL PERFORMANCE DATA

 ($ in millions of Canadian dollars, except percentages)           2023     2022     
 (1)                                                               (1)      
 &nbsp;                                                                 &nbsp;        &nbsp;        
 Total revenues, as reported                                       $12,555  $8,814   
 &nbsp;                                                                 &nbsp;        &nbsp;        
 Combined total revenues (2)                                       $13,909  $13,217  
 &nbsp;                                                                 &nbsp;        &nbsp;        
 Operating income, as reported                                     $4,388   $3,329   
 &nbsp;                                                                 &nbsp;        &nbsp;        
 Core adjusted combined operating income (2)                       $5,281   $5,060   
 &nbsp;                                                                 &nbsp;        &nbsp;        
 Operating ratio, as reported (3)                                  65.0%    62.2%    
 &nbsp;                                                                 &nbsp;        &nbsp;        
 Core adjusted combined operating ratio (2)                        62.0%    61.7%    
 &nbsp;                                                                 &nbsp;        &nbsp;        
 Net income attributable to controlling shareholders, as reported  $3,927   $3,517   
 &nbsp;                                                                 &nbsp;        &nbsp;        
 Core adjusted combined income (2)                                 $3,582   $3,521   
 &nbsp;                                                                 &nbsp;        &nbsp;        
 Diluted earnings per share, as reported                           $4.21    $3.77    
 &nbsp;                                                                 &nbsp;        &nbsp;        
 Core adjusted combined diluted earnings per share (2)             $3.84    $3.77    
 &nbsp;                                                                 &nbsp;        &nbsp;        
1.            Represents combined financial and operating information to
illustrate the estimated effects of the acquisition for the year ended
December 31, 2023, as if the acquisition closed on January 1, 2022. For a full
description and reconciliation see Q4 2023 Unaudited Combined Summary of
Supplemental Data on investor.cpkcr.com          
2.            These measures are Non-GAAP measures, and have no standardized
meanings prescribed by accounting principles generally accepted in the United
States (""GAAP"") and, therefore, may not be comparable to similar measures
presented by other companies. These measures are defined and reconciled in
       Q4 2023 Unaudited Combined Summary of Supplemental Data on our website
at investor.cpkcr.com at investor.cpkcr.com.     
3.            Operating ratio is defined as operating expenses divided by
revenues.
FOUNDED IN PRECISION, BUILT FOR GROWTH,

THE CPKC ADVANTAGE

The CPKC combination has redrawn the North American railroad map and changed
the freight rail industry for the better. Guided by our precision railroading
model, foundations and core values we continue to deliver industry-leading
service. It's a culture of excellence that we adhere to 24/7, 365. Stretching
approximately 20,000 route miles across Canada, the United States and Mexico,
and employing 20,000 railroaders, CPKC provides our customers unparalleled
rail service and network reach to key markets across the continent. While our
playing field has grown, our playbook and commitment to delivering safely and
sustainably for customers and shareholders remains the same.

Welcome to the CPKC Advantage!

2012 - 2016: WE REBUILT THE ENGINE

Streamlined assets

Right-sized resources to optimize our network

Precision railroading

Precision planning and execution to optimize service and control costs

Improved operating performance

Longer, faster trains and less dwell time

Consistent, reliable service

Leveraging our strengths to deliver superior value to our customers

Invested in the network

Upgraded to improve performance and increase capacity

Lowered cost base

Unprecedented margin improvement

Culture of accountability

Railroader attitude:

Do what you said you'll do

Developed the team

Handpicked team.

Best in the business

2017 - 2022: WE LED THE INDUSTRY IN GROWTH

 Diversified book of             Increased capacity           Right culture & team  
 business                        
 Efficiencies and network        
 Balanced portfolio of           Accountable, collaborative,  
 investments mean we have the    
 passionate team of railroaders  
 industries, regions             
 ability to do more              
 &nbsp;                               
 and markets                     &nbsp;                            
 &nbsp;                               &nbsp;                            

Value driven

Disciplined approach to valuing service. We won't commoditize ourselves

Powerful footprint

Strong network with shortest routes to major centers and ability to extend
reach

 Resilient performance        Service innovation             
 Operating model performs in  Supply chain collaboration to  
 upturns and downturns        enhance our service offering   

Disciplined approach

Pursuing the right customers in the right lanes to grow our business

CPKC: THE NEXT CHAPTER

Unique and unrivaled network

Only North American rail network to connect a continent

Best-in-class team

Proven leadership and experience with deep bench strength

Transformational Merger

Injecting new competition into the rail industry

Capacity to grow

Strategic land holdings in key markets

Environmental benefits

Taking trucks off the road and reducing GHG emissions

Value driven

Same disciplined approach to valuing service, applied to a larger network

Powerful synergies

Leveraging our network to develop new markets and drive profitable growth

Compelling value creation

Using our new network to create shareholder value

SAME PLAYBOOK BIGGER PLAYING FIELD
*            3-countryconnectivity     
*            20,000 track miles          
*            30+ ports & 30+ auto facilities          
*            200+ transloads & 90+ shortlines          
*            Unique, strategic land assets
DIVERSIFIED BOOK OF BUSINESS

A powerful base to drive sustainable growth

 Combined Business Mix (1)  Combined Geographic Distribution ( 1)  
 % of 2023 Freight Revenue  % of 2023 Combined Freight Revenue     
 CAPITAL                    &nbsp;                                      

2023 Combined Freight Revenue Variance (1)

% of 2022 Combined Freight Revenue
*              Uniquely positioned with best- in-class service and capacity to
grow       
*              Leveraging our strengths to grow with existing customers and
bring on new business            
*              Stronger margins allow us to compete for new opportunities     
      
*              Continually innovating with long-term partners to help them win
in the marketplace
INVESTMENTS
*              Reinvesting in the business is the first call on cash.         
  
*              Ongoing investments in replacing
 &nbsp;                                     &nbsp;                                        depleted assets ensure the long-term      &nbsp;               
 Bulk                                  &nbsp;                                        &nbsp;                                         34%             Global      22%  
 &nbsp;                                     &nbsp;                                        sustainability of our business.           Asia            19%         
 Grain                                 &nbsp;                                        &nbsp;                                         20%             
 Coal                                  • Network upgrades (new track, longer    3%                                        
 &nbsp;                                     &nbsp;                                        7%                                        Europe          
 Potash                                &nbsp;                                        sidings, CTC) drive further productivity  &nbsp;               
 &nbsp;                                     &nbsp;                                        4%                                        &nbsp;               &nbsp;           
 &nbsp;                                     &nbsp;                                        and capacity improvements.                Cross-Border    41%         
 Fertilizers & Sulphur                 3%                                       Canada to U.S.                            16%             
 &nbsp;                                     &nbsp;                                        &nbsp;                                         &nbsp;               
 &nbsp;                                     • Rolling stock investments include      12%                                       
 Merchandise                           &nbsp;                                        47%                                       U.S. to Mexico  
 &nbsp;                                     &nbsp;                                        locomotive modernization programs and     6%              
 Forest Products                       &nbsp;                                        6%                                        U.S. to Canada  
 &nbsp;                                     Mexico to U.S.                           5%                                        
 &nbsp;                                     &nbsp;                                        investment in our grain hopper fleet.     &nbsp;               
 Energy, Chemicals & Plastics          20%                                      Canada to Mexico                          1%              
 Metals, Minerals & Consumer Products  13%                                      
 Mexico to Canada                      1%                                       
 Automotive                            &nbsp;                                        &nbsp;                                         8%              
 &nbsp;                                     &nbsp;                                        &nbsp;                                         &nbsp;               
 &nbsp;                                     &nbsp;                                        &nbsp;                                         &nbsp;               Domestic    37%  
 Intermodal                            &nbsp;                                        &nbsp;                                         19%             Intra-U.S.  19%  

Grain

Coal

Potash

Fertilizers & Sulphur

Forest Products

Energy, Chemicals &

Plastics

Metals, Minerals & Consumer Products

Automotive

Intermodal

9%

9%

-3%

9%

4%

5%

12%

30%

-9%

 -15%  -5%  5%  15%  25%  35%  

 Domestic       11%  Intra-Canada  15%  
 International  8%   Intra-Mexico  3%   

Total Change +5% Growth

(1) Represents combined financial information to illustrate the estimated
effects of the acquisition for the year ended December 31, 2023, as if the
acquisition closed on January 1, 2022. For a full description and
reconciliation see Q4 2023 Unaudited Combined Summary of Supplemental Data on
investor.cpkcr.com

 Attention : This is an excerpt of the original content. To continue reading it, access the original document here (https://docs.publicnow.com/1B2A378716B3E06BBFDF52E309A45324E1BF65B2).  

Disclaimer

CPKC - Canadian Pacific Kansas City Limited published this content on October
03, 2024 and is solely responsible for the information contained herein.
Distributed by Public, unedited and unaltered, on October 03, 2024 at 19:41:07
UTC.



(C) Copyright 2024 - CPKC - Canadian Pacific Kansas City Limited",urn:newsml:reuters.com:20241003:nNDL8r5TP2:1
"Oct 8 (Reuters) - Unifor said on Tuesday it has
initiated contract negotiations with Canadian Pacific Kansas
City <CP.TO>, just weeks after it opened negotiations with
Canadian National Railway <CNR.TO>.
    The union, representing 1,200 workers at CPKC, will seek to
address key issues affecting rail workers across seventeen
workplaces in Canada.
    Canada is the world's second-largest country by area and
relies heavily on trains to transport a wide range of
commodities and goods. Work stoppages at railroad companies
could bring the nation's economy to a grinding halt, as they did
in August.
    Unifor said its bargaining priorities include ""high levels
of contracting out, forced overtime and strict company policies
that negatively impact work-life balance.""
    In August, the railroad company faced a threat of work
stoppage by the Teamsters Canada Rail Conference Union in one of
the biggest service disruptions in the country.
    The work stoppage came to an end only after the Canadian
government called for a binding arbitration to reach an
agreement over a new contract. Teamsters has filed court
challenges against the rulings.
    
    

 (Reporting by Vallari Srivastava in Bengaluru; Editing by Alan
Barona)
 ((Srivastava.Vallari@thomsonreuters.com))",urn:newsml:reuters.com:20241008:nL4N3LK1RK:2
"October 8, 2024 - The Minister of Labour has appointed three conciliators in
response to Unifor's decision to file a Notice of Dispute who will assist the
parties in reaching an agreement.

The conciliation period will last for 60 days, concluding on December 2, 2024,
followed by a 21-day cooling-off period. There can be no work stoppage before
January 1, 2025, as the collective agreement remains in effect until December
31, 2024.

The Company is pleased to report that discussions to date with Unifor have
been productive. Meetings with the union resume the week of October 21st.

Attachments
*           Original document
(https://www.cn.ca/en/news/2024/10/20241008-unifor-update)         
*           Permalink
(https://www.publicnow.com/view/38D223203276F38A9D299DA6982ECB6E53BCC261)
Disclaimer

CN - Canadian National Railway Company published this content on October 08,
2024, and is solely responsible for the information contained herein.
Distributed by Public, unedited and unaltered, on October 08, 2024 at
18:06:34.510.



(C) Copyright 2024 - CN - Canadian National Railway Company",urn:newsml:reuters.com:20241008:nNDL8fZspw:1
"The text version of this document is not available. You can access the
original document here
(https://docs.publicnow.com/FC3F729EFCBD3EEE998E991DCFD31B1B3CC7ABF0).

Attachments
*           Original document
(https://www.cn.ca/-/media/files/investors/investor-financial-quarterly/investor-financial-quarterly-2024/q3/q3-2024-financial-presentation-en.pdf)
        
*           Permalink
(https://www.publicnow.com/view/FC3F729EFCBD3EEE998E991DCFD31B1B3CC7ABF0)
Disclaimer

CN - Canadian National Railway Company published this content on October 10,
2024, and is solely responsible for the information contained herein.
Distributed by Public, unedited and unaltered, on October 10, 2024 at
15:38:18.880.



(C) Copyright 2024 - CN - Canadian National Railway Company",urn:newsml:reuters.com:20241010:nNDL2jXnzF:1
"The text version of this document is not available. You can access the
original document here
(https://docs.publicnow.com/E46CABC7B15CF33B680EB5C6C2E1C6B68740B46B).

Attachments
*           Original document
(https://www.cn.ca/-/media/files/investors/investor-financial-quarterly/investor-financial-quarterly-2024/q3/q3-2024-non-gaap-measures-en.pdf)
        
*           Permalink
(https://www.publicnow.com/view/E46CABC7B15CF33B680EB5C6C2E1C6B68740B46B)
Disclaimer

CN - Canadian National Railway Company published this content on October 10,
2024, and is solely responsible for the information contained herein.
Distributed by Public, unedited and unaltered, on October 10, 2024 at
15:38:22.440.



(C) Copyright 2024 - CN - Canadian National Railway Company",urn:newsml:reuters.com:20241010:nNDL3v1MXh:1
"The text version of this document is not available. You can access the
original document here
(https://docs.publicnow.com/3EB217E7CB63DDA4FC1B336B8E3FC547E62CD6E3).

Attachments
*           Original document
(https://www.cn.ca/-/media/files/investors/investor-financial-quarterly/investor-financial-quarterly-2024/q3/q3-2024-quarterly-review-en.pdf)
        
*           Permalink
(https://www.publicnow.com/view/3EB217E7CB63DDA4FC1B336B8E3FC547E62CD6E3)
Disclaimer

CN - Canadian National Railway Company published this content on October 10,
2024, and is solely responsible for the information contained herein.
Distributed by Public, unedited and unaltered, on October 10, 2024 at
15:38:16.680.



(C) Copyright 2024 - CN - Canadian National Railway Company",urn:newsml:reuters.com:20241010:nNDLc4dghw:1
